,X,Y,class
0,-24.427303,42.784454,G2
1,-37.01975,40.450195,G2
2,-38.864037,55.74238,G2
3,-44.378082,60.92247,G2
4,3.8226228,23.418873,G2
5,-40.300415,40.5721,G2
6,12.176102,22.866589,G2
7,-10.047816,43.137672,G2
8,-27.248684,48.644142,G2
9,-46.091633,54.772156,G2
10,-29.615269,36.184074,G2
11,-47.11365,41.8666,G2
12,-51.45689,34.591305,G2
13,-28.3289,14.1006155,G2
14,-32.910526,59.97567,G2
15,-41.703438,64.890884,G2
16,-41.36433,34.078804,G2
17,-32.462334,58.734646,G2
18,-58.817886,53.836334,G2
19,-38.306484,14.4589405,G2
20,-29.86149,-32.742367,G2
21,-42.40929,22.47334,G2
22,-39.03071,68.947266,G2
23,-40.664448,66.51484,G2
24,-33.878105,52.10711,G2
25,-60.320244,58.597187,G2
26,-42.95502,45.0505,G2
27,-21.32425,27.764202,G2
28,-37.00281,45.519253,G2
29,-16.928514,13.115552,G2
30,-23.463099,-20.646334,G2
31,-51.49495,65.685936,G2
32,-32.070084,10.2298155,G2
33,-64.304306,49.86809,G2
34,-64.66843,49.778618,G2
35,-27.66761,-31.886126,G2
36,-34.827415,61.110218,G2
37,-21.309547,62.277393,G2
38,-27.534794,55.282845,G2
39,-7.473515,43.61014,G2
40,-24.96584,39.327274,G2
41,-29.26185,45.30665,G2
42,-26.459097,31.140003,G2
43,-23.353378,18.557976,G2
44,-66.0905,54.4866,G2
45,-11.424867,6.5578947,G2
46,-36.686806,41.06278,G2
47,6.224481,31.93257,G2
48,-40.479004,59.160706,G2
49,-38.58939,34.785454,G2
50,-51.469055,35.565804,G2
51,-33.76914,58.266132,G2
52,-60.245033,55.642735,G2
53,-40.814487,60.412395,G2
54,-36.041836,20.264065,G2
55,-43.36786,12.725141,G2
56,-34.438633,51.75917,G2
57,-38.889267,33.063828,G2
58,-45.517963,29.640766,G2
59,-56.828114,63.432125,G2
60,-34.28152,63.577446,G2
61,-50.861,46.499336,G2
62,-22.562033,50.883224,G2
63,-30.488768,27.41035,G2
64,-13.451626,42.391556,G2
65,-31.106562,-31.068962,G2
66,-21.472813,60.126377,G2
67,-24.185722,51.98672,G2
68,-35.01612,21.885288,G2
69,-44.67437,63.43378,G2
70,-2.1018221,48.688023,G2
71,-13.911596,29.224407,G2
72,-46.213123,44.02853,G2
73,-40.403503,22.765486,G2
74,-4.7978234,23.262602,G2
75,-25.383526,-23.99816,G2
76,-15.028928,39.197014,G2
77,-14.853526,-34.586372,G2
78,14.035578,18.711365,G2
79,-63.49844,51.63618,G2
80,-15.973601,52.01841,G2
81,-6.962757,38.395576,G2
82,-3.2265508,46.043903,G2
83,-33.655754,63.905315,G2
84,-3.201897,27.669525,G2
85,3.240398,40.78759,G2
86,-12.743017,40.978592,G2
87,-41.6982,6.539277,G2
88,-32.10659,47.821846,G2
89,-37.294323,44.749195,G2
90,-24.553297,-20.631296,G2
91,-16.577095,50.46965,G2
92,-44.902363,61.27727,G2
93,-21.493364,52.79225,G2
94,-48.080956,67.82356,G2
95,-40.458435,63.038273,G2
96,-27.899406,18.349304,G2
97,-39.774643,41.817722,G2
98,-54.42404,36.427944,G2
99,-45.30499,63.13152,G2
100,-19.507942,42.926968,G2
101,-57.13593,51.053703,G2
102,-54.418217,40.873703,G2
103,-61.992424,46.89387,G2
104,-29.429955,60.904884,G2
105,-44.219433,41.417755,G2
106,-20.170671,38.8036,G2
107,-11.358431,43.48793,G2
108,3.870832,30.5523,G2
109,-24.647093,30.930822,G2
110,-47.218502,53.40701,G2
111,-30.167702,43.75158,G2
112,-31.413412,21.061008,G2
113,-49.860935,55.566715,G2
114,-64.96195,50.775974,G2
115,-38.178326,40.659065,G2
116,-46.634827,42.47748,G2
117,-49.0746,68.26763,G2
118,-31.083786,48.163185,G2
119,-45.5472,53.759224,G2
120,-40.832565,38.567314,G2
121,-56.09365,63.36473,G2
122,-17.778116,59.385693,G2
123,-49.794052,66.6492,G2
124,-48.69025,59.666405,G2
125,-50.5352,40.62572,G2
126,-33.91553,54.70348,G2
127,-32.588596,52.706028,G2
128,-57.701977,38.037167,G2
129,-19.98119,15.537996,G2
130,-61.67507,43.594944,G2
131,-30.71562,46.97873,G2
132,-25.588741,40.27762,G2
133,-38.32135,31.847275,G2
134,-39.986687,43.248966,G2
135,-41.32693,21.209208,G2
136,-51.653576,46.361553,G2
137,-21.137348,62.10058,G2
138,-31.381725,55.356014,G2
139,3.7981884,33.678448,G2
140,-16.496857,-25.134815,G2
141,-34.691547,56.25786,G2
142,-50.976665,70.947,G2
143,-41.649178,31.864231,G2
144,-10.857117,51.402405,G2
145,-51.156914,67.672485,G2
146,-54.294838,56.974026,G2
147,-30.107485,-32.129707,G2
148,-60.32357,48.47635,G2
149,-32.673935,37.076965,G2
150,-22.260984,52.49157,G2
151,-37.888863,12.626673,G2
152,-26.351294,38.394,G2
153,-36.805534,51.070595,G2
154,-30.701937,63.36223,G2
155,-32.39764,52.36583,G2
156,-41.42042,9.267634,G2
157,-45.61221,36.26939,G2
158,3.9469137,-2.7134511,G2
159,-34.907326,36.911682,G2
160,-26.117865,63.348877,G2
161,-21.601942,55.9151,G2
162,-19.45971,50.05619,G2
163,-41.920334,53.05839,G2
164,-5.328966,12.733129,G2
165,-29.785692,14.25328,G2
166,-47.13605,62.337715,G2
167,-25.315063,-23.81537,G2
168,-12.981093,33.775047,G2
169,-39.59292,21.359934,G2
170,-49.78841,24.467388,G2
171,-22.457884,39.184402,G2
172,-47.484283,41.77108,G2
173,-53.99113,54.430576,G2
174,-24.67408,46.343075,G2
175,-35.50933,22.696178,G2
176,-38.96518,20.461863,G2
177,-45.55833,26.898153,G2
178,-21.676134,55.73282,G2
179,-19.445349,58.2578,G2
180,-30.820583,-36.930943,G2
181,-26.378326,49.473324,G2
182,-45.714302,56.82732,G2
183,-60.52339,50.30594,G2
184,-42.807503,64.1099,G2
185,-53.99312,38.984985,G2
186,-62.59071,47.34377,G2
187,-43.098537,46.274372,G2
188,-33.63646,26.089087,G2
189,-21.538992,39.916397,G2
190,-41.618553,68.986946,G2
191,-37.94634,62.15953,G2
192,-46.68107,19.644302,G2
193,-35.07375,25.073664,G2
194,-19.586458,49.921173,G2
195,-31.883928,55.85497,G2
196,-16.715239,49.771786,G2
197,-43.50215,45.341362,G2
198,-24.290636,32.535458,G2
199,-46.81772,63.28631,G2
200,-40.680126,65.712135,G2
201,-49.318184,70.13783,G2
202,-24.41382,28.04621,G2
203,-41.30953,67.42924,G2
204,-42.000065,46.051033,G2
205,-41.53046,9.292436,G2
206,-19.111866,32.701057,G2
207,-62.64322,54.1557,G2
208,-19.15443,36.298206,G2
209,-26.488255,30.02717,G2
210,-49.792118,53.50674,G2
211,-13.784866,30.079782,G2
212,-30.013433,10.282463,G2
213,-40.580875,34.187897,G2
214,-27.53141,52.209892,G2
215,-63.648426,52.505157,G2
216,-27.889097,52.649975,G2
217,-39.795612,58.800556,G2
218,-40.66864,45.513588,G2
219,-49.9985,36.34722,G2
220,-5.1417336,45.44145,G2
221,-33.87694,46.39255,G2
222,-6.1199093,44.90648,G2
223,-3.937891,28.851746,G2
224,-30.231033,58.06382,G2
225,-41.260834,21.267956,G2
226,-51.74146,44.09809,G2
227,-46.68235,54.527836,G2
228,-23.616947,49.087185,G2
229,-25.858564,49.52883,G2
230,-8.079879,51.904007,G2
231,-22.031647,36.649654,G2
232,-59.818497,41.965664,G2
233,-20.668398,57.5609,G2
234,-3.6777985,28.816355,G2
235,-20.430298,25.97654,G2
236,-23.351715,58.272343,G2
237,-46.581818,53.90495,G2
238,-22.341978,-20.432875,G2
239,-38.544388,27.68277,G2
240,-29.89307,-29.648533,G2
241,-55.805866,57.640266,G2
242,-44.22037,54.345848,G2
243,-61.424015,58.25185,G2
244,-3.174252,6.302871,G2
245,-9.401771,47.843502,G2
246,-54.340958,55.802162,G2
247,-40.312187,30.805126,G2
248,-46.463383,30.605606,G2
249,-33.29006,10.729593,G2
250,-44.41657,59.364536,G2
251,-41.068996,27.87377,G2
252,-41.880604,27.43576,G2
253,-63.05169,45.890476,G2
254,-52.08674,44.366814,G2
255,-30.966312,50.69297,G2
256,11.202991,10.467384,G2
257,-10.262828,31.965302,G2
258,-44.323914,20.418781,G2
259,-13.4576435,44.792107,G2
260,-47.505993,23.153862,G2
261,-55.384815,58.96898,G2
262,-39.144596,60.944023,G2
263,-33.17216,35.05155,G2
264,-51.958237,57.174458,G2
265,-17.579033,19.095453,G2
266,-57.423866,59.103256,G2
267,-56.96858,60.27686,G2
268,-29.558943,57.62564,G2
269,-50.650284,65.795456,G2
270,-12.600779,18.83144,G2
271,-64.85821,46.237976,G2
272,-25.473894,16.469425,G2
273,-49.635265,68.39967,G2
274,-12.322901,24.93753,G2
275,-29.156229,33.268017,G2
276,-58.42836,53.69906,G2
277,9.004058,15.824105,G2
278,-2.100921,36.43707,G2
279,-17.217754,35.930943,G2
280,-47.739815,49.615997,G2
281,-54.958687,45.316513,G2
282,-44.257595,57.131317,G2
283,-6.201024,29.041162,G2
284,-41.346066,49.36233,G2
285,-22.397633,53.071472,G2
286,-35.970745,42.74853,G2
287,-37.069954,24.039036,G2
288,-32.59129,-32.639687,G2
289,-32.71809,58.020405,G2
290,-35.839794,59.99486,G2
291,-20.703402,50.835106,G2
292,-42.699383,46.327873,G2
293,-56.691586,55.08589,G2
294,-16.139795,47.35797,G2
295,-51.633034,42.42464,G2
296,-50.223442,50.877064,G2
297,-28.676344,66.012596,G2
298,-19.184034,39.686905,G2
299,-25.813005,15.7000675,G2
300,-51.922417,67.50852,G2
301,-19.397245,28.280113,G2
302,-23.000402,58.32684,G2
303,-28.748302,64.599335,G2
304,-60.77265,55.379673,G2
305,-9.685568,35.47366,G2
306,-14.163519,39.226204,G2
307,-29.9027,54.949078,G2
308,-62.96061,49.457012,G2
309,-57.614388,51.14932,G2
310,-25.17287,32.588295,G2
311,-9.506285,46.75426,G2
312,-63.500607,47.86662,G2
313,-3.6247196,10.508334,G2
314,-23.40848,63.479427,G2
315,-34.663845,49.038742,G2
316,-62.029324,52.40583,G2
317,-28.9759,28.983175,G2
318,-6.0760202,46.95225,G2
319,-46.4843,44.05632,G2
320,-0.6729223,44.20246,G2
321,-19.070312,33.660656,G2
322,-39.73123,34.068985,G2
323,-50.52317,40.367554,G2
324,-17.093456,23.739113,G2
325,-54.00149,41.76248,G2
326,-48.732033,37.812305,G2
327,-1.7089434,29.35364,G2
328,-54.398853,61.196793,G2
329,-26.724026,65.84369,G2
330,-48.40277,56.893562,G2
331,-62.728104,48.757694,G2
332,-61.970123,44.31547,G2
333,-40.5322,59.13946,G2
334,-44.129036,32.596188,G2
335,-36.053802,14.841963,G2
336,-44.531006,51.051403,G2
337,-18.009579,3.0624225,G2
338,-63.183365,43.23174,G2
339,-42.29095,42.657707,G2
340,-46.369816,45.37615,G2
341,-57.1944,37.52208,G2
342,-40.037567,23.750841,G2
343,-63.0922,42.291126,G2
344,-33.34575,60.085144,G2
345,-32.815346,17.195412,G2
346,-1.5748167,41.868233,G2
347,-20.89639,18.383532,G2
348,-35.77749,49.41735,G2
349,-63.737633,52.285473,G2
350,-53.571693,49.44916,G2
351,-45.216007,65.36943,G2
352,-16.408613,-0.7020333,G2
353,-16.774574,34.118023,G2
354,-15.5376215,37.212105,G2
355,-14.784451,50.63274,G2
356,-2.3281083,4.98834,G2
357,-67.0852,53.22231,G2
358,-39.827305,42.143494,G2
359,-13.648384,26.221428,G2
360,-9.401747,29.164133,G2
361,-20.36522,47.338505,G2
362,-25.972523,51.22219,G2
363,-56.72989,57.965515,G2
364,-26.757034,59.227047,G2
365,-31.742905,-35.728252,G2
366,-51.388515,57.517426,G2
367,-37.89653,55.475452,G2
368,-49.929424,62.24399,G2
369,-30.74537,32.577877,G2
370,-32.881725,45.17393,G2
371,-44.054344,48.94288,G2
372,-10.683424,52.54785,G2
373,-41.74039,49.517525,G2
374,-59.07499,42.43962,G2
375,-59.132854,50.056393,G2
376,-20.307379,50.449993,G2
377,-10.332761,43.248543,G2
378,-23.785803,63.699604,G2
379,-61.308853,33.89768,G2
380,-42.811066,56.78559,G2
381,-40.18616,31.356842,G2
382,-10.968888,52.26266,G2
383,-37.368355,25.206032,G2
384,-62.789936,44.7656,G2
385,-14.019848,32.77853,G2
386,-60.95888,54.62888,G2
387,-28.361183,38.06268,G2
388,-19.880503,58.800636,G2
389,-56.32358,59.247242,G2
390,-52.33545,55.376316,G2
391,-25.387707,42.620926,G2
392,-32.126953,50.062645,G2
393,-65.901054,50.23699,G2
394,-27.013336,26.969938,G2
395,-28.654484,66.39787,G2
396,-33.626427,63.345127,G2
397,-58.79441,49.17884,G2
398,-56.369816,45.56299,G2
399,-16.087805,52.17648,G2
400,-37.84268,63.944782,G2
401,-24.110916,-20.73352,G2
402,-30.092897,50.295788,G2
403,-29.104614,-36.244846,G2
404,-38.819157,13.147104,G2
405,-45.205345,34.63957,G2
406,-25.871042,58.9218,G2
407,-54.292526,60.362114,G2
408,-48.550465,34.183006,G2
409,-6.89256,-2.7015605,G2
410,-31.426157,53.99759,G2
411,-23.84229,27.186277,G2
412,-50.03769,59.568645,G2
413,-52.09761,51.650127,G2
414,-19.807528,29.476267,G2
415,-49.148342,25.720121,G2
416,-46.92926,61.885124,G2
417,-51.51228,69.996506,G2
418,-61.80273,44.442104,G2
419,-16.82212,49.718575,G2
420,-25.258362,60.161358,G2
421,-57.243702,39.085434,G2
422,-11.5942,41.12205,G2
423,1.5493678,46.8933,G2
424,-53.879818,36.235733,G2
425,-28.772886,67.24087,G2
426,-8.261207,13.721989,G2
427,-18.17786,50.095505,G2
428,-27.737906,-30.821623,G2
429,-46.02003,61.18015,G2
430,8.261685,33.620056,G2
431,-20.973976,31.603718,G2
432,-57.132835,62.506985,G2
433,-49.597706,53.197166,G2
434,-24.898003,58.42076,G2
435,-17.408155,29.80442,G2
436,-10.7013035,39.61433,G2
437,-59.666515,51.313446,G2
438,-35.535484,58.112453,G2
439,-40.050274,43.13854,G2
440,-4.5517883,23.795689,G2
441,-15.744461,40.710354,G2
442,-45.56803,53.795574,G2
443,-22.631313,-26.633512,G2
444,-37.381508,14.614954,G2
445,-58.71835,50.43225,G2
446,-25.28729,6.04681,G2
447,-42.035828,42.639973,G2
448,-27.953705,23.714945,G2
449,-37.53518,34.222107,G2
450,17.442503,25.87768,G2
451,-25.693445,6.0420017,G2
452,-39.553776,67.84073,G2
453,-17.887054,33.905704,G2
454,-42.727356,63.928318,G2
455,-57.94746,55.905235,G2
456,-30.959684,22.95727,G2
457,-57.0442,41.481995,G2
458,-23.62218,23.727472,G2
459,-25.325962,42.7801,G2
460,-26.788218,46.590397,G2
461,-34.152924,20.229149,G2
462,-12.175301,44.802933,G2
463,-40.105213,61.902702,G2
464,-56.211853,54.7131,G2
465,-33.98862,21.818571,G2
466,-16.202751,41.064766,G2
467,-43.024628,53.914936,G2
468,-23.297941,33.081608,G2
469,-34.14845,62.725662,G2
470,-55.412548,51.79038,G2
471,-5.4459047,1.963306,G2
472,-17.952047,29.011887,G2
473,-31.620735,40.712864,G2
474,-21.990393,39.34292,G2
475,-40.582565,62.76324,G2
476,-34.178314,58.75502,G2
477,-47.04654,25.777256,G2
478,-53.25779,57.376698,G2
479,-22.556984,45.483337,G2
480,-28.583727,28.275408,G2
481,-25.832342,-24.28084,G2
482,-24.608381,39.36778,G2
483,-63.480896,47.829525,G2
484,-51.158516,52.95101,G2
485,-42.599148,51.986935,G2
486,-65.29589,47.289963,G2
487,-58.64461,45.44273,G2
488,-22.174847,15.904065,G2
489,-40.214733,41.428387,G2
490,-61.934814,57.894543,G2
491,-2.3395734,26.467945,G2
492,-56.28628,45.5177,G2
493,-26.800293,-27.97953,G2
494,-22.104988,50.364403,G2
495,-44.58286,50.288277,G2
496,-21.076218,48.658115,G2
497,-29.056982,32.882233,G2
498,-57.038113,37.711655,G2
499,-34.98721,15.471901,G2
500,-53.77574,60.69835,G2
501,-33.397015,35.443367,G2
502,-11.725823,43.365215,G2
503,-42.888924,32.306107,G2
504,-60.549324,47.82832,G2
505,-52.303917,42.64695,G2
506,-29.513153,63.213696,G2
507,-62.882095,50.004356,G2
508,-59.091946,53.95577,G2
509,-30.725878,33.66635,G2
510,-66.744225,51.237213,G2
511,-46.592846,60.20909,G2
512,-24.91787,60.1037,G2
513,-50.38627,69.32553,G2
514,-24.838226,64.720055,G2
515,-41.137825,18.453733,G2
516,-62.175034,42.16027,G2
517,-51.478203,56.541733,G2
518,-37.392254,63.466747,G2
519,-21.731705,45.92486,G2
520,-13.685601,45.95228,G2
521,-18.067993,32.854916,G2
522,-48.285618,37.318733,G2
523,-66.168526,46.888306,G2
524,-49.503857,23.35567,G2
525,-52.263042,70.867195,G2
526,-10.294738,7.6130323,G2
527,-3.986488,-0.8325707,G2
528,-57.229027,58.9738,G2
529,-51.818405,70.59867,G2
530,-52.836266,45.96829,G2
531,-44.730503,55.356487,G2
532,-38.35698,23.540714,G2
533,-54.722466,54.06165,G2
534,-40.830067,67.13725,G2
535,-26.09315,65.18898,G2
536,-13.145493,46.21978,G2
537,-48.279472,68.65089,G2
538,-25.553219,57.74584,G2
539,-26.870522,-28.335945,G2
540,-35.207474,59.784233,G2
541,-33.17986,58.8202,G2
542,-38.836704,39.074345,G2
543,-60.1401,58.9057,G2
544,-22.7529,-26.360973,G2
545,-32.816376,64.64072,G2
546,-23.920671,-32.68279,G2
547,-52.494534,44.204437,G2
548,-32.82686,62.587715,G2
549,-64.91011,49.470676,G2
550,-30.07401,32.758564,G2
551,-32.02807,50.92355,G2
552,-57.954216,47.433014,G2
553,-57.981686,49.13579,G2
554,-58.390797,47.827457,G2
555,-12.522015,40.085056,G2
556,-44.810596,49.71918,G2
557,-25.150864,14.743384,G2
558,-60.609333,51.350933,G2
559,-2.3723774,45.382706,G2
560,-38.691517,43.30288,G2
561,-57.212223,63.554173,G2
562,-60.62628,49.62819,G2
563,-43.74242,38.278957,G2
564,-39.170647,63.6302,G2
565,2.508828,34.177643,G2
566,-26.125248,51.189156,G2
567,-37.0652,12.967203,G2
568,-41.36898,67.34396,G2
569,-48.108242,31.254108,G2
570,-20.935875,59.909462,G2
571,-22.76139,-20.759346,G2
572,-45.367443,64.3993,G2
573,-34.933117,23.45025,G2
574,-14.080823,47.045246,G2
575,-62.61582,42.059414,G2
576,-29.352057,60.554688,G2
577,-37.52615,55.274075,G2
578,-40.7747,34.850857,G2
579,-42.620102,52.716602,G2
580,-39.183983,56.232918,G2
581,-28.355047,34.53213,G2
582,-39.50686,63.183395,G2
583,-1.2274275,31.569763,G2
584,-38.765812,61.874413,G2
585,-47.188107,58.592205,G2
586,-55.75474,55.51133,G2
587,6.9733667,22.348995,G2
588,-40.156456,36.055527,G2
589,-45.18373,55.73304,G2
590,-48.900932,30.04575,G2
591,-54.140865,58.60715,G2
592,-33.35206,54.41299,G2
593,-41.0802,38.4203,G2
594,-41.059746,49.91499,G2
595,-14.992113,29.767895,G2
596,-16.20559,35.027317,G2
597,-25.332125,38.228687,G2
598,-50.188084,55.65496,G2
599,-59.30202,44.432945,G2
600,-29.483448,43.89452,G2
601,-14.974432,49.787743,G2
602,-44.425724,65.54472,G2
603,-38.27303,61.321457,G2
604,4.8560743,18.361212,G2
605,-59.393497,44.759552,G2
606,-35.736095,13.76642,G2
607,-36.60921,63.035374,G2
608,-39.944046,69.800285,G2
609,-45.624508,17.213017,G2
610,-38.965546,68.891304,G2
611,-20.635406,34.21211,G2
612,-18.981503,36.704483,G2
613,-30.186563,47.911507,G2
614,-33.849396,48.131474,G2
615,-24.732615,52.154602,G2
616,-29.192467,6.148981,G2
617,-39.743,25.792212,G2
618,-54.775887,50.78915,G2
619,-7.8490114,51.838196,G2
620,-55.414173,36.672337,G2
621,-44.94696,68.116196,G2
622,-67.68717,44.459164,G2
623,-54.579754,45.293404,G2
624,-57.106186,52.87029,G2
625,-33.79352,36.300056,G2
626,-28.228788,12.731332,G2
627,-54.995556,54.211018,G2
628,-32.731953,45.713917,G2
629,-47.280376,23.158695,G2
630,-17.862265,26.951544,G2
631,-41.105232,21.751118,G2
632,-34.384613,66.30889,G2
633,-16.73717,48.000935,G2
634,-32.685074,61.113903,G2
635,-47.61272,56.36275,G2
636,-22.10255,60.389114,G2
637,-15.296898,0.38722417,G2
638,-57.683773,42.16827,G2
639,-54.989597,55.256145,G2
640,-5.146351,30.298431,G2
641,-61.894737,51.95299,G2
642,-5.124239,48.669464,G2
643,-29.364807,34.826553,G2
644,-17.929039,12.764239,G2
645,5.185526,15.794384,G2
646,-24.067558,24.515253,G2
647,-29.39695,45.00193,G2
648,-37.31025,51.066746,G2
649,-23.09479,31.163988,G2
650,-40.232506,69.07463,G2
651,-46.977455,45.940113,G2
652,-35.032528,52.18157,G2
653,-47.922073,43.711708,G2
654,-43.352985,25.442308,G2
655,-44.71614,33.94131,G2
656,-31.4641,47.777027,G2
657,-38.34163,56.31412,G2
658,-30.856287,5.7215047,G2
659,-26.003101,63.790287,G2
660,-24.267248,11.355873,G2
661,-50.66492,65.26331,G2
662,-29.399265,53.011086,G2
663,-28.538834,-33.771217,G2
664,-67.62437,44.45066,G2
665,-19.33487,41.387604,G2
666,-6.900583,51.629295,G2
667,-35.968334,41.40124,G2
668,-12.856985,29.861599,G2
669,-49.575752,54.74639,G2
670,-29.115253,12.946285,G2
671,-21.397299,48.328953,G2
672,-9.422075,28.909851,G2
673,-33.438442,46.247856,G2
674,-22.383375,46.109158,G2
675,-17.157297,42.424717,G2
676,-26.439823,53.293682,G2
677,-56.95461,57.434307,G2
678,-18.776049,35.046146,G2
679,-59.910503,41.79126,G2
680,-53.000565,31.75106,G2
681,-15.3464365,14.5271435,G2
682,-28.09225,27.74957,G2
683,-44.80134,44.585953,G2
684,-46.3911,49.872868,G2
685,-57.75519,40.931038,G2
686,-38.34072,67.50505,G2
687,-40.82121,40.61448,G2
688,-43.47381,55.149982,G2
689,-44.71262,44.539856,G2
690,-43.73096,48.725296,G2
691,-37.984684,52.078,G2
692,-8.366959,12.890402,G2
693,-8.443373,49.371956,G2
694,-37.829426,34.173225,G2
695,-15.860574,48.864826,G2
696,-60.93055,49.040974,G2
697,-44.355736,47.073616,G2
698,-6.431475,-3.2870212,G2
699,-38.025597,56.93063,G2
700,-27.49894,59.293495,G2
701,-18.971443,46.498238,G2
702,-62.509693,54.441746,G2
703,-23.241693,47.34588,G2
704,-66.28958,54.262173,G2
705,-31.41509,62.908775,G2
706,-19.08608,56.636917,G2
707,-39.964947,45.59477,G2
708,-54.66546,53.722603,G2
709,-14.248985,38.133717,G2
710,-19.879454,30.192072,G2
711,-11.804697,-30.510885,G2
712,-51.84743,64.717636,G2
713,-49.20068,68.60229,G2
714,-22.471785,39.958904,G2
715,-41.283703,25.92243,G2
716,-49.05274,25.644243,G2
717,-54.085327,39.14311,G2
718,-31.9869,24.628267,G2
719,-46.265797,50.3248,G2
720,-32.76409,17.152658,G2
721,-15.516591,49.74558,G2
722,-38.562138,68.749985,G2
723,-36.499855,36.272438,G2
724,-31.287909,50.92826,G2
725,-23.05804,21.83281,G2
726,-39.626404,58.541523,G2
727,-51.764557,49.443893,G2
728,-19.345785,27.315798,G2
729,-15.408864,14.921406,G2
730,-36.43996,65.55365,G2
731,-53.70242,44.40438,G2
732,5.299235,12.866575,G2
733,-54.827057,47.146175,G2
734,-10.494131,53.138123,G2
735,-48.18307,36.27084,G2
736,-29.701504,6.096268,G2
737,-44.595577,59.54009,G2
738,-30.355782,-30.035261,G2
739,-45.235233,54.93437,G2
740,-25.951952,7.9395275,G2
741,-15.880148,27.45109,G2
742,-6.647525,48.40846,G2
743,-47.54158,44.010857,G2
744,-28.696514,-30.762718,G2
745,-21.369944,35.170242,G2
746,-50.896408,41.570045,G2
747,-42.95316,20.59363,G2
748,-53.853107,49.89991,G2
749,-67.00609,46.56146,G2
750,-48.265068,65.134,G2
751,-52.041527,67.250916,G2
752,-48.008198,60.448364,G2
753,-19.561026,21.37209,G2
754,-45.39466,21.892324,G2
755,-45.003944,68.60365,G2
756,-19.829418,26.27839,G2
757,-47.240368,59.951397,G2
758,-61.023636,54.531956,G2
759,-19.167921,59.787056,G2
760,-46.61394,60.618443,G2
761,-35.030666,37.339455,G2
762,-23.272,36.936817,G2
763,-5.249093,52.194965,G2
764,-66.67929,50.532143,G2
765,-40.66461,28.091198,G2
766,-3.9868426,-22.694952,G2
767,-38.946762,12.931513,G2
768,29.234512,20.399094,G2
769,-51.18793,27.11308,G2
770,-48.553616,47.99104,G2
771,-47.846355,62.5176,G2
772,-32.50648,37.08465,G2
773,-54.43391,56.772373,G2
774,-24.641907,62.53009,G2
775,-47.522343,51.615166,G2
776,-51.178917,24.14338,G2
777,-46.818733,49.63367,G2
778,-14.587473,30.40849,G2
779,-56.34478,53.993458,G2
780,-33.767117,62.942173,G2
781,-53.40852,31.844288,G2
782,-9.57388,23.77429,G2
783,-51.96826,40.4069,G2
784,-19.57862,42.725014,G2
785,-61.287613,33.852562,G2
786,-45.879635,46.94406,G2
787,-14.602644,40.505783,G2
788,-7.893692,46.622807,G2
789,-36.884674,29.1076,G2
790,-27.158108,57.423977,G2
791,-65.05241,50.121273,G2
792,-50.976307,57.489655,G2
793,-41.56884,13.097995,G2
794,-21.977594,36.410805,G2
795,-51.843838,44.742294,G2
796,-25.868277,37.919937,G2
797,-50.599846,34.19379,G2
798,-1.9060147,30.123297,G2
799,-7.2969456,42.79404,G2
800,-8.109861,17.652643,G2
801,-18.714518,27.1561,G2
802,-7.1687837,45.63665,G2
803,-31.262152,53.995613,G2
804,-47.426655,63.448063,G2
805,-21.262331,35.249363,G2
806,-30.757551,9.171766,G2
807,-41.454693,13.854924,G2
808,-45.069557,42.793762,G2
809,-49.98005,23.091106,G2
810,-36.58951,37.9112,G2
811,-47.877384,66.77353,G2
812,4.119009,37.23376,G2
813,-46.75982,51.483025,G2
814,-46.29723,42.335426,G2
815,-3.5929391,1.2263834,G2
816,-38.825397,66.050674,G2
817,-19.334803,38.424294,G2
818,-25.116735,62.889416,G2
819,-39.473385,56.37125,G2
820,4.625206,23.238798,G2
821,-59.57593,57.830162,G2
822,-50.52663,43.414433,G2
823,-26.654608,-22.244192,G2
824,-36.666653,35.897392,G2
825,-48.989178,60.864643,G2
826,-43.34614,64.919395,G2
827,-56.356834,49.606224,G2
828,-35.424015,63.81773,G2
829,-24.835535,30.271866,G2
830,-65.99371,54.903847,G2
831,-36.370922,28.567587,G2
832,-47.910366,36.171104,G2
833,-15.026826,15.926798,G2
834,-47.500652,37.51484,G2
835,-31.231508,-37.58019,G2
836,-3.6243243,48.37567,G2
837,-10.227053,51.75739,G2
838,10.257823,7.8154593,G2
839,-46.359566,28.389956,G2
840,-14.951189,35.071396,G2
841,-55.63685,49.983334,G2
842,-30.311867,58.173004,G2
843,-31.837164,15.422241,G2
844,-28.382292,40.60069,G2
845,-34.433693,49.39593,G2
846,-26.550749,-31.905033,G2
847,-37.00982,21.581339,G2
848,-42.958244,49.85947,G2
849,-38.52994,10.769918,G2
850,-21.863836,50.223206,G2
851,-23.77993,40.11749,G2
852,-37.899895,63.658974,G2
853,-30.492168,54.246628,G2
854,-24.72453,27.043966,G2
855,-40.085896,46.448452,G2
856,-56.41341,47.890266,G2
857,-29.388283,43.185238,G2
858,-37.64744,50.919353,G2
859,2.8238962,40.756958,G2
860,18.07038,-63.051018,G1
861,45.326122,-20.112299,G1
862,17.60774,-57.565315,G1
863,48.342278,-40.27728,G1
864,18.237375,-13.809155,G1
865,-3.533364,-41.825672,G1
866,18.991697,-11.547063,G1
867,23.07822,12.303426,G1
868,12.9255705,4.4619236,G1
869,12.418653,-22.45257,G1
870,7.891005,-70.241005,G1
871,-8.002721,-45.71508,G1
872,37.769028,-19.546827,G1
873,30.814068,3.22371,G1
874,39.688015,-61.893967,G1
875,32.029842,-23.736391,G1
876,12.240526,-13.200663,G1
877,27.530413,-67.611626,G1
878,40.340904,-18.885515,G1
879,51.68408,-25.142698,G1
880,9.708233,-77.39823,G1
881,45.504337,-50.49447,G1
882,34.97826,-69.285034,G1
883,20.17643,-68.0057,G1
884,16.39429,-9.950903,G1
885,30.583551,-52.679146,G1
886,-3.0350063,-58.97225,G1
887,-3.9279733,-21.972279,G1
888,4.261634,-31.76791,G1
889,25.015429,-53.26805,G1
890,20.64225,-53.0,G1
891,-33.89005,-36.23636,G1
892,9.471103,-74.32711,G1
893,-0.7615328,-54.452827,G1
894,40.594486,-23.087381,G1
895,14.863328,-57.547146,G1
896,20.916792,-54.50866,G1
897,-5.138148,-17.245558,G1
898,14.038743,-44.22056,G1
899,-7.038115,-48.60561,G1
900,0.55875456,-51.886623,G1
901,34.96369,-64.062775,G1
902,36.218662,-46.21012,G1
903,10.849361,-60.632885,G1
904,45.97389,-1.408855,G1
905,37.126915,-22.430082,G1
906,6.260251,-32.524532,G1
907,7.293264,13.081014,G1
908,-36.021725,8.569931,G1
909,-0.4683021,-34.774834,G1
910,20.63521,-73.63295,G1
911,-17.266893,-36.907883,G1
912,12.948413,18.596666,G1
913,7.3980675,-42.69851,G1
914,45.915703,-1.4038299,G1
915,-10.0068,-32.02474,G1
916,20.20902,-21.52045,G1
917,33.485573,-70.34295,G1
918,1.8401325,-44.862717,G1
919,17.425325,-31.246489,G1
920,37.68493,-68.66395,G1
921,-12.408424,-6.3607664,G1
922,20.713236,-34.660114,G1
923,34.968407,-32.43786,G1
924,47.650517,-33.587612,G1
925,1.5212723,-20.026768,G1
926,28.247952,-22.153193,G1
927,47.323963,-14.30035,G1
928,9.747676,-53.646015,G1
929,14.312902,7.981117,G1
930,29.113068,-55.30469,G1
931,23.167475,-10.047085,G1
932,19.498814,-22.75139,G1
933,-4.529091,-40.86313,G1
934,22.695902,-22.136055,G1
935,5.18483,-63.430603,G1
936,12.153056,-44.150856,G1
937,16.040321,-50.537403,G1
938,30.476135,-38.307976,G1
939,6.9446187,-48.869038,G1
940,24.153141,-56.87006,G1
941,2.9882357,-45.003155,G1
942,30.240803,-3.2656746,G1
943,35.75921,11.454056,G1
944,11.573602,-48.033348,G1
945,20.565628,-4.2739525,G1
946,24.818907,-61.2528,G1
947,2.27679,-1.4270878,G1
948,-9.297745,-52.819107,G1
949,2.7126522,-11.835586,G1
950,43.553185,-7.9820776,G1
951,34.035107,-20.037783,G1
952,50.726414,-36.53943,G1
953,25.075487,-51.434566,G1
954,11.465992,0.30267477,G1
955,-26.21787,-24.6668,G1
956,41.750874,-62.988846,G1
957,36.834743,-1.8247162,G1
958,12.743149,29.334345,G1
959,22.383816,1.4889934,G1
960,30.190226,-52.56945,G1
961,14.233828,-16.950891,G1
962,22.378471,-45.98734,G1
963,36.735287,-67.93449,G1
964,5.321691,3.8775005,G1
965,26.507843,6.666337,G1
966,21.056938,-79.228584,G1
967,43.97201,-32.171234,G1
968,21.196592,-74.34107,G1
969,33.072216,-26.051197,G1
970,53.44527,-27.867706,G1
971,-5.6536856,-26.73411,G1
972,22.14833,-33.900127,G1
973,20.279736,-16.513428,G1
974,40.95547,-36.27313,G1
975,37.186245,-51.075108,G1
976,8.353975,11.605039,G1
977,45.897846,-22.758999,G1
978,1.3645145,-35.089493,G1
979,-5.79331,-25.60274,G1
980,28.6376,-58.660545,G1
981,14.251596,-65.208755,G1
982,20.884245,-21.695227,G1
983,14.769519,-52.500214,G1
984,11.453803,-39.71232,G1
985,32.541832,-18.19467,G1
986,3.1089814,-7.0457993,G1
987,7.814427,-56.01047,G1
988,-11.698635,-41.559677,G1
989,15.584399,11.619686,G1
990,49.401344,-20.737083,G1
991,10.279973,-53.630203,G1
992,37.74155,-0.6575594,G1
993,34.502247,-66.43605,G1
994,12.570572,12.585818,G1
995,-5.1121016,22.956627,G1
996,5.2222834,-35.462776,G1
997,26.785578,-75.20151,G1
998,29.305202,2.5414793,G1
999,14.610519,-69.36214,G1
1000,-14.70492,-40.02441,G1
1001,18.449585,-5.2685614,G1
1002,34.885246,5.2590084,G1
1003,12.598579,-47.568325,G1
1004,16.35961,-58.64567,G1
1005,44.31956,5.173688,G1
1006,47.19665,-13.952467,G1
1007,37.71081,-8.902811,G1
1008,-9.22589,-41.24943,G1
1009,28.104837,-55.564423,G1
1010,17.996096,-63.369835,G1
1011,27.86782,-68.69249,G1
1012,20.311893,-48.75658,G1
1013,27.553059,-37.40709,G1
1014,10.113503,-72.389305,G1
1015,-12.348043,-38.389133,G1
1016,27.053467,-10.375855,G1
1017,35.447437,13.464114,G1
1018,54.890038,-21.490238,G1
1019,30.722322,-19.876328,G1
1020,19.58379,-20.277308,G1
1021,9.442081,-41.938084,G1
1022,-7.2830687,-43.668255,G1
1023,-2.6887524,-51.374363,G1
1024,21.007597,-64.96953,G1
1025,-7.104227,-44.48431,G1
1026,17.35245,-60.877987,G1
1027,39.324272,-51.77338,G1
1028,-32.19496,-34.363045,G1
1029,7.8958926,-43.5057,G1
1030,-17.611656,7.4064584,G1
1031,36.24009,-56.081264,G1
1032,8.692189,-57.88777,G1
1033,13.920514,-63.026855,G1
1034,27.64016,-56.16114,G1
1035,-7.9859724,-47.40136,G1
1036,38.513447,-45.930004,G1
1037,18.931492,-43.60396,G1
1038,-14.103758,-23.402876,G1
1039,1.3986201,7.209909,G1
1040,26.019913,-59.455677,G1
1041,-11.551212,-32.920296,G1
1042,35.81353,-31.48383,G1
1043,46.59398,-19.964117,G1
1044,27.910961,-16.53142,G1
1045,15.160038,-65.04244,G1
1046,27.040054,-34.074932,G1
1047,12.19769,-63.698322,G1
1048,-5.034123,-24.049486,G1
1049,26.407568,-34.012043,G1
1050,13.508012,-54.233494,G1
1051,21.233145,-50.968204,G1
1052,27.149908,-16.695736,G1
1053,1.4111787,6.935718,G1
1054,12.589036,-43.624905,G1
1055,27.48921,-26.968319,G1
1056,18.311089,-55.381958,G1
1057,9.217553,-54.717735,G1
1058,38.510094,-24.113966,G1
1059,26.471233,-48.062954,G1
1060,13.919743,-43.01964,G1
1061,48.53546,-35.878475,G1
1062,36.414066,-30.977566,G1
1063,29.13897,-22.72343,G1
1064,10.275968,1.3012501,G1
1065,21.320509,-43.70177,G1
1066,46.13022,-9.774163,G1
1067,9.418148,-73.68102,G1
1068,10.6568,-63.16325,G1
1069,-11.608669,-30.647516,G1
1070,17.403143,2.9242172,G1
1071,26.493849,-36.38973,G1
1072,31.910229,-28.349707,G1
1073,15.7156105,-68.63122,G1
1074,29.559044,-41.037674,G1
1075,-25.134188,-32.94568,G1
1076,17.53352,0.32162,G1
1077,6.818162,-35.040394,G1
1078,39.300907,-37.912163,G1
1079,6.694958,-22.254627,G1
1080,19.787737,-62.189312,G1
1081,23.381624,-73.05882,G1
1082,13.6628,-65.87587,G1
1083,43.360664,-27.196543,G1
1084,49.553295,-19.508368,G1
1085,50.95001,-36.18728,G1
1086,18.858335,-44.38674,G1
1087,-11.585173,-42.08848,G1
1088,8.520254,40.908836,G1
1089,-30.136694,-33.98391,G1
1090,1.4535859,-27.820955,G1
1091,14.840676,-2.3509853,G1
1092,-31.510054,-39.11616,G1
1093,7.3483887,-18.515633,G1
1094,12.523882,-28.4046,G1
1095,-27.39731,-33.376987,G1
1096,40.19719,-21.072714,G1
1097,10.397104,-71.48104,G1
1098,10.815977,-64.44046,G1
1099,31.652763,-17.996483,G1
1100,44.48796,-48.450867,G1
1101,8.893327,-29.749523,G1
1102,47.7322,-8.077948,G1
1103,28.186535,-52.91463,G1
1104,53.50751,-27.98461,G1
1105,36.661865,-10.827083,G1
1106,-7.626311,-36.862507,G1
1107,27.350857,-73.20992,G1
1108,-7.5762515,-34.61379,G1
1109,38.866802,-45.168686,G1
1110,-9.001306,-26.646307,G1
1111,11.057502,-20.32922,G1
1112,39.726196,-37.69273,G1
1113,42.904694,-9.232285,G1
1114,8.517712,-30.673876,G1
1115,21.030224,-65.0059,G1
1116,43.91358,5.114991,G1
1117,31.932257,-71.540344,G1
1118,48.13733,-5.9654593,G1
1119,27.783594,-6.1411414,G1
1120,23.224037,-17.482416,G1
1121,8.571742,-17.56651,G1
1122,-6.804173,-0.38510925,G1
1123,7.338282,-62.39849,G1
1124,34.53859,-37.810955,G1
1125,-12.369319,-6.1379037,G1
1126,29.495543,7.084481,G1
1127,-13.337911,-12.647978,G1
1128,35.22537,-48.67894,G1
1129,28.11075,-68.47257,G1
1130,37.43123,-28.805994,G1
1131,-0.45873573,-60.51922,G1
1132,42.50118,-22.270247,G1
1133,20.520947,11.487594,G1
1134,-7.6881537,8.318752,G1
1135,-2.6060495,-43.22357,G1
1136,50.52022,-14.422362,G1
1137,9.625738,-16.699436,G1
1138,20.965418,-33.27558,G1
1139,14.45901,-39.5001,G1
1140,48.538784,-40.411808,G1
1141,43.41522,-27.326006,G1
1142,15.334341,-75.02721,G1
1143,13.580365,-23.861635,G1
1144,9.4616785,-32.11062,G1
1145,16.369036,-61.498653,G1
1146,22.447962,-45.199432,G1
1147,25.358353,-49.174896,G1
1148,26.257463,-64.39589,G1
1149,31.570927,-20.308361,G1
1150,-7.9581833,-29.94482,G1
1151,-2.6065161,-38.685833,G1
1152,34.24657,-72.186035,G1
1153,42.372433,-10.878136,G1
1154,23.062916,-79.557465,G1
1155,44.460068,-20.8984,G1
1156,17.20601,-62.566395,G1
1157,-0.33524582,-30.053995,G1
1158,19.025726,-60.132584,G1
1159,27.190073,-48.102882,G1
1160,35.79502,-73.92324,G1
1161,-4.3263273,-38.165855,G1
1162,-14.111865,-29.668518,G1
1163,2.9750779,-36.36622,G1
1164,-11.0945,-38.3236,G1
1165,14.81963,-27.726841,G1
1166,34.961567,-26.202036,G1
1167,28.443203,-31.116903,G1
1168,5.205564,-40.970245,G1
1169,-1.1360438,-26.806417,G1
1170,18.098587,-13.761527,G1
1171,17.38659,-49.380672,G1
1172,24.05697,-25.882717,G1
1173,16.541664,-10.272939,G1
1174,9.011398,-31.784946,G1
1175,42.267776,-52.29344,G1
1176,7.2044277,-37.377014,G1
1177,17.811684,-53.729965,G1
1178,7.239911,-32.892197,G1
1179,35.091816,-43.043217,G1
1180,20.168468,-13.03376,G1
1181,13.89639,-64.550285,G1
1182,22.293976,16.4331,G1
1183,3.5330663,-6.9626155,G1
1184,34.961304,-65.676,G1
1185,2.5323942,-12.31541,G1
1186,5.9943814,-8.18404,G1
1187,33.760937,-5.1680627,G1
1188,-19.531115,-37.139355,G1
1189,16.079098,14.249979,G1
1190,18.872082,-42.4143,G1
1191,15.962111,-15.2287035,G1
1192,23.662888,-44.582188,G1
1193,9.112355,-24.515503,G1
1194,12.52237,-66.860565,G1
1195,-0.7653372,-26.891275,G1
1196,12.565448,-67.08128,G1
1197,50.86008,-39.126755,G1
1198,40.08476,-34.99116,G1
1199,28.217165,-32.610573,G1
1200,-20.240135,8.728077,G1
1201,4.0836067,-59.25447,G1
1202,1.4743055,-55.779583,G1
1203,22.500017,-7.1457825,G1
1204,26.381245,-30.96088,G1
1205,-32.358395,-39.869347,G1
1206,31.096195,11.647382,G1
1207,37.251663,-21.536392,G1
1208,9.177654,-49.36515,G1
1209,29.495438,-63.69477,G1
1210,43.06244,4.533617,G1
1211,36.172226,-1.339497,G1
1212,44.625576,-19.504873,G1
1213,48.2307,-29.09868,G1
1214,7.5340385,0.48957077,G1
1215,17.083773,-43.430565,G1
1216,27.0546,-53.439117,G1
1217,39.96412,-39.455017,G1
1218,24.863533,-42.677303,G1
1219,12.273414,17.630934,G1
1220,40.50006,-51.02905,G1
1221,41.098293,-18.928978,G1
1222,23.89123,-52.283855,G1
1223,-34.139812,-37.960815,G1
1224,7.7749496,-60.678757,G1
1225,-4.8175,-37.66104,G1
1226,42.979023,-37.33467,G1
1227,35.271286,-28.33468,G1
1228,9.811781,-43.79821,G1
1229,23.43071,-11.975683,G1
1230,23.395061,-13.746847,G1
1231,13.35187,-59.80917,G1
1232,17.184858,-21.118505,G1
1233,46.388035,-33.276474,G1
1234,9.0307,-31.814695,G1
1235,22.28469,-43.654602,G1
1236,7.2091146,-27.267235,G1
1237,44.162075,-50.94237,G1
1238,27.198263,-64.62494,G1
1239,10.440048,14.880892,G1
1240,41.211967,-38.67479,G1
1241,40.37238,-22.85915,G1
1242,27.408659,-29.724272,G1
1243,28.144129,-16.355885,G1
1244,54.17367,-20.338566,G1
1245,35.18168,-48.751625,G1
1246,12.449461,-45.109493,G1
1247,28.638588,-71.60156,G1
1248,16.181164,-71.6705,G1
1249,46.132946,-23.483776,G1
1250,17.886316,12.691221,G1
1251,21.087864,-23.601639,G1
1252,55.0767,-24.053345,G1
1253,11.491429,-49.67179,G1
1254,25.170134,-29.209717,G1
1255,12.125517,-34.73508,G1
1256,6.1809564,-6.2100945,G1
1257,5.562951,-43.92405,G1
1258,24.467964,-54.684055,G1
1259,-3.5129802,-15.988239,G1
1260,27.22236,8.478899,G1
1261,25.063776,-73.368484,G1
1262,11.4410715,15.643918,G1
1263,36.20583,-56.157654,G1
1264,-22.283514,-24.846172,G1
1265,26.461975,-5.081388,G1
1266,11.335155,-61.733063,G1
1267,23.066656,17.076744,G1
1268,24.037989,-9.566651,G1
1269,48.553562,-31.550032,G1
1270,1.5111638,-36.85544,G1
1271,28.424006,-45.97268,G1
1272,-14.319111,21.353127,G1
1273,3.885116,-50.203514,G1
1274,-3.872516,-50.618942,G1
1275,42.50958,-10.973081,G1
1276,-30.716846,-41.67728,G1
1277,18.26147,-15.613808,G1
1278,11.019976,-63.601593,G1
1279,-1.4390291,-50.159134,G1
1280,31.871187,-64.342545,G1
1281,-5.3646154,-0.0012014192,G1
1282,-37.93913,28.47826,G1
1283,46.235207,-15.941056,G1
1284,43.675407,-54.47981,G1
1285,33.836018,-13.015609,G1
1286,27.267536,-64.457985,G1
1287,2.4653907,-51.236927,G1
1288,45.99935,-10.518628,G1
1289,45.110733,-39.221973,G1
1290,6.8506913,33.815685,G1
1291,37.843433,-35.49255,G1
1292,1.8699819,-47.124207,G1
1293,41.434364,-44.66608,G1
1294,29.542305,-16.286322,G1
1295,16.466902,-26.469816,G1
1296,15.937133,-63.917732,G1
1297,29.223137,-62.358906,G1
1298,-31.249256,-40.43241,G1
1299,-1.8672968,-30.504381,G1
1300,46.39164,-46.412376,G1
1301,20.641582,-6.3229012,G1
1302,5.882427,-34.109413,G1
1303,24.027792,-70.86551,G1
1304,9.244927,1.925217,G1
1305,18.699883,-45.526134,G1
1306,11.137968,-5.3432937,G1
1307,26.63061,-60.633045,G1
1308,-26.462673,-34.79686,G1
1309,34.32083,-29.900019,G1
1310,25.16736,-60.115913,G1
1311,15.338674,-68.689575,G1
1312,43.588387,-44.401688,G1
1313,24.154322,-55.435867,G1
1314,11.768339,-50.93149,G1
1315,7.4094334,-27.924852,G1
1316,28.272484,-54.159756,G1
1317,10.844103,-2.991922,G1
1318,46.365387,-40.18871,G1
1319,29.676842,-70.992775,G1
1320,23.694826,-25.144632,G1
1321,2.427315,-34.86906,G1
1322,15.246703,-59.203785,G1
1323,30.042082,-72.546234,G1
1324,-7.3593693,-31.35286,G1
1325,36.460167,-16.026014,G1
1326,47.819965,-23.533562,G1
1327,36.822754,-2.135784,G1
1328,8.456051,-62.54306,G1
1329,19.826338,-53.974903,G1
1330,24.762186,-68.35085,G1
1331,20.025694,-2.1412547,G1
1332,2.0493367,-29.725464,G1
1333,26.183651,0.38545078,G1
1334,30.98521,-13.823176,G1
1335,-9.068816,-20.02719,G1
1336,-13.784356,-24.153477,G1
1337,21.54484,-73.330894,G1
1338,-2.1646101,-44.598167,G1
1339,17.116055,-61.340412,G1
1340,21.88313,18.085918,G1
1341,35.023693,-43.180046,G1
1342,3.4340224,-62.129036,G1
1343,12.399488,-61.741222,G1
1344,-6.0460234,-38.737507,G1
1345,36.62251,5.105931,G1
1346,40.31593,-13.362522,G1
1347,10.596536,-47.117874,G1
1348,41.60225,-28.079659,G1
1349,10.746963,10.59355,G1
1350,15.833845,-72.304504,G1
1351,-28.674904,-32.64958,G1
1352,23.140211,-50.713818,G1
1353,40.181923,-13.021143,G1
1354,44.52498,-4.960029,G1
1355,40.32953,-33.669224,G1
1356,47.42225,-12.168757,G1
1357,40.474556,-33.69074,G1
1358,41.89098,-63.102757,G1
1359,21.724295,-35.63515,G1
1360,33.24737,-12.958431,G1
1361,-27.66634,-35.31592,G1
1362,-3.576773,-50.668354,G1
1363,14.148407,-42.665592,G1
1364,-28.294382,-29.46938,G1
1365,0.14264175,-42.15386,G1
1366,15.185561,-12.681926,G1
1367,21.439457,-40.281532,G1
1368,14.948397,-48.28078,G1
1369,38.130817,-69.0807,G1
1370,6.4059367,-26.05541,G1
1371,20.463997,-79.379364,G1
1372,48.853775,-9.046161,G1
1373,-3.8540447,-15.587635,G1
1374,20.450197,-53.52965,G1
1375,10.046843,-45.295437,G1
1376,27.296087,-2.015948,G1
1377,29.465532,-41.03694,G1
1378,-11.952825,-38.275345,G1
1379,36.174,-45.544147,G1
1380,24.437382,-15.580549,G1
1381,16.81382,-47.656315,G1
1382,36.391663,-9.963301,G1
1383,8.755551,-75.45996,G1
1384,9.546305,-48.488693,G1
1385,-7.721589,-48.14986,G1
1386,12.005153,-32.684795,G1
1387,11.610777,-25.505474,G1
1388,24.221056,-58.74139,G1
1389,36.177017,-32.059105,G1
1390,26.795584,-49.661507,G1
1391,-11.31525,15.069263,G1
1392,-1.1803209,-40.33611,G1
1393,39.71574,-49.373642,G1
1394,23.101942,-49.462162,G1
1395,36.052338,-31.051151,G1
1396,20.261404,16.627504,G1
1397,27.434982,-27.792837,G1
1398,-10.522586,-38.713818,G1
1399,34.210495,-30.085382,G1
1400,4.723244,-17.42482,G1
1401,2.341515,-48.55453,G1
1402,36.520493,-25.077684,G1
1403,17.956469,-52.146908,G1
1404,30.333452,20.381176,G1
1405,32.10741,-69.662155,G1
1406,22.65838,-47.826035,G1
1407,33.648144,-40.371464,G1
1408,33.805824,-67.36398,G1
1409,20.282269,-54.829403,G1
1410,-21.102068,3.646572,G1
1411,42.01141,-1.4359578,G1
1412,40.407104,-10.597851,G1
1413,17.060932,-44.52414,G1
1414,25.46409,-65.28688,G1
1415,29.226616,-74.92529,G1
1416,16.445173,-23.65851,G1
1417,8.46652,-59.010788,G1
1418,11.254613,-74.32832,G1
1419,25.299776,-33.445114,G1
1420,26.73658,2.2598946,G1
1421,18.53314,-45.508076,G1
1422,25.875498,-45.845413,G1
1423,23.477041,-20.902668,G1
1424,25.904558,0.58634204,G1
1425,18.874777,-60.52534,G1
1426,35.177704,-64.69397,G1
1427,15.6421175,-30.053816,G1
1428,48.459766,-18.814802,G1
1429,14.384458,-52.688522,G1
1430,19.395193,-34.075455,G1
1431,13.030099,-77.80524,G1
1432,27.304163,9.697673,G1
1433,39.767246,11.036141,G1
1434,16.237307,-43.622314,G1
1435,45.395702,-50.586403,G1
1436,35.226013,-8.82341,G1
1437,24.43188,-46.849644,G1
1438,23.185726,-79.164474,G1
1439,49.54299,-7.803965,G1
1440,37.641476,-47.25753,G1
1441,4.18077,-62.761078,G1
1442,20.173895,-26.837967,G1
1443,17.143246,-1.0684829,G1
1444,46.515945,-19.971241,G1
1445,14.690894,21.002666,G1
1446,11.725894,-26.477533,G1
1447,-12.790861,-35.457302,G1
1448,23.93523,-26.042488,G1
1449,3.9076958,-36.27003,G1
1450,36.527973,-65.28339,G1
1451,14.531911,-72.92933,G1
1452,13.723474,-49.4045,G1
1453,3.7248359,-55.122227,G1
1454,19.071308,2.7379751,G1
1455,10.576466,-23.602568,G1
1456,8.850841,15.038665,G1
1457,39.744602,-47.371403,G1
1458,20.62842,-62.086758,G1
1459,34.09701,-16.16259,G1
1460,43.98814,-32.296505,G1
1461,50.85354,-14.574461,G1
1462,33.260315,-74.43409,G1
1463,8.00631,11.51407,G1
1464,17.357065,-40.80356,G1
1465,24.791029,-15.057459,G1
1466,18.36292,-0.23018299,G1
1467,13.504792,-55.44933,G1
1468,6.7862515,13.126269,G1
1469,1.1471388,-37.43174,G1
1470,15.765803,-15.612364,G1
1471,24.945536,-24.796495,G1
1472,7.200051,-49.487106,G1
1473,38.489395,-46.422363,G1
1474,22.5872,-21.031132,G1
1475,9.376405,-48.32304,G1
1476,35.2733,-71.37671,G1
1477,-24.358105,-33.628963,G1
1478,42.32873,-59.854588,G1
1479,-2.2602952,-39.82986,G1
1480,12.865895,-77.73714,G1
1481,-7.545543,-28.799564,G1
1482,-2.4335458,-18.055283,G1
1483,3.5673847,-56.794914,G1
1484,21.912882,-7.702823,G1
1485,27.547264,-48.05652,G1
1486,19.57494,-25.35978,G1
1487,28.163937,4.9431405,G1
1488,9.569597,-28.981775,G1
1489,-9.027623,-53.35886,G1
1490,5.333116,-47.149002,G1
1491,28.524714,-76.169655,G1
1492,11.392839,-77.60604,G1
1493,-6.241118,10.801075,G1
1494,-1.7413226,-48.155254,G1
1495,34.39597,-6.3896503,G1
1496,8.748388,-24.059322,G1
1497,54.961,-21.976768,G1
1498,26.3207,-20.71835,G1
1499,18.427402,14.77713,G1
1500,7.5739307,-38.994434,G1
1501,20.191526,-39.967163,G1
1502,-27.82126,-40.339245,G1
1503,-32.571873,-39.67985,G1
1504,17.577621,-28.566074,G1
1505,-3.647795,-8.055483,G1
1506,25.882195,-21.565332,G1
1507,16.020027,-74.33869,G1
1508,37.67083,-26.859869,G1
1509,36.13437,-3.610619,G1
1510,-14.597744,23.365921,G1
1511,-0.18545373,-34.913223,G1
1512,38.693596,-43.249176,G1
1513,0.08000856,-47.580513,G1
1514,24.237713,-31.299894,G1
1515,25.65484,-57.928577,G1
1516,15.426643,-34.022797,G1
1517,37.193085,9.637503,G1
1518,28.547005,-48.60249,G1
1519,21.61478,-67.01743,G1
1520,2.5725796,-33.132454,G1
1521,17.555298,-47.704403,G1
1522,-1.4074502,-3.9783993,G1
1523,44.25726,-3.618083,G1
1524,40.228123,-8.102257,G1
1525,26.534063,-61.75915,G1
1526,27.905571,-60.774166,G1
1527,37.46295,-3.4976106,G1
1528,21.970104,-48.6579,G1
1529,22.105837,-9.752956,G1
1530,27.896671,-62.176342,G1
1531,11.963147,-51.62103,G1
1532,20.999783,-67.75241,G1
1533,-4.0517883,-45.990826,G1
1534,28.056911,-1.9998093,G1
1535,37.736988,-18.76287,G1
1536,41.04632,-50.078117,G1
1537,24.878473,-13.015199,G1
1538,31.790932,-71.52629,G1
1539,26.975306,-9.544869,G1
1540,18.443989,-25.028746,G1
1541,-8.113893,-18.079184,G1
1542,20.073936,4.9215083,G1
1543,17.547815,14.938927,G1
1544,20.401833,-71.73451,G1
1545,12.17573,-73.78017,G1
1546,30.732256,-65.85679,G1
1547,2.3041625,14.006561,G1
1548,-5.886423,-24.273643,G1
1549,38.701504,-1.8915462,G1
1550,26.537128,-62.73456,G1
1551,43.3258,-25.497671,G1
1552,20.1249,-71.01934,G1
1553,16.180328,-20.497524,G1
1554,30.17641,-50.338833,G1
1555,11.534839,-26.628542,G1
1556,23.183638,-59.369526,G1
1557,1.3603281,-16.703424,G1
1558,28.345943,-45.92574,G1
1559,26.149979,-37.76751,G1
1560,28.930094,-13.189568,G1
1561,10.380431,-62.23012,G1
1562,22.512684,-59.347176,G1
1563,28.716211,-45.117596,G1
1564,30.761156,-24.843088,G1
1565,42.12752,-2.073757,G1
1566,26.305,-59.35351,G1
1567,1.1570897,-4.4506454,G1
1568,2.2534914,-51.45605,G1
1569,45.986187,-36.722504,G1
1570,32.46354,8.310234,G1
1571,7.378583,-52.411903,G1
1572,27.624962,-35.350803,G1
1573,19.678736,-7.6153607,G1
1574,46.22752,-27.529245,G1
1575,30.277462,-5.2811217,G1
1576,8.910625,15.197896,G1
1577,-13.224603,-35.561802,G1
1578,27.684599,-8.323665,G1
1579,32.737072,-5.421253,G1
1580,19.619055,-60.13006,G1
1581,9.6764,21.730413,G1
1582,19.846062,-41.09906,G1
1583,-6.824679,34.01938,G1
1584,8.67832,-63.87389,G1
1585,14.968413,-35.20057,G1
1586,-16.639214,1.7473539,G1
1587,46.117455,-36.871048,G1
1588,32.755215,-24.141123,G1
1589,25.195011,-39.899204,G1
1590,38.026543,-10.521823,G1
1591,34.720764,-32.67378,G1
1592,-4.8547873,-58.71723,G1
1593,7.33121,-1.1130632,G1
1594,39.366035,-54.2774,G1
1595,33.513332,-13.923915,G1
1596,-0.2661508,-3.7809503,G1
1597,7.765357,-50.918552,G1
1598,43.431175,-16.208626,G1
1599,19.4194,-43.30083,G1
1600,18.188133,-47.542606,G1
1601,7.4781623,-70.14108,G1
1602,23.685429,-21.236208,G1
1603,19.276886,-65.700096,G1
1604,41.437283,-8.63088,G1
1605,40.122746,-41.03663,G1
1606,36.587883,-23.84946,G1
1607,2.0613475,-58.95656,G1
1608,16.488312,-56.822704,G1
1609,-5.82349,-53.924114,G1
1610,-5.299083,21.432882,G1
1611,6.2662745,-44.857555,G1
1612,48.48026,-28.533085,G1
1613,43.52572,-20.298174,G1
1614,-8.518759,-48.479927,G1
1615,2.1175115,-56.66846,G1
1616,6.272202,18.877657,G1
1617,16.451597,-24.013391,G1
1618,20.536951,-16.977905,G1
1619,47.825024,-23.821327,G1
1620,21.874723,-58.857845,G1
1621,4.4929323,-38.91031,G1
1622,20.037182,-15.522888,G1
1623,-13.057248,11.080511,G1
1624,-12.899339,14.023059,G1
1625,2.2097392,-19.544788,G1
1626,29.34834,-74.80493,G1
1627,22.428211,-41.30528,G1
1628,31.854118,-69.57771,G1
1629,31.356113,-63.99989,G1
1630,23.828638,-62.542603,G1
1631,38.3414,2.346029,G1
1632,-7.5618296,-34.431076,G1
1633,23.510439,-56.815334,G1
1634,35.349957,-70.98044,G1
1635,35.08453,-28.95502,G1
1636,20.031998,-31.150934,G1
1637,38.930508,-62.87945,G1
1638,16.050318,-21.92884,G1
1639,23.724749,-1.4647934,G1
1640,18.38366,-68.20343,G1
1641,30.775812,16.215624,G1
1642,20.84781,-23.132849,G1
1643,18.922194,-66.38761,G1
1644,38.228374,-24.861038,G1
1645,30.77723,16.12509,G1
1646,25.465782,-71.79681,G1
1647,44.81656,-5.517443,G1
1648,39.65588,-12.548708,G1
1649,46.52488,-46.177906,G1
1650,10.129843,-25.311474,G1
1651,36.341896,-5.799233,G1
1652,46.747135,-29.51909,G1
1653,15.546178,-29.987411,G1
1654,23.983831,-19.061045,G1
1655,37.05913,-7.0016575,G1
1656,41.65144,-29.844519,G1
1657,35.42793,-49.336723,G1
1658,20.520185,-56.676716,G1
1659,17.770435,-50.83091,G1
1660,9.792271,-74.11493,G1
1661,34.78858,-26.203054,G1
1662,-28.168882,-29.864683,G1
1663,34.911476,-11.816401,G1
1664,9.260182,-5.689904,G1
1665,51.559933,-25.113327,G1
1666,25.891624,-74.84107,G1
1667,44.88202,-40.173843,G1
1668,-0.47271627,-29.9503,G1
1669,37.694286,-13.97583,G1
1670,-11.927397,-34.72261,G1
1671,27.92526,-70.445076,G1
1672,26.389671,-70.699936,G1
1673,-0.76783216,-5.957135,G1
1674,40.357914,-25.733337,G1
1675,29.914932,-70.61808,G1
1676,33.624325,1.8468597,G1
1677,37.51902,-68.29124,G1
1678,-2.208017,-50.460495,G1
1679,5.4893184,-41.270683,G1
1680,50.523815,-14.361381,G1
1681,49.45669,-20.29638,G1
1682,25.147678,-40.076756,G1
1683,-35.06308,32.45253,G1
1684,29.715885,-56.850674,G1
1685,-0.2907563,-44.937553,G1
1686,8.017557,-51.006706,G1
1687,16.47385,11.788854,G1
1688,-3.9867396,-23.792421,G1
1689,19.866222,-27.067251,G1
1690,21.968056,5.0484576,G1
1691,7.70867,-60.66709,G1
1692,49.24028,-40.628906,G1
1693,1.9461652,-39.860794,G1
1694,18.96774,-57.698544,G1
1695,-1.4327557,-7.8189964,G1
1696,19.241709,-19.818466,G1
1697,27.431427,-30.067503,G1
1698,-12.491085,-7.9073863,G1
1699,3.2768817,-38.31251,G1
1700,18.202621,-40.08826,G1
1701,-15.644346,-38.79725,G1
1702,31.81163,-19.63364,G1
1703,-0.19003925,-39.77972,G1
1704,19.338371,-25.522104,G1
1705,13.388005,-27.26133,G1
1706,18.700693,-0.10656018,G1
1707,24.12491,-53.35602,G1
1708,-0.027833018,-57.857048,G1
1709,-6.139205,-41.894688,G1
1710,25.60514,-20.32393,G1
1711,-4.5952725,-33.357487,G1
1712,21.611835,-20.499437,G1
1713,28.420498,-10.175659,G1
1714,32.932476,-25.948593,G1
1715,36.60649,-47.46866,G1
1716,16.92324,-21.13376,G1
1717,12.347009,15.524086,G1
1718,22.963758,-18.267649,G1
1719,16.921202,-57.714157,G1
1720,22.197166,-11.999061,G1
1721,-7.162,-44.020004,G1
1722,45.44905,-35.65589,G1
1723,28.35094,-69.82726,G1
1724,29.937231,-50.61178,G1
1725,12.892347,-51.20053,G1
1726,-1.7073585,-48.25945,G1
1727,22.857534,-73.30682,G1
1728,8.413862,-15.740147,G1
1729,33.05678,-14.721356,G1
1730,23.39785,-58.364967,G1
1731,29.72928,-48.95143,G1
1732,6.355721,30.383554,G1
1733,36.345028,-2.28791,G1
1734,20.485525,-9.2689,G1
1735,29.458,-71.588844,G1
1736,28.357973,-67.59874,G1
1737,5.287357,0.97077143,G1
1738,33.96084,-71.03373,G1
1739,19.397755,-46.888477,G1
1740,8.528982,23.481373,G1
1741,-4.028225,-28.101728,G1
1742,3.8468392,-55.037304,G1
1743,9.140935,-17.791367,G1
1744,32.684753,-58.543957,G1
1745,-0.1602338,-51.06582,G1
1746,7.466314,17.905617,G1
1747,20.411558,-35.714493,G1
1748,41.68216,-38.397392,G1
1749,-3.8483155,-25.08847,G1
1750,-21.050142,8.407661,G1
1751,17.068909,-68.45162,G1
1752,33.505997,5.8326526,G1
1753,21.808996,-18.415514,G1
1754,24.083755,-32.991547,G1
1755,16.175615,-8.944441,G1
1756,14.2540655,14.972044,G1
1757,14.844997,-64.41575,G1
1758,23.309597,-55.438156,G1
1759,35.55826,-50.115868,G1
1760,28.966808,-30.81022,G1
1761,10.097884,-58.422874,G1
1762,3.7305293,-49.23144,G1
1763,-8.188676,-40.777348,G1
1764,2.2725961,-42.08182,G1
1765,1.3644415,-35.35379,G1
1766,21.848267,-10.674835,G1
1767,12.016384,-32.890045,G1
1768,14.8318,-5.6288743,G1
1769,15.359292,-34.125652,G1
1770,-18.103983,-37.525833,G1
1771,1.200301,-59.35183,G1
1772,36.669834,-13.813573,G1
1773,41.076916,-39.355453,G1
1774,22.262978,0.6800164,G1
1775,39.08896,-50.805084,G1
1776,21.49646,-41.723103,G1
1777,35.22081,-53.655643,G1
1778,20.917286,-5.0376396,G1
1779,21.10246,-56.906105,G1
1780,3.8409264,-47.48914,G1
1781,40.232605,-27.599115,G1
1782,41.351643,-40.261093,G1
1783,12.948332,-45.87837,G1
1784,20.167677,-74.87365,G1
1785,16.453781,20.579695,G1
1786,40.24281,-22.057043,G1
1787,24.020964,-13.641717,G1
1788,27.64954,-54.826847,G1
1789,7.943358,-75.27298,G1
1790,20.167269,-29.691362,G1
1791,42.58014,-52.400505,G1
1792,18.283783,-19.16027,G1
1793,18.492283,-56.937912,G1
1794,30.722853,2.2913845,G1
1795,21.106058,-6.1193438,G1
1796,-7.1102977,-33.76242,G1
1797,7.0863137,-2.8408942,G1
1798,-32.70568,-33.76712,G1
1799,37.41476,9.367761,G1
1800,19.935951,-66.962395,G1
1801,45.616016,-11.333461,G1
1802,29.45596,-55.47544,G1
1803,11.438593,-5.8188066,G1
1804,46.487247,-3.4310513,G1
1805,24.577045,-43.888626,G1
1806,30.747072,-37.01389,G1
1807,24.298683,-34.79114,G1
1808,37.012047,-30.52731,G1
1809,17.738682,-56.148876,G1
1810,35.834793,-71.913925,G1
1811,32.82143,-74.651276,G1
1812,22.923933,-60.360836,G1
1813,18.038986,-43.120533,G1
1814,37.52137,-23.84249,G1
1815,19.36198,-66.39881,G1
1816,26.506,-48.05608,G1
1817,33.03463,-0.4481551,G1
1818,42.14685,-60.10652,G1
1819,44.125168,-44.973972,G1
1820,25.539036,-51.727184,G1
1821,12.265239,-29.225294,G1
1822,23.744509,-78.94189,G1
1823,14.089615,-63.56775,G1
1824,25.73609,-36.05133,G1
1825,46.145714,-40.259056,G1
1826,-8.620807,-53.941284,G1
1827,-7.4848595,-33.101917,G1
1828,34.964478,-24.702799,G1
1829,-30.963278,14.802743,G1
1830,12.991036,-50.569485,G1
1831,12.094797,-57.213436,G1
1832,25.22441,-69.71799,G1
1833,28.519445,-5.8331757,G1
1834,50.943623,-24.5362,G1
1835,18.862743,-34.32941,G1
1836,8.002183,-46.144012,G1
1837,34.46445,5.4221654,G1
1838,32.40922,-5.6542506,G1
1839,44.953766,-47.88457,G1
1840,10.216824,-62.423267,G1
1841,12.807527,-53.454353,G1
1842,-1.3050741,-34.65314,G1
1843,-7.4207644,-36.84381,G1
1844,30.845337,-27.693941,G1
1845,22.760595,8.226097,G1
1846,20.312635,-40.763092,G1
1847,39.354908,-55.883198,G1
1848,25.853296,-67.80618,G1
1849,31.516552,-24.709372,G1
1850,28.675812,-35.59489,G1
1851,13.881702,-49.485455,G1
1852,0.7884482,-33.38883,G1
1853,25.976635,-33.89344,G1
1854,34.661064,-29.751894,G1
1855,8.68638,-15.988144,G1
1856,27.322245,-53.298756,G1
1857,19.579401,-62.55972,G1
1858,-6.217422,-32.33977,G1
1859,31.674091,-67.70606,G1
1860,10.227567,-50.39092,G1
1861,33.988678,-69.89033,G1
1862,41.51502,5.195006,G1
1863,6.024992,9.859236,G1
1864,21.765673,-39.4294,G1
1865,20.993742,-49.375973,G1
1866,35.675518,11.355139,G1
1867,25.285734,-49.86192,G1
1868,34.53181,-19.37362,G1
1869,46.42489,-22.480331,G1
1870,41.705322,-6.7089977,G1
1871,24.659664,-41.788757,G1
1872,7.094364,-28.755886,G1
1873,48.72356,-4.8817573,G1
1874,7.5167775,-32.96954,G1
1875,23.814678,-32.2818,G1
1876,32.14093,-6.821042,G1
1877,7.8661795,-70.13136,G1
1878,9.941086,8.076839,G1
1879,1.1721337,-27.956106,G1
1880,13.694471,-54.014072,G1
1881,13.314391,-23.486088,G1
1882,12.344834,7.9676967,G1
1883,-1.1755873,-43.392128,G1
1884,36.262753,-0.01345172,G1
1885,38.442482,-10.52196,G1
1886,33.801857,-10.154996,G1
1887,34.370567,-22.936062,G1
1888,12.74247,6.6126804,G1
1889,2.7098694,-42.010117,G1
1890,9.058982,33.866917,G1
1891,-1.6096095,-4.142272,G1
1892,22.84184,-43.644318,G1
1893,12.620019,2.977574,G1
1894,23.939363,-66.886055,G1
1895,9.028419,-1.0712951,G1
1896,35.241894,-39.720303,G1
1897,45.347023,-35.22561,G1
1898,49.51287,-7.45192,G1
1899,38.508884,-60.357273,G1
1900,-2.8182108,-44.104576,G1
1901,10.285223,-74.86969,G1
1902,-3.0825973,-37.898342,G1
1903,28.780409,-2.8134115,G1
1904,38.699432,-59.34244,G1
1905,21.64529,1.1204803,G1
1906,6.899767,-9.260796,G1
1907,17.786442,6.515834,G1
1908,7.1729174,-52.41435,G1
1909,16.636335,-68.05038,G1
1910,25.060808,-69.78134,G1
1911,-12.106657,-26.22033,G1
1912,16.873283,-67.13738,G1
1913,21.565105,-78.87226,G1
1914,4.264969,-44.0982,G1
1915,11.545199,-18.61704,G1
1916,-0.4435788,-36.731285,G1
1917,14.851216,0.15781368,G1
1918,36.81328,-62.457783,G1
1919,33.02884,-20.199478,G1
1920,23.13094,-26.789175,G1
1921,14.8154545,-45.94853,G1
1922,43.61775,-43.576126,G1
1923,48.494827,-31.396734,G1
1924,20.91575,-45.52221,G1
1925,26.400856,-0.9336746,G1
1926,7.4824233,-18.659973,G1
1927,28.009352,-48.89588,G1
1928,7.463358,-7.6246386,G1
1929,11.317659,-48.444,G1
1930,10.989996,-34.457844,G1
1931,33.586155,-65.483406,G1
1932,2.1501265,-17.957033,G1
1933,13.870461,-24.812342,G1
1934,30.457998,-65.62878,G1
1935,40.780148,10.847326,G1
1936,39.362267,-55.76921,G1
1937,27.737535,-39.05238,G1
1938,42.91247,-37.38013,G1
1939,7.914038,-59.975636,G1
1940,33.65386,-10.054991,G1
1941,20.381304,-51.956142,G1
1942,34.575386,-22.462797,G1
1943,51.911465,-35.174587,G1
1944,19.211504,-57.672318,G1
1945,26.381794,-42.053593,G1
1946,30.955265,-33.54583,G1
1947,45.654896,-2.4853973,G1
1948,48.54473,-23.172441,G1
1949,33.296543,-68.545555,G1
1950,37.48319,-52.615067,G1
1951,7.4355087,-12.858763,G1
1952,28.505552,-70.16526,G1
1953,-32.28101,-39.441673,G1
1954,-4.5706778,-22.28536,G1
1955,-27.127222,-33.72319,G1
1956,7.1977587,-30.833149,G1
1957,54.871544,-21.856062,G1
1958,-2.1230688,-46.611004,G1
1959,17.069767,-45.57259,G1
1960,6.378957,-9.027896,G1
1961,39.144524,-52.663708,G1
1962,6.000227,-50.15506,G1
1963,-28.612646,-34.845196,G1
1964,-11.435441,-33.873787,G1
1965,20.840796,-43.873608,G1
1966,31.804106,-25.462475,G1
1967,-1.9903203,-23.278866,G1
1968,14.802259,15.385434,G1
1969,26.740894,-69.14232,G1
1970,-28.400553,18.823675,G1
1971,38.855385,-50.227886,G1
1972,16.211184,-38.92783,G1
1973,30.059238,-5.062175,G1
1974,44.25671,-15.3880415,G1
1975,21.018559,-62.020084,G1
1976,39.72332,-38.55246,G1
1977,23.943972,-37.77945,G1
1978,14.748859,-58.05322,G1
1979,18.360949,-52.70327,G1
1980,4.5295143,-25.514984,G1
1981,23.374233,-4.1101747,G1
1982,40.92088,-30.664177,G1
1983,39.182133,-25.550196,G1
1984,29.828894,10.519003,G1
1985,12.626777,-14.001918,G1
1986,7.3331475,-73.83794,G1
1987,31.890263,-19.921679,G1
1988,15.1596155,-16.93033,G1
1989,28.721697,-75.57473,G1
1990,8.653252,-45.30388,G1
1991,23.592047,-5.225155,G1
1992,41.434483,-29.38439,G1
1993,15.465044,-62.727173,G1
1994,33.02817,-71.27283,G1
1995,6.880959,-19.730928,G1
1996,31.716885,-28.050575,G1
1997,7.7285795,-40.99583,G1
1998,8.416951,-15.427377,G1
1999,20.582344,-52.29088,G1
2000,25.359392,-58.743477,G1
2001,21.466253,-71.79195,G1
2002,-9.340987,-1.5280809,G1
2003,-23.57882,-33.013374,G1
2004,-0.712057,-39.20119,G1
2005,20.217367,-73.93399,G1
2006,14.377509,-32.947308,G1
2007,43.457916,-49.115814,G1
2008,36.580566,12.920035,G1
2009,3.6760325,-59.204506,G1
2010,13.006945,20.174612,G1
2011,22.698603,-29.44378,G1
2012,25.587313,-22.169094,G1
2013,21.71156,-74.83906,G1
2014,-4.2030025,-40.504955,G1
2015,22.288345,-60.739487,G1
2016,37.75308,-35.08881,G1
2017,6.9915757,-41.51453,G1
2018,33.948334,-69.038666,G1
2019,4.8108306,-39.600506,G1
2020,7.6072373,-36.37602,G1
2021,42.781727,-34.221413,G1
2022,-4.246023,-58.82579,G1
2023,5.379178,-47.1635,G1
2024,31.59434,-74.526566,G1
2025,44.395786,-22.34517,G1
2026,-9.296686,-1.5158826,G1
2027,27.301674,-36.552105,G1
2028,6.853402,-37.744446,G1
2029,42.185863,-19.594477,G1
2030,-4.599459,-45.76648,G1
2031,6.878255,-75.81946,G1
2032,30.064299,18.863781,G1
2033,23.044163,-27.193,G1
2034,5.1227994,9.955299,G1
2035,12.180474,-51.715565,G1
2036,32.85994,-76.76475,G1
2037,-18.133305,-37.915424,G1
2038,21.259768,-50.906185,G1
2039,45.287807,-31.32434,G1
2040,38.594917,-43.20003,G1
2041,19.555134,19.107895,G1
2042,9.460998,-43.19641,G1
2043,12.753604,-73.87085,G1
2044,2.5588846,-49.128334,G1
2045,-3.8878617,-15.830101,G1
2046,0.924813,-45.07154,G1
2047,-1.8857987,-58.93983,G1
2048,7.0728655,-65.64305,G1
2049,36.645233,-65.12731,G1
2050,-0.79230374,-41.16628,G1
2051,37.683205,-50.836956,G1
2052,15.69953,-48.772247,G1
2053,23.838673,-12.721988,G1
2054,-4.932218,-38.1356,G1
2055,11.299072,-38.404045,G1
2056,51.42739,-22.641672,G1
2057,23.291323,-45.022663,G1
2058,-6.2553253,-16.246593,G1
2059,23.434406,-53.598232,G1
2060,45.06218,-33.123016,G1
2061,33.130157,-16.14574,G1
2062,36.660835,-54.70206,G1
2063,44.922016,-0.5522582,G1
2064,26.475643,-52.346172,G1
2065,13.235981,-58.60688,G1
2066,-14.018517,-29.818186,G1
2067,20.550863,-9.607423,G1
2068,30.414286,-62.474342,G1
2069,-31.139482,-38.412506,G1
2070,28.367521,-26.77059,G1
2071,16.046953,-17.290718,G1
2072,45.20832,-40.62153,G1
2073,17.89,-6.2384415,G1
2074,16.899567,-25.958422,G1
2075,26.123991,-62.0166,G1
2076,26.183311,15.325188,G1
2077,12.534806,-64.62651,G1
2078,29.210758,-76.680016,G1
2079,-13.007568,-23.969652,G1
2080,34.43238,-23.636805,G1
2081,30.29226,-69.36473,G1
2082,-3.802243,-34.42342,G1
2083,-4.7641163,-4.3218393,G1
2084,-0.609623,-36.817276,G1
2085,22.022444,-62.269897,G1
2086,-5.851008,-49.754654,G1
2087,28.74105,-66.9653,G1
2088,-0.484173,-50.90978,G1
2089,30.13403,-0.3519074,G1
2090,15.284445,-52.38154,G1
2091,30.05893,-0.3953191,G1
2092,-8.781577,-27.289637,G1
2093,-1.6120421,-25.978403,G1
2094,19.591307,-28.426067,G1
2095,13.596276,-2.8965786,G1
2096,25.974943,-62.946312,G1
2097,2.1268601,-19.75472,G1
2098,35.250744,-38.719173,G1
2099,19.511759,-28.870876,G1
2100,6.9041514,-12.554632,G1
2101,40.43735,-39.678764,G1
2102,10.332886,-46.16737,G1
2103,0.44005403,-11.696991,G1
2104,27.93005,-33.611732,G1
2105,18.047817,-68.38018,G1
2106,32.367455,-13.010297,G1
2107,-9.23729,-37.46139,G1
2108,-30.579216,-42.05382,G1
2109,3.2248192,-38.338234,G1
2110,27.981531,-14.202021,G1
2111,23.912281,-31.994146,G1
2112,34.41874,-73.04383,G1
2113,8.873617,-57.90509,G1
2114,35.509243,-74.85766,G1
2115,39.633083,-27.907469,G1
2116,38.44461,-63.354046,G1
2117,39.066124,-49.72442,G1
2118,15.442178,-23.960327,G1
2119,8.613466,-45.353226,G1
2120,-1.0350133,-43.73392,G1
2121,-7.9295597,-20.258846,G1
2122,24.372234,-23.375757,G1
2123,16.478077,-30.855528,G1
2124,10.962994,-67.02929,G1
2125,37.035427,-51.85912,G1
2126,38.8093,-62.188972,G1
2127,-6.005042,-30.604895,G1
2128,22.89071,-3.257181,G1
2129,11.764113,-54.76721,G1
2130,13.483874,-27.106443,G1
2131,39.399784,-15.016748,G1
2132,8.08888,-30.444141,G1
2133,32.347717,-6.68099,G1
2134,10.543476,-76.76736,G1
2135,45.660675,-47.037933,G1
2136,10.87105,-34.999653,G1
2137,-13.289899,-12.595213,G1
2138,20.171629,-13.897679,G1
2139,37.656303,2.2550895,G1
2140,23.040173,-70.465454,G1
2141,28.435188,-37.085766,G1
2142,30.031738,-69.13575,G1
2143,23.825336,-25.300066,G1
2144,34.6374,13.148654,G1
2145,-13.700407,-9.808062,G1
2146,32.79657,-9.635066,G1
2147,14.937558,-34.489117,G1
2148,14.876,-54.05104,G1
2149,11.818603,-60.20849,G1
2150,22.307775,-19.802025,G1
2151,31.125298,-27.109234,G1
2152,28.939068,-51.883972,G1
2153,29.595564,-64.94729,G1
2154,12.733396,-67.76388,G1
2155,11.688429,-73.25352,G1
2156,31.810694,-18.188234,G1
2157,8.128053,-51.657475,G1
2158,31.162703,-13.358769,G1
2159,12.139011,-58.30428,G1
2160,50.74334,-34.988914,G1
2161,-14.552948,-40.443592,G1
2162,39.14417,10.937171,G1
2163,8.355114,22.654552,G1
2164,36.227913,-17.251312,G1
2165,8.130104,-22.877968,G1
2166,1.8856492,-47.4388,G1
2167,35.1349,-3.2582219,G1
2168,13.757736,-20.526995,G1
2169,-8.001514,-42.912514,G1
2170,-32.026913,-36.341194,G1
2171,35.73233,-23.55036,G1
2172,19.501657,-54.978313,G1
2173,7.7455497,-64.91516,G1
2174,6.1213913,-5.4740715,G1
2175,33.8643,-39.576954,G1
2176,45.67406,-51.329254,G1
2177,27.59736,-22.232729,G1
2178,28.450144,-16.37537,G1
2179,-1.2131646,-38.336292,G1
2180,49.791077,-40.50564,G1
2181,10.85316,-2.4129355,G1
2182,20.579721,-1.4095176,G1
2183,31.347979,-51.392925,G1
2184,19.013844,-55.74731,G1
2185,6.9644756,-71.34271,G1
2186,31.742414,-8.181247,G1
2187,15.719711,-48.646538,G1
2188,29.234404,-56.785343,G1
2189,9.808535,-42.44119,G1
2190,0.94377357,-38.64471,G1
2191,34.813046,-38.475327,G1
2192,8.580581,-36.954178,G1
2193,22.641516,9.163842,G1
2194,1.7478198,9.660357,G1
2195,26.252668,-56.494755,G1
2196,51.935238,-36.542072,G1
2197,33.314884,-8.119477,G1
2198,37.647804,-26.878578,G1
2199,8.1028385,-57.23965,G1
2200,43.023617,4.319927,G1
2201,37.941338,-66.73052,G1
2202,32.16338,-23.61428,G1
2203,22.310385,-72.76559,G1
2204,51.698673,-35.076324,G1
2205,40.31118,-7.9937286,G1
2206,17.87427,2.8389704,G1
2207,8.218713,-31.482222,G1
2208,48.736282,-19.263878,G1
2209,20.936932,-36.68461,G1
2210,32.808018,-17.857601,G1
2211,-30.754269,-34.929688,G1
2212,10.440765,-33.755554,G1
2213,11.365928,-39.959503,G1
2214,23.536531,-51.01872,G1
2215,9.434681,-13.313903,G1
2216,22.335358,-67.11202,G1
2217,42.473473,-14.205994,G1
2218,43.355618,-61.60095,G1
2219,19.803455,-50.33365,G1
2220,7.438396,-40.866642,G1
2221,33.00742,-8.512346,G1
2222,22.829481,-65.383865,G1
2223,38.288235,-52.031185,G1
2224,28.695896,-35.939842,G1
2225,14.959073,-46.122295,G1
2226,2.6122155,-50.686684,G1
2227,-1.1993397,-58.917362,G1
2228,19.394495,-24.663153,G1
2229,12.321653,-9.457852,G1
2230,37.4623,-17.699766,G1
2231,30.812862,3.4304605,G1
2232,35.867756,-23.26766,G1
2233,19.228151,-21.772905,G1
2234,17.01079,-38.19595,G1
2235,16.310701,-17.298506,G1
2236,9.516671,-24.696098,G1
2237,33.682106,-73.0695,G1
2238,11.583919,-77.213356,G1
2239,4.14733,-31.765747,G1
2240,27.0832,-10.030334,G1
2241,25.283386,-64.64785,G1
2242,-7.856252,-29.33187,G1
2243,22.2936,-25.903875,G1
2244,20.562454,-36.638203,G1
2245,22.923344,-49.08422,G1
2246,19.254848,-36.721035,G1
2247,36.595707,-31.208847,G1
2248,27.677761,-65.03332,G1
2249,5.47047,-43.784153,G1
2250,15.455876,4.489177,G1
2251,-8.033798,-17.71676,G1
2252,14.457168,-73.95752,G1
2253,42.971275,-50.597492,G1
2254,30.888773,-41.514217,G1
2255,1.2827562,-38.995674,G1
2256,34.071507,-4.978963,G1
2257,10.329712,-41.26545,G1
2258,20.445055,-26.794168,G1
2259,41.840195,-18.401007,G1
2260,44.915905,-20.253859,G1
2261,33.697147,-63.74016,G1
2262,-3.7324262,-37.477123,G1
2263,30.605013,-68.3935,G1
2264,46.443634,-11.766225,G1
2265,13.440881,-32.537086,G1
2266,37.19942,-7.7274966,G1
2267,28.947874,-58.78379,G1
2268,22.213882,-79.498955,G1
2269,-8.587869,0.13230819,G1
2270,24.406893,-44.22188,G1
2271,23.011847,-70.782166,G1
2272,32.24025,5.369605,G1
2273,17.453459,-53.821854,G1
2274,-1.909548,-40.537098,G1
2275,32.837597,-14.572354,G1
2276,-8.828676,-32.157207,G1
2277,12.434579,24.222622,G1
2278,13.772145,-61.156055,G1
2279,12.531752,-61.05922,G1
2280,20.231321,7.0325737,G1
2281,20.000992,-31.708258,G1
2282,35.85572,-73.18412,G1
2283,43.52606,-24.017414,G1
2284,19.16395,-48.46309,G1
2285,27.871622,-38.2157,G1
2286,-14.415229,11.310762,G1
2287,38.28377,-61.02273,G1
2288,32.689335,-58.537983,G1
2289,22.370111,-68.0839,G1
2290,47.985085,-36.091434,G1
2291,23.560753,-37.06501,G1
2292,-34.023533,-34.663124,G1
2293,-26.93989,26.457727,S
2294,13.520821,26.642899,S
2295,31.490236,-2.5241132,S
2296,-22.233814,-25.301191,S
2297,32.676495,-3.6091192,S
2298,41.85527,-7.188084,S
2299,-23.754852,47.93368,S
2300,16.488443,4.676248,S
2301,30.022125,19.26425,S
2302,-1.9093074,-3.0818248,S
2303,-2.2019835,28.949024,S
2304,-9.102375,38.53372,S
2305,-34.36548,6.9426246,S
2306,9.684953,7.1904416,S
2307,2.6690996,2.474243,S
2308,14.232278,3.9038773,S
2309,28.415838,13.720874,S
2310,-5.3655515,51.898075,S
2311,3.6042337,1.8432817,S
2312,12.160821,29.99632,S
2313,1.784788,13.208739,S
2314,10.926492,19.096848,S
2315,-45.451904,40.724285,S
2316,-17.855215,25.619928,S
2317,-4.103618,48.40331,S
2318,10.6161175,9.553378,S
2319,30.12687,-16.279564,S
2320,-32.01308,-36.540253,S
2321,-5.151003,36.261658,S
2322,2.169245,29.697922,S
2323,-18.47815,24.240713,S
2324,10.903962,-75.47619,S
2325,23.241985,14.280424,S
2326,-36.301044,9.115705,S
2327,-7.220975,0.36250377,S
2328,-2.1706665,-2.4721346,S
2329,12.632146,2.7291462,S
2330,-10.008332,31.993303,S
2331,-37.492905,67.37018,S
2332,-41.604477,30.292152,S
2333,29.038694,12.940062,S
2334,16.070793,6.9637904,S
2335,-5.8025074,-0.6308261,S
2336,1.0429332,33.5629,S
2337,-18.606218,-0.6503814,S
2338,15.455392,31.79059,S
2339,-31.143986,-39.923428,S
2340,-14.153694,27.253193,S
2341,3.7438843,3.584508,S
2342,-6.24447,-2.2222917,S
2343,-20.533215,16.821201,S
2344,-0.039389983,24.113869,S
2345,10.629911,36.887135,S
2346,24.928427,-23.714495,S
2347,-13.736691,-8.5095415,S
2348,27.487185,9.942959,S
2349,17.827433,8.751981,S
2350,-31.987099,-32.634296,S
2351,-25.489378,31.687662,S
2352,-36.20047,33.346058,S
2353,-13.235899,21.654106,S
2354,11.82121,21.976685,S
2355,-8.983923,-32.453056,S
2356,-13.076967,21.75488,S
2357,-10.303393,1.500151,S
2358,19.994287,-31.562115,S
2359,2.8797786,45.93221,S
2360,-24.159607,16.502968,S
2361,8.2669525,29.383911,S
2362,-9.601484,39.544315,S
2363,-10.530698,10.294705,S
2364,-32.456795,40.67095,S
2365,-13.293993,49.6018,S
2366,-9.956233,4.9405603,S
2367,48.201168,-5.4472046,S
2368,-38.607708,39.481556,S
2369,0.12386347,2.6926992,S
2370,7.8414807,-6.590307,S
2371,-14.600036,-24.90941,S
2372,-13.851009,50.199913,S
2373,-25.120113,-34.403175,S
2374,8.752267,4.514491,S
2375,10.746647,24.012114,S
2376,36.810738,1.2572889,S
2377,-20.72831,9.245809,S
2378,-43.5855,27.922485,S
2379,20.59876,9.066101,S
2380,-21.137497,64.94035,S
2381,-3.7701821,23.459242,S
2382,1.8955712,39.04688,S
2383,34.02254,-0.8467641,S
2384,25.638475,14.889638,S
2385,11.528697,29.140297,S
2386,13.206992,21.031572,S
2387,-6.3411064,23.613987,S
2388,-35.088287,26.582014,S
2389,36.296425,15.775614,S
2390,20.525972,13.8295355,S
2391,24.303509,3.0834851,S
2392,31.248322,0.6067673,S
2393,-32.309883,-38.850044,S
2394,-56.55881,39.529015,S
2395,-35.02577,24.084002,S
2396,0.14714852,36.023094,S
2397,1.3448365,-16.097897,S
2398,-0.58369654,30.119497,S
2399,2.839502,2.922842,S
2400,45.29533,-33.135662,S
2401,-17.506369,-1.3126665,S
2402,-19.956137,46.813606,S
2403,-32.32242,23.776018,S
2404,17.724344,-38.918312,S
2405,-19.716621,17.03204,S
2406,34.749214,0.18718648,S
2407,41.267822,-6.5512004,S
2408,-8.418613,-17.440166,S
2409,-8.997543,52.26991,S
2410,-11.422979,12.09151,S
2411,11.715096,4.4515886,S
2412,-6.486169,39.66821,S
2413,-4.573404,-1.7674899,S
2414,-15.700942,47.13866,S
2415,4.4944596,43.938347,S
2416,8.394407,18.301435,S
2417,49.45303,-6.607285,S
2418,-0.8627641,16.977316,S
2419,-4.4708385,11.410351,S
2420,-38.393414,24.347519,S
2421,20.255354,22.639326,S
2422,6.1674404,-11.848157,S
2423,-10.460289,20.910719,S
2424,-33.620247,30.499897,S
2425,2.0811634,17.675383,S
2426,33.720818,5.939299,S
2427,14.770878,4.776815,S
2428,17.143456,0.93060446,S
2429,-7.7039022,46.321804,S
2430,-0.9451374,28.746204,S
2431,-11.48973,1.554666,S
2432,-0.7728647,33.243,S
2433,20.159653,11.084802,S
2434,25.01438,-13.352881,S
2435,-53.455524,42.26606,S
2436,-6.1140475,11.725721,S
2437,31.814018,-14.858046,S
2438,15.411905,31.73548,S
2439,3.4535995,5.3121877,S
2440,-51.575558,32.924725,S
2441,2.7973928,2.2515461,S
2442,1.9182982,1.6478962,S
2443,-14.415191,37.378967,S
2444,14.916086,1.195879,S
2445,-15.780816,26.935854,S
2446,10.156284,27.037256,S
2447,15.793709,23.331612,S
2448,-29.46712,-33.267975,S
2449,42.254253,-4.1600814,S
2450,11.5995,35.3294,S
2451,-8.539416,18.619432,S
2452,-22.98774,0.85083526,S
2453,16.584406,11.561754,S
2454,-25.217487,2.8499634,S
2455,20.228329,-33.715538,S
2456,26.46263,15.746228,S
2457,-17.176327,28.861074,S
2458,44.876278,-15.226454,S
2459,-48.63203,35.345867,S
2460,-0.38785878,18.052904,S
2461,12.903555,1.6236721,S
2462,-0.49521932,5.935104,S
2463,15.739027,8.159274,S
2464,-14.080283,45.909718,S
2465,5.280773,-65.52533,S
2466,-20.245188,16.836359,S
2467,33.268505,16.248827,S
2468,-32.930393,22.508167,S
2469,14.4902725,24.084951,S
2470,6.099578,44.342373,S
2471,10.347774,-76.590225,S
2472,-32.31351,60.613655,S
2473,14.329614,26.063839,S
2474,39.102955,-11.037102,S
2475,-10.66179,39.612774,S
2476,-21.143301,9.634984,S
2477,-0.26746932,27.343185,S
2478,-21.40622,12.944459,S
2479,-28.239689,20.93824,S
2480,-3.791182,7.6678953,S
2481,34.46072,3.1159892,S
2482,-38.736965,9.841188,S
2483,-13.0868435,13.6719,S
2484,55.072144,-24.188839,S
2485,15.931284,6.628644,S
2486,20.457716,8.807311,S
2487,-13.183842,7.114388,S
2488,-2.5544183,22.29042,S
2489,-7.641597,20.204077,S
2490,11.446066,27.434427,S
2491,1.6660541,10.509756,S
2492,11.978085,22.776176,S
2493,43.53727,-17.58565,S
2494,-7.0896697,14.628448,S
2495,-32.6795,40.59192,S
2496,-30.627449,14.1446,S
2497,20.834044,2.2976367,S
2498,-13.404703,49.601547,S
2499,33.405163,9.996117,S
2500,9.629602,41.035355,S
2501,2.5711524,26.043388,S
2502,-19.72101,55.858902,S
2503,-10.977266,15.518632,S
2504,-5.568391,33.669365,S
2505,-9.433247,5.6188507,S
2506,39.454308,-7.9797525,S
2507,-10.386801,12.233267,S
2508,-13.963019,37.209854,S
2509,25.562624,-8.095786,S
2510,-8.259823,26.17452,S
2511,33.2123,11.281451,S
2512,7.5159545,30.919565,S
2513,-13.658259,-9.758484,S
2514,-2.8514714,-21.98355,S
2515,0.121531196,25.011646,S
2516,-19.494272,3.6891892,S
2517,-37.88991,19.928053,S
2518,19.01123,2.6999118,S
2519,26.236197,17.241478,S
2520,-31.275167,-32.01798,S
2521,-4.6639028,33.90415,S
2522,-2.8280008,46.249752,S
2523,-13.736329,23.060204,S
2524,-25.30115,24.543144,S
2525,34.06576,10.057396,S
2526,2.3503478,7.703931,S
2527,33.811962,2.9838164,S
2528,-2.4270515,3.9111905,S
2529,-23.078907,-24.91289,S
2530,-9.627627,13.099122,S
2531,-12.0169935,-11.941169,S
2532,-7.513316,-2.862518,S
2533,5.13096,-7.215425,S
2534,-4.762166,7.2353096,S
2535,31.160309,-2.9523888,S
2536,-12.878551,15.622407,S
2537,10.982158,15.393763,S
2538,27.930288,4.9126,S
2539,-6.0358195,21.698486,S
2540,22.658049,-29.383358,S
2541,8.882877,31.208498,S
2542,-40.93011,29.054382,S
2543,0.37698415,13.25307,S
2544,44.280464,-4.582237,S
2545,25.053904,2.0242894,S
2546,12.187601,28.992025,S
2547,-12.54681,27.426031,S
2548,-28.815536,-30.894617,S
2549,-0.7209469,-17.912954,S
2550,9.431585,-0.23875223,S
2551,-21.114582,13.674178,S
2552,16.398968,9.506299,S
2553,14.608828,7.5630517,S
2554,-31.458101,16.334682,S
2555,-20.540125,4.0033035,S
2556,3.6594448,34.96166,S
2557,3.0662894,25.423283,S
2558,2.2902286,-11.648342,S
2559,13.196873,19.121128,S
2560,-52.84869,51.787643,S
2561,2.3105195,-25.803589,S
2562,-31.68386,51.959763,S
2563,20.537209,-19.687746,S
2564,3.3722088,-25.428583,S
2565,8.981133,33.363045,S
2566,19.942974,5.1658883,S
2567,-2.8803072,46.902496,S
2568,10.497932,-3.3211987,S
2569,12.226577,11.502921,S
2570,2.5774481,-58.934826,S
2571,-4.587568,0.25739294,S
2572,6.556574,13.446737,S
2573,-24.120924,13.808366,S
2574,21.275248,5.086264,S
2575,34.585735,3.4852066,S
2576,6.391212,34.267944,S
2577,34.670605,-1.580428,S
2578,12.360098,11.23402,S
2579,1.3949835,8.700291,S
2580,-45.028603,25.736814,S
2581,5.2149186,41.35032,S
2582,45.37975,-11.412788,S
2583,11.3973465,-4.953956,S
2584,49.53835,-5.5266457,S
2585,-0.7476464,3.1704516,S
2586,-6.606627,15.128792,S
2587,5.880498,16.37669,S
2588,-34.89,12.901473,S
2589,-5.555759,41.760925,S
2590,-2.1727066,27.457064,S
2591,-37.30007,37.143093,S
2592,43.503967,-7.8898816,S
2593,-14.105492,30.08877,S
2594,-21.654724,9.890388,S
2595,26.60892,16.198166,S
2596,33.5749,6.7903996,S
2597,-30.692863,27.370033,S
2598,-10.768506,-11.999523,S
2599,15.950083,21.72726,S
2600,24.50572,2.9060223,S
2601,-0.6356101,23.993963,S
2602,28.320623,-3.9084208,S
2603,-1.3686022,-17.251543,S
2604,-37.61696,14.437919,S
2605,-16.962557,-0.26637253,S
2606,9.509823,25.334557,S
2607,15.050627,19.461359,S
2608,-4.2518144,30.704077,S
2609,1.3228103,46.893513,S
2610,40.640617,-11.711665,S
2611,52.32423,-26.042645,S
2612,24.250162,-3.5278473,S
2613,-36.164707,28.364622,S
2614,-33.870853,-36.375877,S
2615,-24.307108,18.354233,S
2616,-21.683744,8.927548,S
2617,11.419154,-18.766893,S
2618,38.343155,-8.611235,S
2619,-5.8459735,21.935404,S
2620,11.781401,31.328707,S
2621,-10.783204,26.166975,S
2622,6.4372215,38.501984,S
2623,-5.1280217,-7.4912577,S
2624,24.41479,20.386284,S
2625,30.392708,12.914974,S
2626,-26.68265,-29.840973,S
2627,4.3441324,41.12542,S
2628,14.13919,22.531404,S
2629,4.453643,36.19322,S
2630,-0.7318442,17.24445,S
2631,16.235428,23.229725,S
2632,-23.854603,4.10803,S
2633,-3.5451713,-17.703253,S
2634,7.8457003,37.329205,S
2635,1.5132493,29.630232,S
2636,-34.764362,31.001945,S
2637,15.993976,4.138394,S
2638,27.406603,-24.309587,S
2639,2.3523507,-13.057472,S
2640,31.463377,19.74322,S
2641,21.812326,16.470964,S
2642,9.530701,21.787022,S
2643,4.247872,2.3487587,S
2644,29.912996,7.282862,S
2645,-16.767477,17.736248,S
2646,-9.335181,13.586766,S
2647,8.143933,-9.057254,S
2648,4.2677674,24.724197,S
2649,38.187973,-0.9817322,S
2650,-25.61897,25.31903,S
2651,29.990131,-8.523444,S
2652,-1.095514,-8.170241,S
2653,20.857574,17.631458,S
2654,13.671595,19.21993,S
2655,-1.4915679,-18.748821,S
2656,-39.04398,35.215916,S
2657,12.926155,5.873108,S
2658,-31.119545,21.823032,S
2659,-10.852767,7.095726,S
2660,-13.513409,-34.003284,S
2661,12.504297,16.014072,S
2662,-14.107526,15.577278,S
2663,12.645665,-0.792178,S
2664,1.48014,33.73031,S
2665,29.201723,-1.5576001,S
2666,-25.23997,26.129211,S
2667,-18.728342,59.487892,S
2668,25.633976,0.8224127,S
2669,0.1710426,35.65176,S
2670,-0.16723602,37.798397,S
2671,0.965075,36.364548,S
2672,4.3979616,10.645449,S
2673,40.254074,-18.919714,S
2674,31.017363,6.4775233,S
2675,9.80713,-5.6771502,S
2676,-19.179358,25.332533,S
2677,12.38693,14.927693,S
2678,20.298145,22.71567,S
2679,-7.692977,3.0224218,S
2680,-26.359545,9.360665,S
2681,-36.22516,11.329931,S
2682,-39.883804,24.508308,S
2683,-22.108143,-25.335897,S
2684,9.761,3.084404,S
2685,30.448938,5.2398686,S
2686,-11.393883,0.41364482,S
2687,21.542702,7.009913,S
2688,10.5185175,26.20566,S
2689,8.436138,24.874075,S
2690,1.4118251,4.312431,S
2691,-51.21199,27.097939,S
2692,35.354107,-1.7809079,S
2693,6.184824,9.820298,S
2694,0.40563062,7.35485,S
2695,7.005748,25.235615,S
2696,-10.001947,7.50949,S
2697,3.7057033,-32.53075,S
2698,-25.608625,33.238804,S
2699,20.76952,-11.73216,S
2700,-2.8746464,14.207371,S
2701,6.6896963,-29.115139,S
2702,-12.3826475,25.180506,S
2703,34.86283,2.6815226,S
2704,-39.722435,33.41394,S
2705,-36.39986,25.711983,S
2706,-45.526283,21.35962,S
2707,7.520378,-9.040567,S
2708,21.070341,1.1113999,S
2709,-45.66981,25.414236,S
2710,4.3041635,35.082706,S
2711,-10.192121,11.773027,S
2712,-30.102512,-35.167347,S
2713,1.6579802,38.95661,S
2714,-25.799637,7.602997,S
2715,-12.927792,-37.92744,S
2716,-42.693996,38.487034,S
2717,-16.61888,59.093616,S
2718,-7.164364,23.214624,S
2719,34.77023,-0.22762722,S
2720,48.634842,-21.578564,S
2721,-37.669266,29.226206,S
2722,2.5513484,26.054983,S
2723,-26.36206,27.133862,S
2724,-3.172916,39.241238,S
2725,6.531118,-3.1468854,S
2726,-24.014832,18.804071,S
2727,-5.5012884,33.288742,S
2728,-4.0223236,33.990543,S
2729,36.85622,4.155387,S
2730,-17.431707,7.2253118,S
2731,19.119858,19.681276,S
2732,3.9986188,30.30965,S
2733,24.866753,-2.1507132,S
2734,-22.784693,6.567445,S
2735,-13.304166,38.784645,S
2736,21.279203,11.54668,S
2737,25.378609,9.627135,S
2738,25.574299,12.064597,S
2739,6.159258,-27.583973,S
2740,-29.2768,14.963499,S
2741,-10.172527,1.2758766,S
2742,6.44561,-25.964224,S
2743,-23.45976,3.5348094,S
2744,1.7700285,39.09785,S
2745,-27.282057,30.849203,S
2746,2.7383118,-61.684467,S
2747,-33.30921,5.748886,S
2748,-25.990854,-32.63139,S
2749,-32.01755,15.779197,S
2750,-18.014029,9.304795,S
2751,-28.034842,30.830482,S
2752,-30.775316,6.4731293,S
2753,-30.472712,-29.160156,S
2754,5.2250896,5.927944,S
2755,-23.215311,21.28421,S
2756,26.349373,8.9685545,S
2757,-17.70906,12.762412,S
2758,-8.986405,22.451237,S
2759,10.251441,33.646656,S
2760,13.901435,3.796461,S
2761,-2.4184945,-22.562649,S
2762,-30.381323,13.2211685,S
2763,-6.533633,-4.510723,S
2764,-9.910111,25.510603,S
2765,29.643087,-8.970723,S
2766,16.81127,14.56973,S
2767,-39.129017,39.352974,S
2768,-23.444082,35.472237,S
2769,-4.594128,-0.65069115,S
2770,13.129291,12.8640175,S
2771,-16.204716,21.658957,S
2772,-14.50763,33.100914,S
2773,-9.5084715,20.267609,S
2774,22.120382,-2.0109384,S
2775,1.1434836,32.58351,S
2776,-5.9034705,37.38657,S
2777,-20.947454,57.753822,S
2778,13.890084,-20.493885,S
2779,11.325524,-10.295722,S
2780,33.202366,-3.792503,S
2781,-24.336727,3.5434659,S
2782,-20.981466,57.13783,S
2783,-37.613937,49.501686,S
2784,-11.952597,42.182568,S
2785,23.994215,12.44743,S
2786,8.964934,40.932045,S
2787,-5.1885977,36.422974,S
2788,39.361572,12.097573,S
2789,14.737809,20.88178,S
2790,20.988295,-11.627706,S
2791,39.93693,-12.4144745,S
2792,-21.115824,25.58457,S
2793,5.56845,38.98631,S
2794,-16.852106,-36.55855,S
2795,-12.622802,16.684069,S
2796,12.755572,-14.2478695,S
2797,20.238808,-10.592283,S
2798,-14.746274,19.779175,S
2799,-13.343303,16.596088,S
2800,-25.103096,22.896662,S
2801,-27.342434,19.995214,S
2802,13.381404,27.05238,S
2803,-9.77617,21.94858,S
2804,-13.309082,34.359,S
2805,-38.24062,38.494225,S
2806,16.0313,-74.26552,S
2807,-19.326769,41.551777,S
2808,3.594743,23.197598,S
2809,16.987724,8.239634,S
2810,7.828171,27.688486,S
2811,9.481548,1.9057773,S
2812,5.4676147,2.3748755,S
2813,5.783474,2.603722,S
2814,-33.57849,10.588493,S
2815,5.31312,26.769535,S
2816,-4.0514226,22.017427,S
2817,-22.137447,13.576499,S
2818,31.25717,19.869034,S
2819,0.5235089,-17.160507,S
2820,-32.796417,-35.329964,S
2821,41.712727,-3.8584144,S
2822,-15.914536,-5.333403,S
2823,5.5642457,19.993261,S
2824,17.14552,-6.8860154,S
2825,36.2217,-16.009531,S
2826,1.1640111,29.582634,S
2827,6.693715,16.141117,S
2828,2.531414,-17.229462,S
2829,-12.0148325,35.83366,S
2830,30.571173,6.185612,S
2831,21.253407,18.528273,S
2832,-33.721924,22.234978,S
2833,3.514356,23.722738,S
2834,-26.364525,-29.13876,S
2835,-2.629847,5.857158,S
2836,-32.23007,26.202295,S
2837,31.093378,-33.652893,S
2838,-11.910199,18.089735,S
2839,-16.369034,34.970123,S
2840,-18.308298,3.128153,S
2841,4.7819033,32.23992,S
2842,-17.66749,0.0034707899,S
2843,6.9848094,44.358032,S
2844,-37.276684,44.432816,S
2845,-27.567566,21.790571,S
2846,12.485821,-9.293891,S
2847,-20.634367,32.119522,S
2848,-14.806681,13.173608,S
2849,-37.33584,25.235157,S
2850,-16.557117,42.820568,S
2851,31.744415,-1.7559088,S
2852,-30.024836,50.011276,S
2853,-29.0075,29.211536,S
2854,10.042613,19.780357,S
2855,-7.5647397,16.241274,S
2856,29.555965,19.90343,S
2857,42.553608,-34.419422,S
2858,4.1905413,24.849333,S
2859,13.122705,7.694349,S
2860,7.2694893,17.401764,S
2861,38.4581,-13.942425,S
2862,17.783758,-28.428852,S
2863,29.386683,-10.68188,S
2864,-34.5893,12.73552,S
2865,-15.753376,44.429935,S
2866,-0.6663905,17.682034,S
2867,-13.301057,17.62043,S
2868,-6.491436,15.276571,S
2869,-7.9941278,19.764387,S
2870,-30.787588,-34.130558,S
2871,0.112049714,43.277435,S
2872,8.86777,24.317144,S
2873,15.236711,2.1608655,S
2874,10.665962,36.944817,S
2875,-2.0764284,40.377693,S
2876,32.430054,9.324113,S
2877,15.065282,-5.6518655,S
2878,20.36714,17.792967,S
2879,-22.224655,46.628677,S
2880,17.793737,7.9192314,S
2881,-1.5702857,-23.285782,S
2882,10.131156,1.4954772,S
2883,-13.110218,18.61865,S
2884,26.694544,-17.006786,S
2885,-25.32298,24.337183,S
2886,6.856224,19.503939,S
2887,-30.511917,-36.056892,S
2888,7.7756453,16.873362,S
2889,-3.019792,-24.388836,S
2890,17.826067,-2.8735213,S
2891,-14.178055,38.46487,S
2892,16.524656,8.954859,S
2893,-12.301292,18.498262,S
2894,7.782873,-36.6302,S
2895,-41.077187,18.397324,S
2896,-20.246199,21.78262,S
2897,-29.751055,52.80128,S
2898,10.45766,24.782253,S
2899,-2.412706,-7.154256,S
2900,3.2204423,45.855686,S
2901,3.6858573,35.765053,S
2902,-8.689543,9.034097,S
2903,12.940176,25.807804,S
2904,33.45658,-2.3336933,S
2905,27.58271,-6.1995506,S
2906,22.50361,20.589987,S
2907,-6.9172254,31.067825,S
2908,-14.255012,11.988402,S
2909,29.622683,16.041595,S
2910,5.427758,28.544569,S
2911,5.627852,29.883162,S
2912,7.7562284,37.32351,S
2913,-10.257252,-12.10138,S
2914,-37.47123,31.114187,S
2915,4.6261315,28.388876,S
2916,7.231689,44.39592,S
2917,-7.0012302,48.09791,S
2918,-3.3262415,12.861765,S
2919,-10.795691,20.740717,S
2920,10.69568,12.923302,S
2921,6.679027,37.049583,S
2922,-31.916193,10.876312,S
2923,-28.730911,3.8126485,S
2924,15.23467,8.730811,S
2925,-18.245817,25.23131,S
2926,-23.9329,25.31882,S
2927,9.1872425,4.149322,S
2928,42.019054,-60.49514,S
2929,33.992077,-2.5770283,S
2930,6.8104157,-2.0075667,S
2931,-8.8767805,-31.17261,S
2932,2.555388,40.02874,S
2933,22.697403,19.93434,S
2934,22.586687,-0.03220584,S
2935,-8.260232,46.030735,S
2936,-9.344813,11.175918,S
2937,-36.384583,39.897934,S
2938,-7.2050233,46.982697,S
2939,9.141275,26.599758,S
2940,-7.1959343,8.11411,S
2941,-46.426174,20.62008,S
2942,-7.9894514,22.248777,S
2943,-20.507679,-24.210358,S
2944,-23.11186,1.6235491,S
2945,1.4521978,33.59633,S
2946,6.547936,31.102383,S
2947,-38.477722,11.101768,S
2948,-57.01018,42.55604,S
2949,-35.70545,11.025454,S
2950,14.789689,5.1272516,S
2951,7.552253,36.79399,S
2952,7.528869,-13.04441,S
2953,-4.609045,31.335985,S
2954,8.836446,31.464315,S
2955,9.705833,28.082157,S
2956,-36.740414,33.349335,S
2957,23.004526,11.35657,S
2958,-30.194633,26.912031,S
2959,-0.5866456,39.12755,S
2960,-9.221764,45.43552,S
2961,19.49386,17.914875,S
2962,38.252506,9.109962,S
2963,24.975843,6.2035728,S
2964,41.437977,-10.343394,S
2965,31.472012,4.6001725,S
2966,17.776402,-6.6136537,S
2967,-5.4775877,24.509275,S
2968,-6.1821966,11.831966,S
2969,38.964417,13.852599,S
2970,23.201036,11.8620615,S
2971,3.2898154,21.517977,S
2972,11.42002,-0.2548601,S
2973,-13.694248,33.231728,S
2974,-34.27484,30.828384,S
2975,-33.842857,51.308086,S
2976,33.918823,11.339527,S
2977,-7.4246016,43.142086,S
2978,-36.77872,11.619955,S
2979,14.939616,-2.358187,S
2980,-31.48524,16.580166,S
2981,-5.172905,-0.5956905,S
2982,10.81949,-19.984852,S
2983,-15.409122,24.14153,S
2984,15.722189,21.793537,S
2985,12.172229,25.959642,S
2986,14.597826,-29.330315,S
2987,-13.513869,51.8254,S
2988,-5.572744,15.764268,S
2989,12.004982,20.1566,S
2990,34.613758,-53.249172,S
2991,6.2913275,18.004896,S
2992,5.5729394,34.474503,S
2993,-45.061996,30.158428,S
2994,1.6802677,17.783894,S
2995,14.871402,-17.063002,S
2996,3.4597118,-20.612425,S
2997,-5.629547,46.49687,S
2998,9.842268,-20.986496,S
2999,0.7836217,-27.824654,S
3000,17.714832,4.9933076,S
3001,-27.73418,19.167953,S
3002,1.9597692,13.253045,S
3003,-20.370922,21.875341,S
3004,11.449222,13.310866,S
3005,4.3934827,0.63401407,S
3006,-17.677118,19.223005,S
3007,-1.276577,42.708908,S
3008,4.0098133,-17.567993,S
3009,-10.414349,19.597492,S
3010,-5.7840405,1.4637449,S
3011,25.991772,6.3906617,S
3012,32.148678,9.927731,S
3013,43.768394,-17.822014,S
3014,12.732374,5.1711793,S
3015,-23.28854,31.249258,S
3016,10.775728,-5.658905,S
3017,34.19974,-6.115917,S
3018,-16.234592,-1.3848213,S
3019,-14.785259,17.78189,S
3020,11.666355,0.17447928,S
3021,-12.447293,40.434895,S
3022,31.613192,11.81951,S
3023,-29.626938,-34.389423,S
3024,-2.2095726,-17.65582,S
3025,16.685085,-45.12788,S
3026,-18.190855,27.600243,S
3027,-7.801665,26.468416,S
3028,26.238918,3.3013325,S
3029,-1.4075854,27.25677,S
3030,-0.95785385,5.4959645,S
3031,16.111366,12.614374,S
3032,-31.908703,-33.295963,S
3033,-4.994034,27.591047,S
3034,-11.479328,6.7694225,S
3035,-35.07221,31.14316,S
3036,10.275412,35.967598,S
3037,32.535725,4.7541795,S
3038,-20.89825,15.543911,S
3039,8.8362665,-10.926836,S
3040,45.929123,-2.8390543,S
3041,-11.308259,12.098456,S
3042,21.19462,-20.49691,S
3043,20.560648,5.4906797,S
3044,-35.222767,7.4443645,S
3045,-4.1881948,-34.503796,S
3046,-30.953024,8.928537,S
3047,8.52918,21.273266,S
3048,-31.368675,20.360907,S
3049,-13.88465,21.471674,S
3050,-48.261955,31.104364,S
3051,-0.13345072,43.909462,S
3052,0.7064405,21.077663,S
3053,-12.393531,27.660282,S
3054,-18.826468,28.224335,S
3055,-19.523907,33.377346,S
3056,42.53904,-13.283065,S
3057,1.518737,6.371021,S
3058,-38.46697,25.793497,S
3059,20.987041,-7.993542,S
3060,47.277283,-11.709191,S
3061,6.8860326,24.652222,S
3062,-8.334733,-1.1189622,S
3063,27.361614,-24.371803,S
3064,-28.03122,-35.50661,S
3065,-21.873857,12.352656,S
3066,-46.172207,59.011326,S
3067,-9.330452,23.575922,S
3068,-13.119602,26.350107,S
3069,16.83926,25.69142,S
3070,-8.749998,26.67843,S
3071,-11.010894,-30.939373,S
3072,-20.031382,12.019688,S
3073,28.889965,10.824628,S
3074,9.661558,27.418562,S
3075,1.6485142,-26.392702,S
3076,6.55784,0.95412886,S
3077,43.14747,-13.068558,S
3078,30.974903,10.776424,S
3079,31.499983,10.990802,S
3080,-8.704393,30.736332,S
3081,-29.44974,-35.174717,S
3082,5.102583,15.595898,S
3083,21.331114,24.936584,S
3084,-8.055431,39.07476,S
3085,40.34283,-15.886563,S
3086,5.1271696,5.648415,S
3087,42.72891,-50.85925,S
3088,-12.098568,4.972901,S
3089,-44.064266,33.084732,S
3090,-33.325138,21.640385,S
3091,-25.75979,15.574137,S
3092,-14.80495,-7.223273,S
3093,-16.955229,3.4554534,S
3094,-14.5955305,39.96911,S
3095,-19.320944,38.4563,S
3096,-12.591547,-6.550658,S
3097,34.095768,-38.603912,S
3098,-24.909475,5.4553194,S
3099,-9.863565,24.921951,S
3100,-26.723717,-22.135769,S
3101,0.21752664,-29.021042,S
3102,-46.652103,41.861454,S
3103,-23.667202,4.3687334,S
3104,37.45422,-9.090425,S
3105,-0.6295917,3.204644,S
3106,-46.440056,17.62125,S
3107,-43.193714,12.736817,S
3108,6.496862,29.663683,S
3109,-7.2182293,14.517458,S
3110,30.639156,-7.847754,S
3111,3.0271149,11.680976,S
3112,-17.386536,0.8119895,S
3113,1.7031466,46.539013,S
3114,19.427183,-17.929626,S
3115,-35.649963,26.068197,S
3116,-31.08406,19.814064,S
3117,1.2697599,42.580135,S
3118,-1.0777915,-6.352661,S
3119,-3.301093,30.34861,S
3120,39.874245,-21.98753,S
3121,-4.342147,22.20428,S
3122,-33.526726,29.718851,S
3123,-38.80893,36.64493,S
3124,47.759922,-29.615166,S
3125,-1.282566,42.315372,S
3126,-18.952196,46.446144,S
3127,25.467054,1.8153387,S
3128,-18.344193,38.55805,S
3129,-32.86666,5.4704466,S
3130,-19.759518,15.179752,S
3131,-17.36223,19.212414,S
3132,-5.935739,-16.630814,S
3133,23.6603,-0.7587871,S
3134,-36.47867,23.084236,S
3135,-42.360546,23.81935,S
3136,0.402331,24.053179,S
3137,-36.574207,16.374245,S
3138,34.222042,13.401857,S
3139,4.950218,32.275127,S
3140,-23.369326,11.413067,S
3141,-11.980867,14.7039585,S
3142,12.916252,25.999949,S
3143,8.0234585,24.998318,S
3144,23.148914,19.822113,S
3145,-12.460087,11.6085205,S
3146,-15.416957,26.734121,S
3147,-24.684698,14.286147,S
3148,15.689526,33.572742,S
3149,-36.670994,25.337215,S
3150,0.67295855,-11.594584,S
3151,9.568257,6.988869,S
3152,-0.83838165,38.642395,S
3153,-13.708295,-36.049404,S
3154,-31.112183,-33.024174,S
