-3.662652206420898438e+01,-1.111569690704345703e+01
-3.933562088012695312e+01,3.677587032318115234e+00
-3.509976959228515625e+01,-1.440060997009277344e+01
-3.133568954467773438e+01,3.423796463012695312e+01
-2.858826828002929688e+01,3.869504928588867188e+01
-4.315676498413085938e+01,4.796425342559814453e+00
-3.993550491333007812e+01,1.339179801940917969e+01
-3.178273010253906250e+01,3.779014205932617188e+01
-4.255569076538085938e+01,1.824892807006835938e+01
-2.385758972167968750e+01,4.341157531738281250e+01
-3.911579132080078125e+01,-3.006137609481811523e+00
-4.149159622192382812e+01,7.138187885284423828e+00
-3.942397689819335938e+01,-2.752551794052124023e+00
-3.283659744262695312e+01,-1.069598674774169922e+01
-3.279548263549804688e+01,3.105100822448730469e+01
-3.471944427490234375e+01,2.604162216186523438e+01
-1.526043605804443359e+01,2.454075050354003906e+01
-4.235767745971679688e+01,-4.478385448455810547e+00
-3.614027786254882812e+01,-1.204596233367919922e+01
-4.177479553222656250e+01,3.843679666519165039e+00
-3.751191711425781250e+01,1.607617568969726562e+01
-3.368434524536132812e+01,-1.135928726196289062e+01
-3.509869384765625000e+01,2.556179046630859375e+01
-3.076532554626464844e+01,-1.385425567626953125e+01
-2.886878204345703125e+01,4.013660049438476562e+01
-4.027950668334960938e+01,2.200232505798339844e+01
-3.893196105957031250e+01,2.588122177124023438e+01
-2.242485427856445312e+01,4.616273880004882812e+01
-3.435504531860351562e+01,3.435434722900390625e+01
-4.003630065917968750e+01,1.917559623718261719e+01
-3.958676528930664062e+01,2.773387336730957031e+01
-3.762096023559570312e+01,-5.010873317718505859e+00
-3.536967849731445312e+01,2.935508918762207031e+01
-4.097262954711914062e+01,-2.832181215286254883e+00
-3.904131317138671875e+01,2.637667846679687500e+01
-2.934435844421386719e+01,3.908163833618164062e+01
-3.473064422607421875e+01,-1.180643463134765625e+01
-3.988932800292968750e+01,3.956439018249511719e+00
-3.010992431640625000e+01,3.808077239990234375e+01
-4.278811645507812500e+01,6.747482299804687500e+00
-4.217259597778320312e+01,1.743523788452148438e+01
-3.953431320190429688e+01,2.611313247680664062e+01
-3.435816574096679688e+01,3.061372756958007812e+01
-3.870988464355468750e+01,1.182268857955932617e+00
-3.501713180541992188e+01,-9.406504631042480469e+00
-4.003718185424804688e+01,2.521116828918457031e+01
-3.203869628906250000e+01,-1.517876243591308594e+01
-3.888114929199218750e+01,5.903435230255126953e+00
-3.607180023193359375e+01,-1.069727897644042969e+01
-3.431069946289062500e+01,2.847339630126953125e+01
-3.936873626708984375e+01,2.718096673488616943e-01
-2.241324996948242188e+01,4.361035919189453125e+01
1.038351535797119141e+00,-1.848930716514587402e+00
-4.097825241088867188e+01,2.148745346069335938e+01
-4.330496597290039062e+01,-5.194676876068115234e+00
-3.356463241577148438e+01,-1.397058963775634766e+01
-3.946376037597656250e+01,-5.585838317871093750e+00
-2.979796218872070312e+01,4.056813049316406250e+01
-4.058945846557617188e+01,2.293922615051269531e+01
-4.032099914550781250e+01,2.343704605102539062e+01
-4.055419921875000000e+01,4.133819103240966797e+00
-4.157545852661132812e+01,1.141762542724609375e+01
-3.723936462402343750e+01,1.198359870910644531e+01
-3.923329412937164307e-01,-2.479837417602539062e+00
-3.913092911243438721e-01,-1.777592897415161133e+00
1.261212825775146484e+00,-1.193623423576354980e+00
-3.408590698242187500e+01,-1.150317859649658203e+01
-3.215913391113281250e+01,3.582436752319335938e+01
-2.294041061401367188e+01,4.340745162963867188e+01
-3.244128799438476562e+01,3.311090850830078125e+01
-4.124588775634765625e+01,-4.649062633514404297e+00
-3.943998718261718750e+01,1.680452919006347656e+01
-3.889752960205078125e+01,1.702286720275878906e+01
-4.246208190917968750e+01,2.074537658691406250e+01
-3.293344497680664062e+01,-1.342581367492675781e+01
-3.614165115356445312e+01,-1.096275520324707031e+01
-4.416733551025390625e+01,2.039078140258789062e+01
-4.246129608154296875e+01,9.986585378646850586e-02
-2.965405845642089844e+01,-1.430621147155761719e+01
-4.332331848144531250e+01,2.155262756347656250e+01
-2.147182846069335938e+01,4.718227767944335938e+01
-3.578702163696289062e+01,-1.164680480957031250e+01
-2.148222732543945312e+01,4.732878494262695312e+01
-4.515454483032226562e+01,7.212819576263427734e+00
-3.970954513549804688e+01,1.751972198486328125e+01
-3.719232177734375000e+01,2.352048301696777344e+01
-3.280892944335937500e+01,3.134663009643554688e+01
-4.137550354003906250e+01,-2.029811143875122070e+00
-3.232440185546875000e+01,-1.247219085693359375e+01
-3.976922607421875000e+01,-2.757230401039123535e-01
-4.225047683715820312e+01,2.851702928543090820e+00
-3.782572174072265625e+01,1.810246658325195312e+01
-3.587720108032226562e+01,-9.601542472839355469e+00
-4.124908447265625000e+01,-1.404683232307434082e+00
-2.352715110778808594e+01,4.605819320678710938e+01
-3.835231018066406250e+01,5.457475185394287109e+00
-3.920609664916992188e+01,1.783817529678344727e+00
-3.522710800170898438e+01,2.837255668640136719e+01
-4.164426422119140625e+01,1.776051712036132812e+01
-3.562496948242187500e+01,3.322402954101562500e+01
-3.763527679443359375e+01,1.772855567932128906e+01
-3.708764266967773438e+01,1.748768043518066406e+01
-4.152060699462890625e+01,5.666959762573242188e+00
-2.808270072937011719e+01,3.749896240234375000e+01
-3.829164123535156250e+01,1.919722795486450195e+00
-3.899837493896484375e+01,1.104905724525451660e+00
-3.129585838317871094e+01,3.424877166748046875e+01
-4.401229095458984375e+01,1.730679512023925781e+01
-3.542208099365234375e+01,2.493392753601074219e+01
-3.982193374633789062e+01,-7.056446075439453125e+00
-4.113437652587890625e+01,1.191038703918457031e+01
-4.007839965820312500e+01,-5.402313232421875000e+00
-2.504028701782226562e+01,4.194216156005859375e+01
-4.520113372802734375e+01,6.778286457061767578e+00
-2.886919021606445312e+01,4.055350494384765625e+01
-4.202026367187500000e+01,8.226011276245117188e+00
-3.330832290649414062e+01,3.161663436889648438e+01
-3.831690979003906250e+01,-1.479087352752685547e+00
-3.443016433715820312e+01,3.572603988647460938e+01
-4.088931274414062500e+01,1.291675186157226562e+01
-3.935226440429687500e+01,1.117719554901123047e+01
-3.950115203857421875e+01,2.164536666870117188e+01
-2.906454086303710938e+01,-1.479364299774169922e+01
-3.391085815429687500e+01,-1.425536727905273438e+01
-3.584040832519531250e+01,3.341809844970703125e+01
-2.208093643188476562e+01,4.441854476928710938e+01
-2.313067054748535156e+01,4.626514434814453125e+01
-3.313682937622070312e+01,3.608514404296875000e+01
-2.237540817260742188e+01,4.537025451660156250e+01
-4.361374664306640625e+01,2.172984886169433594e+01
-3.849547958374023438e+01,-1.983934164047241211e+00
-3.048581504821777344e+01,-1.442867755889892578e+01
-3.891345977783203125e+01,-2.042354196310043335e-01
-3.519384384155273438e+01,3.298642349243164062e+01
-2.592824935913085938e+01,4.006957244873046875e+01
-3.361819458007812500e+01,-1.294454860687255859e+01
-4.213173675537109375e+01,2.089601707458496094e+01
4.707446575164794922e+00,9.730792641639709473e-01
-3.842345046997070312e+01,1.652737426757812500e+01
-3.454629135131835938e+01,2.981365394592285156e+01
-3.579421997070312500e+01,2.976232719421386719e+01
-3.107169532775878906e+01,-1.430048084259033203e+01
-3.482670211791992188e+01,3.323339843750000000e+01
-4.350713729858398438e+01,5.276583671569824219e+00
2.116960763931274414e+00,-1.834605216979980469e+00
-3.923652648925781250e+01,-1.048035860061645508e+00
-4.486349868774414062e+01,6.453278064727783203e+00
-3.458073043823242188e+01,-1.449708175659179688e+01
-3.653334808349609375e+01,-8.034589767456054688e+00
-3.943650436401367188e+01,1.985212135314941406e+01
-4.253155899047851562e+01,2.554536819458007812e+00
-3.781881713867187500e+01,2.150870895385742188e+01
-4.379447174072265625e+01,1.918708038330078125e+01
-3.338812255859375000e+01,3.523665237426757812e+01
-3.839159774780273438e+01,1.830640220642089844e+01
-4.371893692016601562e+01,2.137223243713378906e+01
-3.888501358032226562e+01,-6.097537517547607422e+00
-3.984649658203125000e+01,2.063366508483886719e+01
-4.342171096801757812e+01,1.822128486633300781e+01
-3.230018234252929688e+01,-1.499484348297119141e+01
-3.505006408691406250e+01,-8.535302162170410156e+00
-3.020571708679199219e+01,3.984857177734375000e+01
2.441829442977905273e+00,-1.208730340003967285e+00
-2.929000854492187500e+01,-1.472354125976562500e+01
-2.840653800964355469e+01,3.629093933105468750e+01
-4.425028228759765625e+01,7.262609958648681641e+00
-4.343779754638671875e+01,2.350039243698120117e+00
-4.438885498046875000e+01,1.669973182678222656e+01
-4.435234832763671875e+01,3.618608474731445312e+00
-3.550724029541015625e+01,3.364357757568359375e+01
-4.026927947998046875e+01,1.346087455749511719e+00
-3.935730743408203125e+01,1.611787796020507812e+01
-4.064749908447265625e+01,-4.756098747253417969e+00
-3.751071929931640625e+01,-1.004823303222656250e+01
-4.457198715209960938e+01,4.053702831268310547e+00
-3.990527725219726562e+01,1.076939678192138672e+01
-2.988491439819335938e+01,-1.439538383483886719e+01
-4.132413101196289062e+01,6.154156684875488281e+00
-3.930452728271484375e+01,1.106269645690917969e+01
-3.986210632324218750e+01,1.764488792419433594e+01
-2.899465942382812500e+01,-1.364356517791748047e+01
-3.551994323730468750e+01,2.916634750366210938e+01
-3.850375747680664062e+01,6.081595420837402344e+00
-3.203071975708007812e+01,-1.211652374267578125e+01
-1.535318660736083984e+01,4.304914093017578125e+01
-3.104188919067382812e+01,4.073110961914062500e+01
-4.326966857910156250e+01,5.681945085525512695e-01
-3.788031005859375000e+01,-1.288618683815002441e+00
-3.802426528930664062e+01,1.180004882812500000e+01
-4.157226943969726562e+01,-8.822231292724609375e-01
-2.676545715332031250e+01,4.316666412353515625e+01
-3.898064422607421875e+01,2.654431152343750000e+01
-2.892403602600097656e+01,3.591876602172851562e+01
-3.464907455444335938e+01,3.367216110229492188e+01
-2.201156616210937500e+01,4.278493881225585938e+01
-3.909086608886718750e+01,7.033879756927490234e+00
-4.102945327758789062e+01,2.364180946350097656e+01
-4.251737594604492188e+01,-3.990845918655395508e+00
-2.273505401611328125e+01,4.312955474853515625e+01
-3.051292228698730469e+01,3.452453231811523438e+01
-3.974496459960937500e+01,-6.178676128387451172e+00
-4.470895767211914062e+01,2.869179487228393555e+00
-2.733626174926757812e+01,3.909652709960937500e+01
-3.828942108154296875e+01,-4.681046485900878906e+00
3.778355836868286133e+00,-3.586827218532562256e-02
-3.982458877563476562e+01,-6.717111587524414062e+00
-4.046739959716796875e+01,-7.130527973175048828e+00
-1.435057353973388672e+01,2.569320487976074219e+01
-3.499023020267486572e-01,-2.912441015243530273e+00
-3.313385009765625000e+01,3.445164108276367188e+01
-1.450790882110595703e+00,-2.021686553955078125e+00
-4.461441421508789062e+01,4.480542182922363281e+00
-3.565441513061523438e+01,-1.225097179412841797e+01
-2.841048812866210938e+01,4.078292846679687500e+01
-4.500950622558593750e+01,7.807593822479248047e+00
-3.238847732543945312e+01,3.295054626464843750e+01
-3.974779510498046875e+01,1.317818737030029297e+01
-3.952128982543945312e+01,2.459970664978027344e+01
-3.104154777526855469e+01,-1.481622791290283203e+01
-4.136224746704101562e+01,-2.489423274993896484e+00
3.878340244293212891e+00,9.589275717735290527e-02
-3.309625244140625000e+01,-1.289087867736816406e+01
-3.956379699707031250e+01,5.545297145843505859e+00
-4.157746887207031250e+01,1.276310062408447266e+01
-2.232770729064941406e+01,4.517303848266601562e+01
-3.480213546752929688e+01,-1.264540100097656250e+01
-3.943600082397460938e+01,1.921437454223632812e+01
-4.005559921264648438e+01,1.956920433044433594e+01
-3.853194046020507812e+01,6.548735618591308594e+00
-4.143000030517578125e+01,1.502941989898681641e+01
-4.040176010131835938e+01,-2.960383892059326172e+00
-2.151907157897949219e+01,4.705461883544921875e+01
-3.234290313720703125e+01,3.706849670410156250e+01
-4.023141479492187500e+01,2.699191284179687500e+01
-3.425214385986328125e+01,-1.494912242889404297e+01
-4.359307479858398438e+01,1.194121241569519043e+00
3.017910718917846680e-01,-2.217573642730712891e+00
-2.412462615966796875e+01,4.232404327392578125e+01
-4.304615020751953125e+01,3.592758893966674805e+00
-3.901502227783203125e+01,2.458049392700195312e+01
-1.871799278259277344e+01,4.672071838378906250e+01
-3.985683059692382812e+01,6.106372833251953125e+00
-3.110963249206542969e+01,-1.550055122375488281e+01
-3.204157257080078125e+01,3.106903457641601562e+01
-3.733448791503906250e+01,1.172428321838378906e+01
-3.989831161499023438e+01,2.739220809936523438e+01
-3.940364837646484375e+01,-5.171170234680175781e+00
9.279175102710723877e-02,-1.818137884140014648e+00
-2.659639739990234375e+01,4.276895141601562500e+01
-4.101402282714843750e+01,-3.843559503555297852e+00
-3.440654373168945312e+01,3.171323013305664062e+01
-3.268867111206054688e+01,-1.421454620361328125e+01
6.051962077617645264e-02,-1.811223983764648438e+00
-3.836958312988281250e+01,2.285979461669921875e+01
-2.192714309692382812e+01,4.612411117553710938e+01
-3.613122940063476562e+01,3.422795867919921875e+01
-1.027830243110656738e+00,-2.437751531600952148e+00
-3.556920623779296875e+01,2.444441795349121094e+01
-4.002295303344726562e+01,1.196732044219970703e+01
-3.989095687866210938e+01,2.119399261474609375e+01
-4.103199005126953125e+01,6.402905941009521484e+00
-3.040797805786132812e+01,4.020951080322265625e+01
-3.785438919067382812e+01,1.554525494575500488e+00
-4.037532043457031250e+01,-5.821068286895751953e+00
-2.921301651000976562e+01,3.870782852172851562e+01
-4.357108688354492188e+01,1.761161422729492188e+01
-3.609112167358398438e+01,2.228752326965332031e+01
-3.450210952758789062e+01,3.022730445861816406e+01
1.799260139465332031e+00,-9.728392362594604492e-01
-1.524711799621582031e+01,2.552472496032714844e+01
-3.578601074218750000e+01,3.453959274291992188e+01
-3.678617858886718750e+01,-4.716327190399169922e+00
-3.347555541992187500e+01,3.330002212524414062e+01
-2.820471763610839844e+01,3.697390747070312500e+01
-3.598654174804687500e+01,-8.936384201049804688e+00
-3.329941940307617188e+01,-1.377384853363037109e+01
-4.048952865600585938e+01,4.653263092041015625e+00
-3.843269348144531250e+01,2.144926834106445312e+01
-4.137844467163085938e+01,2.286097335815429688e+01
-3.642679977416992188e+01,3.477684402465820312e+01
-4.050949478149414062e+01,2.674609661102294922e+00
-4.092745208740234375e+01,-5.330554962158203125e+00
-3.263427734375000000e+01,-1.260202980041503906e+01
-2.280965042114257812e+01,4.557919311523437500e+01
-2.290505981445312500e+01,4.511566925048828125e+01
-3.467140960693359375e+01,3.095435333251953125e+01
-3.958491134643554688e+01,1.022248840332031250e+01
-2.990524864196777344e+01,4.081620407104492188e+01
-3.876435852050781250e+01,2.793300437927246094e+01
-3.839648056030273438e+01,-6.297768115997314453e+00
-3.818974304199218750e+01,5.649141311645507812e+00
-3.303572463989257812e+01,3.061053085327148438e+01
-3.628705978393554688e+01,2.842597007751464844e+01
-4.125084686279296875e+01,4.560359477996826172e+00
2.708993196487426758e+00,-4.960303902626037598e-01
-3.464290237426757812e+01,-1.068976974487304688e+01
-3.859733200073242188e+01,-7.457286834716796875e+00
-4.428321075439453125e+01,5.102721214294433594e+00
-3.203952407836914062e+01,3.728022384643554688e+01
-2.940607833862304688e+01,3.874047470092773438e+01
-2.662709617614746094e+01,4.311684036254882812e+01
-2.860084533691406250e+01,4.119618225097656250e+01
-3.719795227050781250e+01,-1.049084377288818359e+01
-4.019298171997070312e+01,1.646730422973632812e+01
-4.477167510986328125e+01,5.522954463958740234e+00
-3.991770553588867188e+01,2.811089515686035156e+01
-3.014757347106933594e+01,3.388922882080078125e+01
-4.122349929809570312e+01,2.054494094848632812e+01
-4.353762817382812500e+01,2.207896423339843750e+01
-3.820532989501953125e+01,1.222647380828857422e+01
-3.973762130737304688e+01,1.885724639892578125e+01
-3.806100082397460938e+01,2.125154495239257812e+01
-3.661799621582031250e+01,-9.994352340698242188e+00
-4.130282211303710938e+01,1.325863170623779297e+01
-3.508046340942382812e+01,2.928785896301269531e+01
-2.944445991516113281e+01,4.001676940917968750e+01
-3.674103164672851562e+01,-7.470753192901611328e+00
-4.171322250366210938e+01,-2.276903390884399414e+00
-2.222567176818847656e+01,4.676049423217773438e+01
-4.081314468383789062e+01,1.351914691925048828e+01
-3.884056854248046875e+01,2.568222045898437500e+01
-3.916001510620117188e+01,6.803504943847656250e+00
-4.347601699829101562e+01,8.193175494670867920e-02
-3.469589614868164062e+01,3.504449081420898438e+01
-3.699496841430664062e+01,2.466020202636718750e+01
-2.291137313842773438e+01,4.391632843017578125e+01
-4.055173873901367188e+01,1.086967086791992188e+01
-3.617278289794921875e+01,3.293604278564453125e+01
-3.441778564453125000e+01,-1.334348297119140625e+01
-3.909996795654296875e+01,1.378298878669738770e+00
-2.750665664672851562e+01,3.779207611083984375e+01
-2.676593208312988281e+01,3.792488098144531250e+01
-3.914237976074218750e+01,-1.846322655677795410e+00
-2.423620033264160156e+01,4.416503143310546875e+01
-4.160111236572265625e+01,1.414609432220458984e+01
-3.325972366333007812e+01,3.392736816406250000e+01
1.403431296348571777e+00,-2.095958471298217773e+00
-4.162390136718750000e+01,1.859856605529785156e+01
-3.439198684692382812e+01,-1.196012973785400391e+01
-3.633377838134765625e+01,3.347932052612304688e+01
-3.501200103759765625e+01,3.233823013305664062e+01
-3.633309936523437500e+01,3.191215896606445312e+01
-4.110933685302734375e+01,6.680708885192871094e+00
-2.376879119873046875e+01,4.522770309448242188e+01
-2.757957839965820312e+01,4.095205688476562500e+01
-3.846144104003906250e+01,-5.159871578216552734e+00
-2.903375053405761719e+01,3.836859130859375000e+01
-4.151518630981445312e+01,2.167136955261230469e+01
-3.839549636840820312e+01,2.248458099365234375e+01
-4.056771469116210938e+01,6.387873888015747070e-01
-2.945716094970703125e+01,3.791453933715820312e+01
-3.940520095825195312e+01,-3.540200471878051758e+00
-2.813187980651855469e+01,3.764868545532226562e+01
-2.659882354736328125e+01,4.107513809204101562e+01
-4.091159439086914062e+01,1.807196426391601562e+01
-3.924861907958984375e+01,2.873332214355468750e+01
-2.924221992492675781e+01,3.714917373657226562e+01
-4.475168991088867188e+01,6.303339481353759766e+00
-3.952320480346679688e+01,2.875037002563476562e+01
-3.473424148559570312e+01,-9.002666473388671875e+00
-3.924649429321289062e+01,2.165398979187011719e+01
-4.063463592529296875e+01,-1.725562810897827148e+00
-8.929716348648071289e-01,-1.755477309226989746e+00
-2.299890327453613281e+01,4.447253799438476562e+01
-2.773362159729003906e+01,3.888405227661132812e+01
-3.188761520385742188e+01,-1.205692386627197266e+01
-2.788248443603515625e+01,3.838639831542968750e+01
-4.014377975463867188e+01,1.719219779968261719e+01
-4.194685363769531250e+01,7.514134883880615234e+00
-3.701418304443359375e+01,-6.567957878112792969e+00
-2.354240989685058594e+01,4.271132659912109375e+01
-3.761125183105468750e+01,2.255483627319335938e+01
-3.408627700805664062e+01,3.518610382080078125e+01
-4.383608245849609375e+01,5.453917980194091797e+00
-4.072365188598632812e+01,2.003612518310546875e+01
-4.169100189208984375e+01,3.143811225891113281e+00
-4.322736740112304688e+01,-5.235624790191650391e+00
-3.931679153442382812e+01,1.242210578918457031e+01
-3.060452842712402344e+01,3.269083023071289062e+01
-3.459623336791992188e+01,-1.280617141723632812e+01
-2.319643592834472656e+01,4.293871307373046875e+01
-4.214361190795898438e+01,3.078557729721069336e+00
-3.927717208862304688e+01,2.698521852493286133e+00
-3.916167831420898438e+01,4.098572254180908203e+00
-3.985142517089843750e+01,1.481896018981933594e+01
-3.752164840698242188e+01,2.430005073547363281e+01
-3.758111953735351562e+01,1.600394058227539062e+01
-3.501403045654296875e+01,3.586853790283203125e+01
-4.183744049072265625e+01,1.353659820556640625e+01
-3.836715698242187500e+01,-6.605789184570312500e+00
-3.124350929260253906e+01,3.215440750122070312e+01
-3.368320465087890625e+01,-1.219028568267822266e+01
-3.593727493286132812e+01,2.466213417053222656e+01
-2.208827590942382812e+01,4.317284011840820312e+01
-3.963702774047851562e+01,2.232585144042968750e+01
-3.144981575012207031e+01,-1.511837100982666016e+01
1.333675265312194824e+00,-1.530820250511169434e+00
-1.574052333831787109e+01,2.581890487670898438e+01
-3.310719680786132812e+01,-1.167000007629394531e+01
-3.135797691345214844e+01,3.481542205810546875e+01
-9.403582572937011719e+00,1.500128746032714844e+01
-3.770351886749267578e+00,3.630042266845703125e+01
-1.464941024780273438e+01,-3.737238645553588867e+00
-1.673006248474121094e+01,4.522781848907470703e+00
7.106798291206359863e-01,-5.880869865417480469e+00
-1.598631000518798828e+01,-2.680377006530761719e+00
-1.635119056701660156e+01,1.072843170166015625e+01
-3.505465316772460938e+01,2.673343849182128906e+01
-1.134680080413818359e+01,2.437667274475097656e+01
-1.420247745513916016e+01,1.524603748321533203e+01
-2.923951339721679688e+01,3.369154357910156250e+01
-8.993548393249511719e+00,4.025967407226562500e+01
-8.929169654846191406e+00,2.934118652343750000e+01
-9.389839172363281250e+00,-8.029638290405273438e+00
-1.265678119659423828e+01,-5.504484176635742188e+00
-1.502974700927734375e+01,-3.482466220855712891e+00
-1.288852500915527344e+01,1.739439773559570312e+01
-1.995770835876464844e+01,-7.854798436164855957e-01
-8.143484115600585938e+00,-9.921169281005859375e+00
-1.803308868408203125e+01,1.062613391876220703e+01
-1.279856395721435547e+01,8.208842277526855469e+00
-4.955172538757324219e-01,-5.569974422454833984e+00
-1.699736785888671875e+01,-1.229025889188051224e-03
-6.690141677856445312e+00,3.717642593383789062e+01
-8.877155303955078125e+00,1.948325347900390625e+01
-1.155129432678222656e+01,1.660399246215820312e+01
-1.673248672485351562e+01,1.714142227172851562e+01
-1.255418491363525391e+01,9.514136314392089844e+00
-1.549742412567138672e+01,4.380505752563476562e+01
-1.480569076538085938e+01,4.162413120269775391e+00
-1.039589786529541016e+01,2.395400238037109375e+01
-1.083683395385742188e+01,2.336215400695800781e+01
-9.342397689819335938e+00,2.706307792663574219e+01
-4.950414180755615234e+00,2.612880325317382812e+01
-1.126890850067138672e+01,1.257032966613769531e+01
-1.220664215087890625e+01,4.293862152099609375e+01
-1.090067672729492188e+01,2.221513366699218750e+01
-8.502439498901367188e+00,3.671652984619140625e+01
-1.777268409729003906e+01,-4.917408227920532227e-01
-7.567182540893554688e+00,2.308169937133789062e+01
-1.397532367706298828e+01,1.049787521362304688e+01
-1.502047157287597656e+01,1.701159286499023438e+01
-8.116506576538085938e+00,2.352323913574218750e+01
-1.976368141174316406e+01,1.307293534278869629e+00
-1.240170192718505859e+01,-7.503342151641845703e+00
-1.219750118255615234e+01,4.339138031005859375e+01
-1.871465492248535156e+01,1.212180328369140625e+01
-8.126893997192382812e+00,3.687265396118164062e+01
-7.418406009674072266e+00,2.647487449645996094e+01
-1.608443641662597656e+01,1.099465656280517578e+01
-5.998390197753906250e+00,-8.061738967895507812e+00
-1.280148983001708984e+01,1.033603096008300781e+01
-1.568131256103515625e+01,4.683860397338867188e+01
-1.091870442032814026e-01,-6.075797080993652344e+00
-1.230255794525146484e+01,1.663504981994628906e+01
-5.786967754364013672e+00,2.662540054321289062e+01
-1.930046653747558594e+01,1.123703718185424805e+00
-6.367402076721191406e+00,-9.295390129089355469e+00
-9.185369491577148438e+00,1.833814048767089844e+01
-8.464562416076660156e+00,-8.275064468383789062e+00
-1.777142143249511719e+01,1.110450458526611328e+01
-8.836584091186523438e+00,4.059313583374023438e+01
-5.346584320068359375e+00,2.695521354675292969e+01
-1.251301288604736328e+01,2.160620498657226562e+01
-1.564685344696044922e+01,-3.320045232772827148e+00
-1.941664314270019531e+01,1.088511586189270020e+00
-8.925925254821777344e+00,2.522819519042968750e+01
-1.429658508300781250e+01,1.697467803955078125e+01
-1.296301937103271484e+01,2.096293830871582031e+01
-1.374096012115478516e+01,1.828090667724609375e+01
-1.004357814788818359e+01,2.462446403503417969e+01
-1.895436859130859375e+01,1.767256379127502441e+00
-1.174976921081542969e+01,-8.698373794555664062e+00
-9.558329582214355469e+00,2.735048484802246094e+01
-1.858993911743164062e+01,-1.040368080139160156e+00
-1.622855377197265625e+01,4.320650863647460938e+01
-1.339398002624511719e+01,-6.208095073699951172e+00
-1.764785957336425781e+01,1.423653125762939453e+01
-7.267026901245117188e+00,3.927159500122070312e+01
-1.550004196166992188e+01,-3.731465816497802734e+00
-1.202907180786132812e+01,4.283186721801757812e+01
-7.499848842620849609e+00,2.754430007934570312e+01
-1.856937789916992188e+01,3.282368421554565430e+00
-1.368459224700927734e+01,1.899357604980468750e+01
-5.927588939666748047e+00,-9.258762359619140625e+00
-5.043032169342041016e+00,3.390852737426757812e+01
-9.786087989807128906e+00,1.527443313598632812e+01
-7.435374259948730469e+00,4.165491867065429688e+01
-1.533613300323486328e+01,4.635350418090820312e+01
-1.644655990600585938e+01,7.315860271453857422e+00
-4.542137145996093750e+00,3.358433914184570312e+01
-1.383440971374511719e+01,4.599858474731445312e+01
-1.516172504425048828e+01,1.666454505920410156e+01
-1.454627990722656250e+01,-4.756974697113037109e+00
-8.878630638122558594e+00,2.982691001892089844e+01
-8.558435440063476562e-01,-6.422504901885986328e+00
-1.190306472778320312e+01,2.313487052917480469e+01
-1.609912300109863281e+01,-2.151578903198242188e+00
-1.704211044311523438e+01,1.463846874237060547e+01
-4.316409587860107422e+00,-8.228206634521484375e+00
-1.506422328948974609e+01,2.542796325683593750e+01
-1.672688102722167969e+01,1.522591495513916016e+01
-1.613554382324218750e+01,-1.945381641387939453e+00
-8.535295486450195312e+00,-8.520854949951171875e+00
-4.122013092041015625e+00,3.338496398925781250e+01
-5.474274635314941406e+00,3.823660278320312500e+01
-1.468069553375244141e+01,3.432853937149047852e+00
-1.219480514526367188e+01,1.456368160247802734e+01
-1.459520339965820312e+01,4.308248138427734375e+01
-1.481318378448486328e+01,4.566096115112304688e+01
-1.355163383483886719e+01,2.483594322204589844e+01
-1.207586479187011719e+01,-9.508428573608398438e+00
-1.178117275238037109e+01,1.300823783874511719e+01
-1.273165798187255859e+01,1.198934268951416016e+01
-1.482516098022460938e+01,3.102265357971191406e+00
-1.671294784545898438e+01,2.811805963516235352e+00
-1.780628013610839844e+01,-1.019656538963317871e+00
-1.082622337341308594e+01,4.301794052124023438e+01
-5.611143589019775391e+00,3.488890457153320312e+01
-1.793963050842285156e+01,1.407314205169677734e+01
-1.698326492309570312e+01,3.144052028656005859e+00
-4.875881195068359375e+00,3.633744049072265625e+01
-4.319984912872314453e+00,3.134170532226562500e+01
-4.252744674682617188e+00,3.447968292236328125e+01
-9.867827415466308594e+00,4.415796661376953125e+01
-9.541784286499023438e+00,4.130440521240234375e+01
-8.361525535583496094e+00,-1.005084323883056641e+01
-1.019882488250732422e+01,2.033941078186035156e+01
-1.802996826171875000e+01,1.183435153961181641e+01
-1.833569717407226562e+01,1.229328536987304688e+01
-6.409772396087646484e+00,3.820574188232421875e+01
-1.659305953979492188e+01,-4.160161018371582031e-01
-6.731728553771972656e+00,3.334683990478515625e+01
-1.537525939941406250e+01,-2.003211021423339844e+00
-1.558893489837646484e+01,3.058444738388061523e+00
-1.370880794525146484e+01,1.213357639312744141e+01
-1.627165985107421875e+01,1.665267181396484375e+01
-2.989011049270629883e+00,-6.996033191680908203e+00
-1.487371158599853516e+01,1.843631625175476074e+00
-1.772148513793945312e+01,1.160257148742675781e+01
-3.900005578994750977e+00,2.825642204284667969e+01
-1.296662616729736328e+01,6.780164718627929688e+00
-9.066619873046875000e+00,2.426201248168945312e+01
-1.721841812133789062e+01,4.693829345703125000e+01
-8.281235694885253906e+00,3.310837554931640625e+01
-1.726943016052246094e+01,1.530070114135742188e+01
-1.183592796325683594e+01,1.890262222290039062e+01
-7.617216110229492188e+00,4.042015075683593750e+01
-1.296016311645507812e+01,2.159131622314453125e+01
-1.790077400207519531e+01,2.319656372070312500e+00
-1.761951637268066406e+01,2.067864179611206055e+00
-1.717704391479492188e+01,1.652492523193359375e+01
-1.853446769714355469e+01,-3.983687460422515869e-01
-3.501228809356689453e+00,3.520794677734375000e+01
-1.348710155487060547e+01,-4.474708080291748047e+00
-1.044937896728515625e+01,4.235056686401367188e+01
-3.326293182373046875e+01,-9.192979812622070312e+00
-1.796466445922851562e+01,1.711855888366699219e+01
-5.292542934417724609e+00,3.749436187744140625e+01
-4.411271095275878906e+00,-7.923167705535888672e+00
-1.341817474365234375e+01,1.725191497802734375e+01
-1.343576049804687500e+01,-4.900489330291748047e+00
-1.359589958190917969e+01,4.540063858032226562e+01
-5.197155475616455078e+00,3.365726089477539062e+01
-1.315179634094238281e+01,-8.923908233642578125e+00
-1.463806438446044922e+01,5.295750617980957031e+00
-1.324193835258483887e+00,-6.271809577941894531e+00
-1.294498157501220703e+01,1.125117397308349609e+01
-7.409044742584228516e+00,3.968815231323242188e+01
-5.111869335174560547e+00,3.721567916870117188e+01
-1.033819866180419922e+01,-7.646126747131347656e+00
-1.349605846405029297e+01,4.441464614868164062e+01
-1.533391761779785156e+01,3.183772563934326172e+00
-7.512677192687988281e+00,3.871014785766601562e+01
-4.578067779541015625e+00,3.279641342163085938e+01
-7.683453083038330078e+00,2.836082077026367188e+01
-1.185400295257568359e+01,2.201784133911132812e+01
-1.521037101745605469e+01,1.764577674865722656e+01
-1.635135841369628906e+01,4.687413406372070312e+01
-1.651436805725097656e+01,-1.134087324142456055e+00
-1.105955505371093750e+01,1.662628555297851562e+01
-8.216341018676757812e+00,3.059105682373046875e+01
-5.640703678131103516e+00,3.645022201538085938e+01
-7.583088874816894531e+00,2.113079071044921875e+01
-1.480057716369628906e+01,-4.939109683036804199e-01
-6.735617160797119141e+00,4.052810287475585938e+01
-9.191641807556152344e+00,-8.156694412231445312e+00
-4.325932979583740234e+00,3.552189254760742188e+01
-7.792042255401611328e+00,4.102542114257812500e+01
-1.037698078155517578e+01,2.145485687255859375e+01
-7.629458904266357422e+00,2.692035293579101562e+01
-1.720899200439453125e+01,1.029716682434082031e+01
-1.785406494140625000e+01,4.760348129272460938e+01
-5.298465251922607422e+00,3.417825317382812500e+01
-7.954829216003417969e+00,2.924604797363281250e+01
-8.767659187316894531e+00,2.757920837402343750e+01
-1.782912254333496094e+01,1.657361412048339844e+01
-1.347405052185058594e+01,1.595629310607910156e+01
-6.025813102722167969e+00,3.803170776367187500e+01
-1.278686809539794922e+01,4.444967269897460938e+01
-1.125320053100585938e+01,-7.951176166534423828e+00
-1.668957901000976562e+01,3.169036805629730225e-01
-1.318662261962890625e+01,1.540494632720947266e+01
-1.619051742553710938e+01,1.494327640533447266e+01
-1.457648563385009766e+01,2.602606964111328125e+01
-1.941196823120117188e+01,1.158938503265380859e+01
-9.501299858093261719e+00,-8.681850433349609375e+00
-1.268299674987792969e+01,2.280338478088378906e+01
-2.093580484390258789e+00,-6.526793003082275391e+00
-1.246088600158691406e+01,2.421609687805175781e+01
-1.150464153289794922e+01,-6.769979000091552734e+00
-1.753034019470214844e+01,4.735949707031250000e+01
-1.058222579956054688e+01,-9.737070083618164062e+00
7.778764247894287109e+00,6.559980392456054688e+00
-1.041502761840820312e+01,2.491193580627441406e+01
-1.396219635009765625e+01,-8.544341087341308594e+00
-6.627273082733154297e+00,2.778307723999023438e+01
-5.545309066772460938e+00,3.352120590209960938e+01
-9.394559860229492188e+00,2.902549743652343750e+01
-9.084559440612792969e+00,4.397836303710937500e+01
-6.861253738403320312e+00,4.196419906616210938e+01
-1.349879360198974609e+01,4.387393188476562500e+01
-1.366767692565917969e+01,2.629845237731933594e+01
-6.979501247406005859e+00,1.909090805053710938e+01
-9.106116294860839844e+00,3.370487976074218750e+01
-1.443384361267089844e+01,4.352971267700195312e+01
-1.278526115417480469e+01,4.261750030517578125e+01
-1.083815479278564453e+01,1.695976448059082031e+01
-1.517098236083984375e+01,-2.859693050384521484e+00
-1.684453201293945312e+01,4.769972229003906250e+01
-1.418374061584472656e+01,-6.649663448333740234e+00
-1.512382125854492188e+01,1.254390597343444824e+00
-1.222358608245849609e+01,2.178494262695312500e+01
-1.699211120605468750e+01,8.590086936950683594e+00
-1.836137771606445312e+01,1.300357437133789062e+01
-1.159353065490722656e+01,4.401774215698242188e+01
-1.101465225219726562e+01,4.377297973632812500e+01
-1.411111354827880859e+01,-9.142949104309082031e+00
-1.230631446838378906e+01,-7.650856971740722656e+00
-1.350631713867187500e+01,-7.213747978210449219e+00
-4.368361473083496094e+00,-8.363113403320312500e+00
-1.103136920928955078e+01,1.833219146728515625e+01
-1.004904842376708984e+01,4.205239105224609375e+01
-1.392320251464843750e+01,2.446243667602539062e+01
-5.558539390563964844e+00,3.656937408447265625e+01
-1.659294319152832031e+01,1.095137596130371094e+01
-1.888214683532714844e+01,2.374621629714965820e+00
-1.312160015106201172e+01,-6.242647647857666016e+00
-7.411722183227539062e+00,3.272901535034179688e+01
-1.461668491363525391e+01,-8.298192024230957031e+00
-1.725411224365234375e+01,1.219171333312988281e+01
-1.191465950012207031e+01,-5.500462055206298828e+00
-8.763664245605468750e+00,-1.015382671356201172e+01
-3.991090059280395508e+00,2.711874198913574219e+01
-6.118920326232910156e+00,-7.980969429016113281e+00
-1.203468132019042969e+01,2.467309570312500000e+01
-1.537770462036132812e+01,-7.033233046531677246e-01
-1.081580638885498047e+01,4.366053390502929688e+01
-7.334369659423828125e+00,4.072687149047851562e+01
-8.127841949462890625e+00,2.258247947692871094e+01
-6.262830257415771484e+00,3.693111038208007812e+01
-1.581243324279785156e+01,1.860838174819946289e+00
-7.507030010223388672e+00,2.772019767761230469e+01
-8.623860359191894531e+00,4.183303451538085938e+01
-1.897025680541992188e+01,1.144416713714599609e+01
-1.603768539428710938e+01,3.686790704727172852e+00
-7.785652160644531250e+00,2.768727302551269531e+01
-8.090082168579101562e+00,3.321614456176757812e+01
-6.415383815765380859e+00,3.797939300537109375e+01
-8.611823081970214844e+00,2.866195106506347656e+01
-1.274069595336914062e+01,-8.982712745666503906e+00
-5.214927673339843750e+00,2.928445243835449219e+01
-6.491151332855224609e+00,3.303091812133789062e+01
-9.598122596740722656e+00,2.093757820129394531e+01
-6.807080745697021484e+00,-8.228287696838378906e+00
-1.407522773742675781e+01,4.032034397125244141e+00
-9.614643096923828125e+00,4.114419937133789062e+01
-1.258542251586914062e+01,-5.822972774505615234e+00
-1.387928485870361328e+01,4.471800327301025391e+00
-1.484140872955322266e+01,-6.253262519836425781e+00
-1.097547912597656250e+01,1.216084766387939453e+01
-9.432961463928222656e+00,1.960291099548339844e+01
-1.268085956573486328e+01,1.448775005340576172e+01
-1.756215286254882812e+01,1.071763992309570312e+01
-9.801105499267578125e+00,1.405965900421142578e+01
-8.464098930358886719e+00,2.091806602478027344e+01
-5.674785137176513672e+00,3.579313278198242188e+01
-5.368110656738281250e+00,2.794289398193359375e+01
-1.120956420898437500e+01,1.521227645874023438e+01
-1.369149494171142578e+01,4.353351974487304688e+01
-1.549813270568847656e+01,-1.122455596923828125e+00
-1.594649314880371094e+01,1.319544792175292969e+00
-9.857403755187988281e+00,4.144403457641601562e+01
-1.178835201263427734e+01,-7.650960922241210938e+00
-1.624973297119140625e+01,1.187125682830810547e+01
-4.661263465881347656e+00,3.197185707092285156e+01
-1.496183395385742188e+01,4.663916397094726562e+01
-1.960125923156738281e+01,1.780444622039794922e+00
-1.628523445129394531e+01,2.786537170410156250e+00
-8.720394134521484375e+00,2.057005500793457031e+01
-1.389439678192138672e+01,-4.006416320800781250e+00
-5.214880466461181641e+00,3.158615875244140625e+01
-2.032194328308105469e+01,6.760442256927490234e-01
-1.230648136138916016e+01,1.079539489746093750e+01
-9.966564178466796875e+00,-8.346367835998535156e+00
-2.216243743896484375e+00,-6.796606063842773438e+00
6.777335166931152344e+00,6.912856101989746094e+00
-1.635350036621093750e+01,1.016083049774169922e+01
-1.285856437683105469e+01,2.240475463867187500e+01
-7.128854274749755859e+00,3.939398956298828125e+01
-1.362637424468994141e+01,4.285548782348632812e+01
-7.162501811981201172e+00,-9.555687904357910156e+00
-1.378953266143798828e+01,-8.510610580444335938e+00
-1.290392971038818359e+01,1.652628898620605469e+01
-1.546460628509521484e+01,4.566091918945312500e+01
-1.299260139465332031e+01,1.058623313903808594e+01
-4.765129566192626953e+00,3.164736366271972656e+01
-5.493968486785888672e+00,-8.613948822021484375e+00
-1.696577644348144531e+01,1.538717555999755859e+01
-1.432743549346923828e+01,4.383316421508789062e+01
-1.625108528137207031e+01,4.663293457031250000e+01
-9.530710220336914062e+00,1.562504386901855469e+01
-1.433276557922363281e+01,1.280536651611328125e+01
-8.564085960388183594e+00,-9.213045120239257812e+00
-6.870502948760986328e+00,2.670596694946289062e+01
-9.015100479125976562e+00,-1.012998008728027344e+01
-1.294340610504150391e+01,4.577984237670898438e+01
-5.302307605743408203e+00,-7.937496185302734375e+00
-6.364650249481201172e+00,2.674154472351074219e+01
-1.359401893615722656e+01,-7.840300559997558594e+00
-1.145779609680175781e+01,8.369097709655761719e+00
-1.726895523071289062e+01,1.232643222808837891e+01
-8.087276458740234375e+00,2.406112098693847656e+01
-2.084275245666503906e+01,4.240791702270507812e+01
-1.015294647216796875e+01,1.307249641418457031e+01
-1.971827507019042969e+01,-4.918141961097717285e-01
-7.541064739227294922e+00,3.208460235595703125e+01
-7.401160717010498047e+00,3.680258560180664062e+01
-7.837244987487792969e+00,2.534827423095703125e+01
-1.540624523162841797e+01,1.619773101806640625e+01
-9.012431144714355469e+00,2.191402626037597656e+01
-1.067965984344482422e+01,2.458438873291015625e+01
-1.638010025024414062e+01,1.245701217651367188e+01
-6.327833175659179688e+00,4.087771606445312500e+01
-1.559169578552246094e+01,4.610858917236328125e+01
-4.282568454742431641e+00,2.825207901000976562e+01
-1.455525493621826172e+01,-4.553039550781250000e+00
-5.120976924896240234e+00,-7.878721714019775391e+00
-6.231198787689208984e+00,3.875121307373046875e+01
-1.218042182922363281e+01,1.431931591033935547e+01
-7.804631233215332031e+00,2.516694450378417969e+01
-2.014647674560546875e+01,-9.235296249389648438e-01
-1.112522602081298828e+00,-5.694440841674804688e+00
-2.807913064956665039e+00,3.223503112792968750e+01
-1.175955200195312500e+01,2.289704513549804688e+01
-6.465240001678466797e+00,2.732184410095214844e+01
-1.295334815979003906e+00,-5.436060905456542969e+00
-1.622295761108398438e+01,6.468614935874938965e-01
-1.079806709289550781e+01,1.362434196472167969e+01
-1.576152706146240234e+01,1.269333553314208984e+01
-4.063490629196166992e-01,-5.492627620697021484e+00
-1.557887077331542969e+01,6.985747814178466797e+00
-1.611252021789550781e+01,1.541037178039550781e+01
-7.093211650848388672e+00,4.105754470825195312e+01
-8.472022056579589844e+00,-9.031007766723632812e+00
-1.301094627380371094e+01,-8.713395118713378906e+00
-1.325571155548095703e+01,9.643493652343750000e+00
-8.497269630432128906e+00,-9.583801269531250000e+00
-9.592372894287109375e+00,-7.401142120361328125e+00
-1.848773002624511719e+01,4.740698623657226562e+01
-1.267771625518798828e+01,-7.958469867706298828e+00
-1.035922813415527344e+01,1.542510986328125000e+01
-9.587679862976074219e+00,-9.166129112243652344e+00
-8.883690834045410156e+00,2.902770805358886719e+01
-8.814374923706054688e+00,3.341667556762695312e+01
-1.308030033111572266e+01,1.987014961242675781e+01
-7.164579868316650391e+00,1.943048286437988281e+01
-1.258228492736816406e+01,4.298072433471679688e+01
-1.302577972412109375e+01,4.493088150024414062e+01
-1.849315834045410156e+01,1.852323412895202637e+00
-1.311187934875488281e+01,8.169289588928222656e+00
-1.493847465515136719e+01,-6.916059494018554688e+00
-1.682631301879882812e+01,-1.951328516006469727e-01
-3.926455736160278320e+00,-7.340310573577880859e+00
-1.682139635086059570e+00,-6.045429229736328125e+00
-1.949746894836425781e+01,-1.586570590734481812e-01
-9.950574874877929688e+00,1.694361305236816406e+01
-1.829537010192871094e+01,7.534357309341430664e-01
-5.165051937103271484e+00,3.696009445190429688e+01
-7.416317939758300781e+00,1.985594367980957031e+01
-8.733314514160156250e+00,2.518819236755371094e+01
-1.177562618255615234e+01,1.564868354797363281e+01
-1.581446075439453125e+01,3.850015401840209961e+00
-7.981494903564453125e+00,3.999731063842773438e+01
-8.400164604187011719e+00,4.126445007324218750e+01
-1.814030456542968750e+01,4.724515914916992188e+01
-9.547441482543945312e+00,2.425214576721191406e+01
-1.579961299896240234e+01,1.074034595489501953e+01
-1.563140010833740234e+01,5.382433414459228516e+00
-9.196465492248535156e+00,4.222764205932617188e+01
2.211776351928710938e+01,-1.075707912445068359e+01
1.167574691772460938e+01,-1.991222953796386719e+01
1.157674217224121094e+01,-2.256432723999023438e+01
1.694351005554199219e+01,-1.756169891357421875e+01
1.528426647186279297e+01,-1.779878234863281250e+01
2.816679382324218750e+01,2.315249681472778320e+00
2.533567428588867188e+01,6.647748470306396484e+00
2.505242919921875000e+01,7.531697750091552734e+00
1.583066463470458984e+01,-1.668958473205566406e+01
7.196039199829101562e+00,-2.651372718811035156e+01
2.270237541198730469e+01,-1.265087127685546875e+01
1.274356365203857422e+01,-2.257724761962890625e+01
2.377528762817382812e+01,-1.107605361938476562e+01
-1.203893184661865234e+00,-3.508306121826171875e+01
-2.528439044952392578e+00,-4.050342178344726562e+01
1.936371421813964844e+01,1.329801082611083984e+01
2.198349761962890625e+01,-1.178290462493896484e+01
8.389755249023437500e+00,-2.846468544006347656e+01
-2.962903738021850586e+00,-3.859670639038085938e+01
-2.298666387796401978e-01,-3.679473876953125000e+01
5.629765987396240234e+00,-3.136210632324218750e+01
2.303397178649902344e+01,1.237490272521972656e+01
1.229813098907470703e+01,8.420854568481445312e+00
2.567527198791503906e+01,-3.341297149658203125e+00
1.622866249084472656e+01,-1.909730529785156250e+01
2.067621803283691406e+01,1.181348419189453125e+01
2.840013694763183594e+01,-4.002781391143798828e+00
2.677718734741210938e+01,-2.198208093643188477e+00
-9.099390029907226562e+00,-4.418433380126953125e+01
2.358156967163085938e+01,9.979206085205078125e+00
2.257032966613769531e+01,1.089271736145019531e+01
-7.097775936126708984e+00,-4.408356857299804688e+01
-8.113494873046875000e+00,-4.419891738891601562e+01
5.060982704162597656e+00,-3.070785903930664062e+01
2.073725318908691406e+01,1.401734352111816406e+01
2.748381042480468750e+01,-4.578642845153808594e+00
1.205973148345947266e+01,8.939629554748535156e+00
2.441174697875976562e+01,1.172637557983398438e+01
2.556869125366210938e+01,1.102366733551025391e+01
5.678611993789672852e-01,-3.613020324707031250e+01
2.612720489501953125e+01,6.426342010498046875e+00
1.189354419708251953e+01,-2.119236564636230469e+01
-3.783869266510009766e+00,-4.224757385253906250e+01
1.154315185546875000e+01,-2.464026069641113281e+01
2.656091880798339844e+01,-6.763360649347305298e-02
2.676671028137207031e+01,-5.104386210441589355e-01
2.761046600341796875e+01,5.347658157348632812e+00
2.726273918151855469e+01,1.843046665191650391e+00
1.061777019500732422e+01,-2.233969306945800781e+01
1.814974021911621094e+01,-1.655178451538085938e+01
2.077662277221679688e+01,9.800111770629882812e+00
-1.925824046134948730e+00,-4.206560516357421875e+01
2.279084587097167969e+01,-8.273428916931152344e+00
1.326076507568359375e+01,-2.298869895935058594e+01
-8.572285652160644531e+00,-4.396799468994140625e+01
8.891162276268005371e-01,-3.460247039794921875e+01
-4.097016334533691406e+00,-4.287150955200195312e+01
1.843260192871093750e+01,1.093070888519287109e+01
4.946602821350097656e+00,1.490832090377807617e+00
1.147416210174560547e+01,-2.319120788574218750e+01
2.768414306640625000e+01,4.917490005493164062e+00
1.863992881774902344e+01,-1.550206565856933594e+01
1.708231925964355469e+01,-1.698170471191406250e+01
1.128085613250732422e+01,-2.218642616271972656e+01
2.135500907897949219e+01,1.130772209167480469e+01
2.132250785827636719e+00,-3.237142562866210938e+01
1.213661861419677734e+01,-1.949982070922851562e+01
1.729623031616210938e+01,-1.892156028747558594e+01
2.692219352722167969e+01,7.911172389984130859e+00
8.689621686935424805e-01,-3.664237594604492188e+01
1.949099159240722656e+01,-1.415268898010253906e+01
2.135355567932128906e+01,-1.308296871185302734e+01
1.265470695495605469e+01,-1.963277435302734375e+01
2.219081687927246094e+01,-8.411417961120605469e+00
1.743052482604980469e+01,-1.665175437927246094e+01
2.205682945251464844e+01,-1.298375797271728516e+01
1.923929405212402344e+01,-1.342767238616943359e+01
-1.395157098770141602e+00,-3.770704650878906250e+01
1.356898307800292969e+01,-2.210890579223632812e+01
1.245946025848388672e+01,9.677840232849121094e+00
-2.795811653137207031e+00,-4.074307250976562500e+01
2.022331428527832031e+01,-1.295362281799316406e+01
-2.769713401794433594e+00,-4.027933502197265625e+01
2.676963233947753906e+01,2.714179992675781250e+00
2.917856931686401367e+00,-3.139860555529594421e-02
1.220536708831787109e+01,-2.387317657470703125e+01
2.389501953125000000e+01,-6.108256578445434570e-01
2.727924728393554688e+01,5.737286567687988281e+00
2.842489051818847656e+01,5.237850666046142578e+00
2.265015220642089844e+01,1.063583087921142578e+01
6.526576995849609375e+00,-2.696668243408203125e+01
4.885663509368896484e+00,-2.977738189697265625e+01
2.199227714538574219e+01,1.189764213562011719e+01
2.533933258056640625e+01,1.091713237762451172e+01
2.345306777954101562e+01,-8.072606086730957031e+00
2.672706794738769531e+01,7.991914272308349609e+00
1.215871238708496094e+01,9.872065544128417969e+00
5.807789802551269531e+00,-2.910853958129882812e+01
6.158989906311035156e+00,-2.750509262084960938e+01
1.820352745056152344e+01,-1.506892108917236328e+01
4.421189308166503906e+00,-3.216209411621093750e+01
2.514300155639648438e+01,-1.209543466567993164e+00
1.600389099121093750e+01,-1.940853881835937500e+01
8.410725593566894531e+00,-2.384720039367675781e+01
1.433835029602050781e+01,-2.147746276855468750e+01
2.585453605651855469e+01,8.521411895751953125e+00
2.680388641357421875e+01,5.231097698211669922e+00
2.459610366821289062e+01,-3.292618513107299805e+00
2.742840576171875000e+01,4.311410427093505859e+00
1.492894935607910156e+01,9.836730957031250000e+00
5.485577106475830078e+00,-2.997691154479980469e+01
8.284681320190429688e+00,-2.514429283142089844e+01
2.529351425170898438e+01,1.166213154792785645e+00
-3.039623975753784180e+00,-4.180197525024414062e+01
2.263088035583496094e+01,-1.329837512969970703e+01
-2.744290828704833984e+00,-3.856240463256835938e+01
7.006955742835998535e-01,-3.551014709472656250e+01
2.455605506896972656e+01,-4.975205898284912109e+00
2.495335388183593750e+01,9.616679698228836060e-02
-2.136387676000595093e-01,-3.427412796020507812e+01
9.128801345825195312e+00,-2.712148857116699219e+01
4.228584289550781250e+01,-1.073223114013671875e+00
2.621381378173828125e+01,6.383536815643310547e+00
-4.716294705867767334e-01,-3.500460433959960938e+01
2.755258750915527344e+01,-1.595968842506408691e+00
4.294224929809570312e+01,-2.072753429412841797e+00
2.019464111328125000e+01,-1.359945774078369141e+01
4.415234088897705078e+00,-2.888474464416503906e+01
2.480918312072753906e+01,-7.904125690460205078e+00
2.081350326538085938e+00,-3.058987808227539062e+01
2.571236038208007812e+01,-6.833504199981689453e+00
2.441668891906738281e+01,-7.143409848213195801e-01
2.558950614929199219e+01,-2.452844619750976562e+00
5.888659000396728516e+00,2.069492101669311523e+00
1.528047323226928711e+00,-3.402752304077148438e+01
2.307926177978515625e+01,-1.253265762329101562e+01
2.346719169616699219e+01,-1.208419895172119141e+01
2.442873001098632812e+01,7.986704826354980469e+00
1.832553672790527344e+01,-1.332771492004394531e+01
1.180230712890625000e+01,-2.213816642761230469e+01
-2.976450920104980469e+01,-1.795807075500488281e+01
-1.836093544960021973e+00,-3.920184707641601562e+01
7.910863876342773438e+00,-2.400093269348144531e+01
2.438159179687500000e+01,-5.172025680541992188e+00
4.641545295715332031e+00,1.466932535171508789e+00
-7.373288154602050781e+00,-4.338330078125000000e+01
2.122949981689453125e+01,1.198456764221191406e+01
1.007880687713623047e+01,-2.506632995605468750e+01
4.699239253997802734e+00,-2.907306671142578125e+01
1.863267898559570312e+01,1.105181026458740234e+01
5.551377773284912109e+00,2.316300392150878906e+00
4.041173160076141357e-01,-3.439753341674804688e+01
2.246199035644531250e+01,-1.053973674774169922e+01
7.794367074966430664e-01,-3.405012512207031250e+01
2.569441032409667969e+01,7.186537265777587891e+00
1.099628639221191406e+01,-2.113376235961914062e+01
2.670234870910644531e+01,-7.961814880371093750e+00
1.850679588317871094e+01,-1.626884841918945312e+01
5.301773071289062500e+00,-3.097637557983398438e+01
1.657863426208496094e+01,-1.691931343078613281e+01
1.665158271789550781e+01,1.219383907318115234e+01
2.815467643737792969e+01,2.701886415481567383e+00
-7.137224197387695312e+00,-4.404275131225585938e+01
2.174472427368164062e+01,-9.317327499389648438e+00
2.416640281677246094e+01,-1.024120712280273438e+01
1.628715515136718750e+01,-1.786808204650878906e+01
-7.410862922668457031e+00,-4.373519897460937500e+01
4.258775711059570312e+00,6.454134583473205566e-01
2.820322608947753906e+01,3.724063396453857422e+00
1.274447917938232422e+01,8.831419944763183594e+00
1.719930076599121094e+01,-1.517307090759277344e+01
2.737011909484863281e+01,-2.330232858657836914e+00
3.393369197845458984e+00,-3.270074844360351562e+01
2.509507369995117188e+01,-7.709558010101318359e-01
1.409642887115478516e+01,-2.201097297668457031e+01
2.348714828491210938e+01,-5.922417163848876953e+00
2.742422485351562500e+01,2.705727815628051758e+00
1.164300155639648438e+01,-2.397047042846679688e+01
-1.014089202880859375e+01,-4.431409835815429688e+01
9.599414825439453125e+00,-2.267939376831054688e+01
3.289611101150512695e+00,-6.501350402832031250e-01
1.735105895996093750e+01,1.231632232666015625e+01
1.342111110687255859e+01,1.027823543548583984e+01
-5.296490669250488281e+00,-4.271300125122070312e+01
1.617951202392578125e+01,-1.851399230957031250e+01
4.639069080352783203e+00,-2.955157089233398438e+01
2.441776847839355469e+01,9.334642410278320312e+00
2.041014289855957031e+01,-1.260743999481201172e+01
2.860326766967773438e+01,-3.964483261108398438e+00
2.185216712951660156e+01,1.178738975524902344e+01
1.312263393402099609e+01,1.037259197235107422e+01
2.867839241027832031e+01,-2.743285596370697021e-01
1.435900497436523438e+01,-2.141211891174316406e+01
4.758520126342773438e+00,-3.051454544067382812e+01
2.552828788757324219e+01,1.346037030220031738e+00
1.271592712402343750e+01,8.588951110839843750e+00
2.833560752868652344e+01,-7.491960525512695312e-01
-1.091979622840881348e+00,-3.687039184570312500e+01
1.950250625610351562e+00,-3.296818161010742188e+01
2.075579643249511719e+01,9.833929061889648438e+00
2.259746170043945312e+01,-1.244746494293212891e+01
2.664271926879882812e+01,8.860929489135742188e+00
7.726331710815429688e+00,-2.719370079040527344e+01
2.261266517639160156e+01,-7.080282211303710938e+00
1.734837532043457031e+01,-1.860049057006835938e+01
2.308556747436523438e+01,-7.030038356781005859e+00
5.062623500823974609e+00,-3.193447113037109375e+01
2.763253021240234375e+01,-3.202071905136108398e+00
1.838847541809082031e+01,-1.264785671234130859e+01
2.254021072387695312e+01,8.990533828735351562e+00
4.227344131469726562e+01,-1.640444755554199219e+01
2.315052795410156250e+01,-7.889935016632080078e+00
1.813592720031738281e+01,1.220809078216552734e+01
-6.015419006347656250e+00,-4.350175476074218750e+01
5.861660957336425781e+00,2.054526329040527344e+00
2.084865951538085938e+01,1.134630966186523438e+01
5.547898769378662109e+00,-3.183654975891113281e+01
2.524109077453613281e+01,1.014359664916992188e+01
3.025058031082153320e+00,-3.321113204956054688e+01
2.518040466308593750e+01,-8.579920768737792969e+00
1.917812919616699219e+01,1.282200622558593750e+01
1.428712368011474609e+01,1.007078552246093750e+01
-2.308259010314941406e-01,-3.512613296508789062e+01
7.415745735168457031e+00,-2.710526466369628906e+01
1.021383666992187500e+01,-2.359388160705566406e+01
1.581945419311523438e+01,-1.801828765869140625e+01
1.728799057006835938e+01,1.224595546722412109e+01
-1.448658227920532227e+00,-3.705220794677734375e+01
6.605969905853271484e+00,-2.638134002685546875e+01
2.173957824707031250e+01,1.202840328216552734e+01
2.843992042541503906e+01,3.342958450317382812e+00
2.752109718322753906e+01,-5.921589374542236328e+00
4.300032424926757812e+01,-3.881164312362670898e+00
1.307040405273437500e+01,9.854643821716308594e+00
3.417119979858398438e+00,2.865555584430694580e-01
2.518199157714843750e+01,-3.924047470092773438e+00
1.141270256042480469e+01,9.116425514221191406e+00
2.534670257568359375e+01,-7.680234909057617188e+00
-9.268811225891113281e+00,-4.425503158569335938e+01
2.851926612854003906e+01,-1.343796253204345703e+00
1.176791906356811523e+00,-3.613097381591796875e+01
1.026958179473876953e+01,-2.651379585266113281e+01
2.724570274353027344e+01,1.119913220405578613e+00
1.645978212356567383e+00,-3.297089004516601562e+01
1.137187004089355469e+01,-2.202043533325195312e+01
2.103620147705078125e+01,-1.432890510559082031e+01
-1.736076593399047852e+00,-3.860897827148437500e+01
7.557673931121826172e+00,-2.616005706787109375e+01
-2.283974885940551758e+00,-9.765738487243652344e+00
2.553853797912597656e+01,-4.969400882720947266e+00
2.416853141784667969e+01,-7.874160289764404297e+00
5.934137821197509766e+00,-3.181800270080566406e+01
4.399907302856445312e+01,5.443410873413085938e+00
1.012734127044677734e+01,-2.646558761596679688e+01
2.156752347946166992e+00,-3.226174163818359375e+01
2.470964241027832031e+01,-3.568012475967407227e+00
-4.297585189342498779e-01,-3.775415420532226562e+01
-8.349782943725585938e+00,-4.396718978881835938e+01
1.763969993591308594e+01,1.151676177978515625e+01
1.061855983734130859e+01,-2.579484367370605469e+01
7.614932060241699219e+00,-2.502420997619628906e+01
1.661654472351074219e+01,-1.570763587951660156e+01
2.475173568725585938e+01,1.081700611114501953e+01
-5.940615177154541016e+00,-4.275223159790039062e+01
-1.557657271623611450e-01,-3.679381561279296875e+01
3.664527177810668945e+00,-3.179135131835937500e+01
-1.221975326538085938e+00,-3.856028747558593750e+01
-5.113364219665527344e+00,-4.260514831542968750e+01
1.518815612792968750e+01,1.085492992401123047e+01
2.759556579589843750e+01,3.508780717849731445e+00
4.213492965698242188e+01,-1.523667931556701660e+00
2.749607086181640625e+01,6.205736637115478516e+00
2.296446609497070312e+01,1.180716896057128906e+01
2.502357482910156250e+01,-5.130256652832031250e+00
2.924000740051269531e+01,3.413414478302001953e+00
-1.952988266944885254e+00,-3.950732040405273438e+01
1.643732452392578125e+01,-1.619618988037109375e+01
6.030261516571044922e+00,-2.848707008361816406e+01
-9.508988380432128906e+00,-4.431851577758789062e+01
2.302805519104003906e+01,1.077385425567626953e+01
1.071343135833740234e+01,-2.501814460754394531e+01
2.764171218872070312e+01,-1.838477700948715210e-02
4.129999637603759766e+00,-3.199092292785644531e+01
1.451625537872314453e+01,1.049213790893554688e+01
9.407832145690917969e+00,-2.623293876647949219e+01
2.623527526855468750e+01,9.539098739624023438e+00
2.452780342102050781e+01,-7.346559524536132812e+00
9.281271934509277344e+00,-2.307709884643554688e+01
-4.408111095428466797e+00,-4.255031585693359375e+01
2.300926208496093750e+01,-9.536172866821289062e+00
1.087931060791015625e+01,-2.404208755493164062e+01
8.188923835754394531e+00,-2.827105522155761719e+01
1.407488059997558594e+01,9.460841178894042969e+00
2.997599124908447266e+00,-7.403272986412048340e-01
2.548265266418457031e+01,7.955401420593261719e+00
6.651682853698730469e+00,-2.789521789550781250e+01
2.425716018676757812e+01,-9.293984413146972656e+00
-5.086455821990966797e+00,-4.287110900878906250e+01
2.609204673767089844e+01,6.163294792175292969e+00
2.575703239440917969e+01,-5.742859840393066406e+00
-2.203447818756103516e+00,-3.874720382690429688e+01
2.603708982467651367e+00,-3.036644172668457031e+01
2.517136955261230469e+01,5.211534723639488220e-02
2.856155967712402344e+01,-1.860570907592773438e+00
1.337452888488769531e+01,-2.258538627624511719e+01
2.137449836730957031e+01,-1.391715526580810547e+01
2.874178886413574219e+01,3.641113758087158203e+00
2.087253379821777344e+01,1.200552463531494141e+01
2.424456596374511719e+01,7.490529537200927734e+00
1.662796020507812500e+01,1.067534923553466797e+01
1.069310379028320312e+01,-2.283788490295410156e+01
1.718778419494628906e+01,1.254510974884033203e+01
2.065830993652343750e+01,1.329704284667968750e+01
-4.602762699127197266e+00,-4.195950317382812500e+01
-9.659461021423339844e+00,-4.429792022705078125e+01
-1.022222995758056641e+01,-4.431694793701171875e+01
2.784366798400878906e+01,2.970565795898437500e+00
1.639339065551757812e+01,1.159679412841796875e+01
-3.503068208694458008e+00,-3.829846572875976562e+01
1.587511444091796875e+01,1.117325210571289062e+01
1.589500331878662109e+01,-2.010264778137207031e+01
-3.158251345157623291e-01,-3.624946975708007812e+01
1.132723617553710938e+01,-2.522179794311523438e+01
1.784352874755859375e+01,1.166029930114746094e+01
2.678740310668945312e+01,-8.045292854309082031e+00
1.787472218275070190e-01,-3.586773300170898438e+01
1.129884529113769531e+01,-2.088826560974121094e+01
1.589811801910400391e+01,-1.642981338500976562e+01
2.728841972351074219e+01,-5.391027450561523438e+00
1.514498138427734375e+01,-1.818116569519042969e+01
-3.177523136138916016e+00,-4.106872177124023438e+01
2.021006774902343750e+01,-1.554799365997314453e+01
-4.346615314483642578e+00,-4.172592163085937500e+01
8.750360488891601562e+00,-2.953596687316894531e+01
9.012016296386718750e+00,-2.538889503479003906e+01
2.762182044982910156e+01,-1.326241016387939453e+00
2.691940307617187500e+01,8.628617286682128906e+00
2.396361351013183594e+01,-8.021176338195800781e+00
2.081674957275390625e+01,-1.439520931243896484e+01
2.300759315490722656e+00,-3.345099258422851562e+01
-2.372969388961791992e+00,-4.151461029052734375e+01
2.554610061645507812e+01,-7.448713302612304688e+00
1.597592067718505859e+01,1.067182731628417969e+01
2.394283294677734375e+01,1.217560386657714844e+01
-8.311202049255371094e+00,-4.428467941284179688e+01
2.609158325195312500e+01,3.952863216400146484e+00
1.464604663848876953e+01,1.105735111236572266e+01
2.377842712402343750e+01,-9.142475128173828125e+00
1.769125938415527344e+01,-1.539398479461669922e+01
1.879746055603027344e+01,-1.243427753448486328e+01
3.738439321517944336e+00,5.173382759094238281e-01
2.214319229125976562e+01,9.759652137756347656e+00
2.423877143859863281e+01,-1.116637897491455078e+01
5.361163139343261719e+00,1.529016375541687012e+00
-4.371329307556152344e+00,-4.193678283691406250e+01
1.688269424438476562e+01,1.070257472991943359e+01
2.609531784057617188e+01,2.254937648773193359e+00
2.910247039794921875e+01,4.561197280883789062e+00
1.130349874496459961e+00,-3.343250274658203125e+01
9.649114608764648438e+00,-2.678907775878906250e+01
2.366583442687988281e+01,-1.251544761657714844e+01
2.763943481445312500e+01,-2.340945720672607422e+00
1.764205169677734375e+01,-1.584053611755371094e+01
-2.344771146774291992e+00,-3.952173233032226562e+01
1.090043735504150391e+01,-2.162840270996093750e+01
3.004319763183593750e+01,-2.353713274002075195e+00
-7.823612093925476074e-01,-3.592141723632812500e+01
2.671841812133789062e+01,-3.187530755996704102e+00
2.426728630065917969e+01,-2.506607472896575928e-01
2.014718818664550781e+01,-1.454144668579101562e+01
-2.976297378540039062e+01,-1.802189445495605469e+01
-2.976688194274902344e+01,-1.801822853088378906e+01
1.719594573974609375e+01,-1.803870964050292969e+01
2.548339605331420898e+00,-3.310868072509765625e+01
1.798923683166503906e+01,-1.474118232727050781e+01
1.832864189147949219e+01,-1.458208465576171875e+01
2.449173927307128906e+01,-6.530848026275634766e+00
1.664814758300781250e+01,1.114789390563964844e+01
1.321344470977783203e+01,8.976457595825195312e+00
2.163281250000000000e+01,1.085275363922119141e+01
7.590221881866455078e+00,-2.644596099853515625e+01
-5.285629272460937500e+00,-4.202087402343750000e+01
7.273980140686035156e+00,-2.539827919006347656e+01
1.331544113159179688e+01,8.807296752929687500e+00
2.645628547668457031e+01,-7.259259700775146484e+00
1.377891349792480469e+01,1.034467315673828125e+01
-3.113409042358398438e+00,-4.065224075317382812e+01
2.662886047363281250e+01,-7.399092674255371094e+00
2.111445808410644531e+01,1.228795242309570312e+01
5.913733005523681641e+00,-3.012691116333007812e+01
1.698608589172363281e+01,-1.644020080566406250e+01
3.782011270523071289e-01,-3.640946960449218750e+01
6.611443996429443359e+00,-2.680309677124023438e+01
2.811290740966796875e+01,5.093732833862304688e+00
2.565197372436523438e+01,4.010491371154785156e-01
2.237777137756347656e+01,1.260213851928710938e+01
1.176249980926513672e+00,-3.269778823852539062e+01
-3.322318792343139648e+00,-3.983862304687500000e+01
2.300004959106445312e+01,1.024877643585205078e+01
2.116502380371093750e+01,-1.286793994903564453e+01
4.723295593261718750e+01,3.283748626708984375e+00
4.319098663330078125e+01,1.086300563812255859e+01
4.772311782836914062e+01,-7.561767578125000000e+00
1.407394981384277344e+01,-4.606236267089843750e+01
-1.478237533569335938e+01,-1.570563220977783203e+01
1.714547920227050781e+01,-4.359853363037109375e+01
4.405710220336914062e+01,-1.137734794616699219e+01
4.445216369628906250e+01,-5.661265850067138672e+00
3.982973480224609375e+01,-2.473276901245117188e+01
4.748314285278320312e+01,-9.713264465332031250e+00
1.561517620086669922e+01,-4.753486633300781250e+01
4.679800796508789062e+01,3.211123704910278320e+00
2.728083038330078125e+01,-3.805163955688476562e+01
7.185206890106201172e+00,6.180490493774414062e+00
4.526866149902343750e+01,-1.461584186553955078e+01
7.644779682159423828e+00,-4.695030593872070312e+01
4.644685363769531250e+01,-8.827372550964355469e+00
4.451417541503906250e+01,-1.741997337341308594e+01
4.781616973876953125e+01,-1.070143222808837891e+01
4.333322525024414062e+01,1.189233303070068359e+01
2.501007461547851562e+01,-3.937731170654296875e+01
4.174355316162109375e+01,-1.790794563293457031e+01
4.463554382324218750e+01,-9.456501007080078125e+00
6.367396354675292969e+00,-4.741129684448242188e+01
7.146561145782470703e+00,8.447216987609863281e+00
1.937851905822753906e+01,-4.392418670654296875e+01
7.312690258026123047e+00,-4.816267013549804688e+01
4.420297241210937500e+01,-1.989919662475585938e+01
4.545326232910156250e+01,2.991190195083618164e+00
6.999376296997070312e+00,-4.770417022705078125e+01
4.697800445556640625e+01,5.187506675720214844e+00
3.510947418212890625e+01,-3.022910881042480469e+01
4.581397247314453125e+01,5.457124233245849609e+00
5.911390304565429688e+00,-4.744363784790039062e+01
3.690518188476562500e+01,-2.828739166259765625e+01
2.668474006652832031e+01,-3.543685150146484375e+01
4.317402648925781250e+01,-1.374876976013183594e+01
6.702322959899902344e+00,-4.683937454223632812e+01
3.140844345092773438e+01,-3.346604919433593750e+01
4.032514572143554688e+01,-2.522911834716796875e+01
3.949493789672851562e+01,-2.751564407348632812e+01
4.436948394775390625e+01,-6.237891197204589844e+00
3.412380599975585938e+01,-3.021827125549316406e+01
4.340759277343750000e+01,-1.310447692871093750e+01
3.625233078002929688e+01,-2.660476493835449219e+01
-1.790764212608337402e+00,-9.012169837951660156e+00
4.707011795043945312e+01,-6.939602851867675781e+00
4.722511672973632812e+01,-1.367057412862777710e-01
2.158145141601562500e+01,-4.292361831665039062e+01
4.474503707885742188e+01,-6.956031322479248047e+00
4.340512847900390625e+01,-1.247174453735351562e+01
3.665780723094940186e-01,-5.787159919738769531e+00
2.716029739379882812e+01,-3.846770477294921875e+01
4.384651565551757812e+01,1.116036605834960938e+01
3.157309913635253906e+01,-3.324410247802734375e+01
2.663951492309570312e+01,-3.555080795288085938e+01
2.535604286193847656e+01,-4.114657211303710938e+01
4.314836120605468750e+01,-1.594408988952636719e+01
4.456758499145507812e+01,4.258651733398437500e+00
3.089550971984863281e+01,-3.565701675415039062e+01
1.619239616394042969e+01,-4.575542831420898438e+01
4.406120300292968750e+01,1.004495525360107422e+01
7.743901252746582031e+00,7.815276622772216797e+00
4.475326538085937500e+01,7.471710205078125000e+00
4.364329528808593750e+01,-6.364369988441467285e-01
7.529229164123535156e+00,-4.700195693969726562e+01
-1.356827735900878906e+00,-6.577973842620849609e+00
4.340837860107421875e+01,-1.635729980468750000e+01
4.396234512329101562e+01,-1.345223426818847656e+01
4.811866378784179688e+01,-5.626010894775390625e+00
4.488842010498046875e+01,-3.419280052185058594e-02
4.465154266357421875e+01,5.671891212463378906e+00
1.295885658264160156e+01,-4.562977981567382812e+01
3.113138961791992188e+01,-3.287363052368164062e+01
4.599939727783203125e+01,1.748330354690551758e+00
4.901927185058593750e+01,-2.562946557998657227e+00
4.673722839355468750e+01,-1.769412279129028320e+00
2.549678802490234375e+01,-4.030256652832031250e+01
4.204238128662109375e+01,-2.163130760192871094e+01
3.792590332031250000e+01,-3.033073425292968750e+01
4.850332641601562500e+01,-3.711252689361572266e+00
4.565903091430664062e+01,4.941451072692871094e+00
1.557047557830810547e+01,-4.510494613647460938e+01
4.467954635620117188e+01,-1.718840408325195312e+01
1.842373085021972656e+01,-4.355478286743164062e+01
3.144260978698730469e+01,-3.418531799316406250e+01
4.781454467773437500e+01,1.040383577346801758e+00
1.232760429382324219e+01,-4.546347808837890625e+01
3.855242538452148438e+01,-2.847432518005371094e+01
2.410755729675292969e+01,-3.937180328369140625e+01
4.484716415405273438e+01,2.964293003082275391e+00
4.159900665283203125e+01,-1.832227706909179688e+01
3.324875259399414062e+01,-3.109443283081054688e+01
3.780930328369140625e+01,-2.864486312866210938e+01
4.163027191162109375e+01,-2.090848731994628906e+01
4.711217498779296875e+01,4.769745826721191406e+00
2.347208023071289062e+01,-4.085511779785156250e+01
4.433955001831054688e+01,-2.372602224349975586e+00
4.613667678833007812e+01,-2.592535734176635742e+00
4.763795089721679688e+01,-1.148900604248046875e+01
2.181095123291015625e+01,-4.192736053466796875e+01
2.441711235046386719e+01,-3.934917449951171875e+01
4.771539688110351562e+01,-6.621123790740966797e+00
3.840432357788085938e+01,-2.789239883422851562e+01
4.831466674804687500e+01,-8.924540519714355469e+00
4.519982528686523438e+01,7.011244773864746094e+00
4.493819046020507812e+01,-1.413372230529785156e+01
2.151424217224121094e+01,-4.165417098999023438e+01
3.393825149536132812e+01,-2.920429801940917969e+01
4.119425201416015625e+01,-2.549437141418457031e+01
6.445580005645751953e+00,-4.812295150756835938e+01
4.428956222534179688e+01,1.150525760650634766e+01
4.649672317504882812e+01,-5.541427135467529297e+00
4.486091995239257812e+01,1.947825908660888672e+00
4.299346542358398438e+01,1.185894680023193359e+01
1.369831752777099609e+01,-4.628435134887695312e+01
1.084174823760986328e+01,-4.648958206176757812e+01
4.473460006713867188e+01,-9.932459831237792969e+00
7.584080219268798828e+00,7.700084686279296875e+00
1.092417430877685547e+01,-4.758381652832031250e+01
4.817859649658203125e+01,9.285710453987121582e-01
1.751191711425781250e+01,-4.628910446166992188e+01
1.638513946533203125e+01,-4.531627655029296875e+01
4.062259292602539062e+01,-2.330900001525878906e+01
6.725209236145019531e+00,8.178343772888183594e+00
4.019855117797851562e+01,-2.620926856994628906e+01
2.872854995727539062e+01,-3.511472320556640625e+01
6.180755138397216797e+00,-4.804547119140625000e+01
4.459775161743164062e+01,-1.524280834197998047e+01
4.186300659179687500e+01,-2.214193534851074219e+01
2.314065551757812500e+01,-4.244905471801757812e+01
3.782468032836914062e+01,-2.152227973937988281e+01
2.555360794067382812e+01,-3.855173873901367188e+01
8.610297203063964844e+00,-4.618649673461914062e+01
3.964304733276367188e+01,-2.571957969665527344e+01
1.576526355743408203e+01,-4.468444442749023438e+01
3.339612960815429688e+01,-3.162237548828125000e+01
4.247020721435546875e+01,-1.783016777038574219e+01
2.840675926208496094e+01,-3.568566894531250000e+01
4.450848770141601562e+01,-7.541136741638183594e+00
2.130940628051757812e+01,-4.368978118896484375e+01
4.474929046630859375e+01,-2.127948570251464844e+01
2.991383934020996094e+01,-3.578636169433593750e+01
6.133315563201904297e+00,6.398506641387939453e+00
2.252086830139160156e+01,-4.138720321655273438e+01
4.759989547729492188e+01,5.855446815490722656e+00
4.782038116455078125e+01,4.749905586242675781e+00
3.406860733032226562e+01,-3.065806198120117188e+01
1.424885463714599609e+01,-4.736281204223632812e+01
1.555962085723876953e+01,-4.598160934448242188e+01
4.293450927734375000e+01,-2.251284408569335938e+01
1.499497127532958984e+01,-4.695009231567382812e+01
-1.470947360992431641e+01,-1.542138195037841797e+01
4.752499389648437500e+01,-1.455081939697265625e+00
4.372700500488281250e+01,-1.742197608947753906e+01
4.521642303466796875e+01,8.887742042541503906e+00
4.475599288940429688e+01,-7.532558917999267578e+00
4.469441604614257812e+01,2.316099166870117188e+00
4.562540817260742188e+01,6.015315532684326172e+00
7.907190322875976562e+00,-4.689018630981445312e+01
1.802692985534667969e+01,-4.450658416748046875e+01
4.638314056396484375e+01,5.960327148437500000e+00
4.277484893798828125e+01,-2.161932754516601562e+01
1.059648799896240234e+01,-4.606074142456054688e+01
3.439710617065429688e+01,-3.250358581542968750e+01
1.192983722686767578e+01,-4.633062362670898438e+01
8.809938430786132812e+00,8.987333297729492188e+00
3.336135482788085938e+01,-3.376156616210937500e+01
2.892515182495117188e+01,-3.776590728759765625e+01
4.832843017578125000e+01,4.992669820785522461e-01
8.165502548217773438e+00,-4.792228317260742188e+01
3.014028549194335938e+01,-3.542358016967773438e+01
5.854422569274902344e+00,5.860505580902099609e+00
4.365831756591796875e+01,1.232902145385742188e+01
1.434674835205078125e+01,-4.677038574218750000e+01
4.048721313476562500e+01,-2.471952438354492188e+01
1.474697780609130859e+01,-4.645442962646484375e+01
4.337185287475585938e+01,-2.124118995666503906e+01
3.151423454284667969e+01,-3.583526229858398438e+01
4.446865081787109375e+01,1.232113456726074219e+01
4.742232131958007812e+01,-6.382855415344238281e+00
4.578926086425781250e+01,-1.347056484222412109e+01
1.629333114624023438e+01,-4.604513549804687500e+01
4.756677246093750000e+01,-9.150304794311523438e+00
3.865696716308593750e+01,-2.656882095336914062e+01
3.977595520019531250e+01,-2.349674606323242188e+01
4.387590789794921875e+01,-2.675582885742187500e+00
1.555762290954589844e+01,-4.427511978149414062e+01
1.135707187652587891e+01,-4.678801727294921875e+01
3.704658126831054688e+01,-3.125555610656738281e+01
2.937728881835937500e+01,-3.828015518188476562e+01
2.549380493164062500e+01,-4.021615600585937500e+01
4.357598495483398438e+01,1.057674598693847656e+01
1.423762607574462891e+01,-4.730023956298828125e+01
7.621181011199951172e+00,5.643298625946044922e+00
4.626856231689453125e+01,6.151085376739501953e+00
4.754160308837890625e+01,-5.338644027709960938e+00
3.312765884399414062e+01,-3.353755950927734375e+01
3.464453125000000000e+01,-3.233090591430664062e+01
4.733775711059570312e+01,-5.271764755249023438e+00
4.433805465698242188e+01,1.138038635253906250e+01
2.844790840148925781e+01,-3.622700500488281250e+01
4.736725997924804688e+01,-3.420494079589843750e+00
2.905585289001464844e+01,-3.910239410400390625e+01
3.017754364013671875e+01,-3.705049514770507812e+01
1.369673919677734375e+01,-4.547321701049804688e+01
4.618460845947265625e+01,7.785316944122314453e+00
4.693287277221679688e+01,6.355332732200622559e-01
3.446297454833984375e+01,-3.363218688964843750e+01
4.462663650512695312e+01,7.640335083007812500e+00
4.373564529418945312e+01,-2.051038503646850586e+00
4.116208648681640625e+01,-2.061076164245605469e+01
4.334511947631835938e+01,-1.410301876068115234e+01
2.399426460266113281e+01,-3.994906234741210938e+01
4.667622375488281250e+01,-1.252640128135681152e+00
3.038021087646484375e+01,-3.850605392456054688e+01
4.700541305541992188e+01,-4.864899635314941406e+00
4.505641937255859375e+01,5.092011451721191406e+00
7.269996166229248047e+00,-4.743046569824218750e+01
4.180653381347656250e+01,-2.065202331542968750e+01
4.412794113159179688e+01,-1.957440757751464844e+01
4.865062713623046875e+01,-4.080121517181396484e+00
4.810209274291992188e+01,-1.063222789764404297e+01
1.776468276977539062e+01,-4.402702713012695312e+01
4.803166961669921875e+01,-4.732198119163513184e-01
4.740143966674804688e+01,3.993668317794799805e+00
4.647928619384765625e+01,-1.052519607543945312e+01
7.967035770416259766e+00,9.478428840637207031e+00
3.304314041137695312e+01,-3.048509407043457031e+01
4.460180282592773438e+01,-2.277382135391235352e+00
-1.469478988647460938e+01,-1.537376022338867188e+01
2.208291244506835938e+01,-3.937118530273437500e+01
4.573783111572265625e+01,6.506586074829101562e+00
4.929966926574707031e+00,-4.748052978515625000e+01
3.892739105224609375e+01,-2.273841667175292969e+01
4.530517959594726562e+01,-2.985989809036254883e+00
4.408366012573242188e+01,-1.135548800230026245e-01
3.777886962890625000e+01,-2.620812797546386719e+01
4.150248336791992188e+01,-2.144081497192382812e+01
2.201421165466308594e+01,-4.270264434814453125e+01
4.028283691406250000e+01,-2.669989204406738281e+01
3.861093521118164062e+01,-2.743691444396972656e+01
4.411564636230468750e+01,1.018888664245605469e+01
4.745996856689453125e+01,1.711885690689086914e+00
4.662989807128906250e+01,-9.506233215332031250e+00
7.589639186859130859e+00,-4.767643737792968750e+01
7.555804252624511719e+00,8.184812545776367188e+00
4.475614547729492188e+01,6.343669414520263672e+00
4.565503692626953125e+01,-1.042048549652099609e+01
4.448072814941406250e+01,-1.591053485870361328e+01
4.341747665405273438e+01,-1.232660102844238281e+01
4.380711746215820312e+01,1.176633834838867188e+01
-1.452156352996826172e+01,-1.477201938629150391e+01
1.880559539794921875e+01,-4.414157485961914062e+01
7.212402343750000000e+00,6.375744342803955078e+00
4.463172531127929688e+01,-2.168642807006835938e+01
5.896921634674072266e+00,-4.699848937988281250e+01
2.992610168457031250e+01,-3.630095672607421875e+01
3.324510955810546875e+01,-3.222233200073242188e+01
2.924745941162109375e+01,-3.636181640625000000e+01
4.040425872802734375e+01,-1.801071548461914062e+01
4.735554122924804688e+01,5.476242542266845703e+00
2.542285537719726562e+01,-4.154594802856445312e+01
-1.462656402587890625e+01,-1.511669063568115234e+01
4.377912521362304688e+01,1.268635463714599609e+01
3.477484512329101562e+01,-3.152931976318359375e+01
2.909468841552734375e+01,-3.819441604614257812e+01
1.968760871887207031e+01,-4.426374053955078125e+01
3.801673126220703125e+01,-2.566192245483398438e+01
2.532960700988769531e+01,-3.882627105712890625e+01
-1.481862354278564453e+01,-1.590087413787841797e+01
3.900273513793945312e+01,-2.788977622985839844e+01
4.424332427978515625e+01,1.230952262878417969e+01
8.002474784851074219e+00,8.387736320495605469e+00
4.849333572387695312e+01,1.251277208328247070e+00
2.853317070007324219e+01,-3.968622207641601562e+01
2.561599349975585938e+01,-3.521348571777343750e+01
2.451782989501953125e+01,-4.125963211059570312e+01
4.532222747802734375e+01,-1.093214321136474609e+01
7.987277984619140625e+00,9.090458869934082031e+00
1.891606521606445312e+01,-4.470254898071289062e+01
3.668165206909179688e+01,-2.928299331665039062e+01
4.802688598632812500e+01,-8.693231582641601562e+00
2.092042732238769531e+01,-4.219749832153320312e+01
2.626776885986328125e+01,-3.631095504760742188e+01
4.685961151123046875e+01,-5.786543846130371094e+00
2.661125564575195312e+01,-3.517890548706054688e+01
3.361095809936523438e+01,-2.995318603515625000e+01
3.901918411254882812e+01,-2.205235862731933594e+01
6.473845005035400391e+00,5.688909053802490234e+00
4.684979248046875000e+01,6.482584953308105469e+00
4.450199890136718750e+01,-4.085529327392578125e+00
1.627248001098632812e+01,-4.432699203491210938e+01
3.973873519897460938e+01,-2.695971870422363281e+01
3.784923553466796875e+01,-2.937269783020019531e+01
4.463486862182617188e+01,-1.860807836055755615e-01
4.488427352905273438e+01,1.104659175872802734e+01
2.848517036437988281e+01,-3.784278869628906250e+01
2.665873908996582031e+01,-3.856413650512695312e+01
4.394178390502929688e+01,-1.974256992340087891e+00
4.437957000732421875e+01,1.001957774162292480e+00
4.422013854980468750e+01,4.617522060871124268e-01
4.544131469726562500e+01,-1.631404113769531250e+01
1.999647903442382812e+01,-4.261748123168945312e+01
3.687588500976562500e+01,-2.980521202087402344e+01
4.305710220336914062e+01,1.151819038391113281e+01
3.866189193725585938e+01,-2.463670921325683594e+01
1.704515457153320312e+01,-4.416498184204101562e+01
3.373364257812500000e+01,-3.069693183898925781e+01
2.936819076538085938e+01,-3.745659637451171875e+01
1.503850936889648438e+01,-4.529070281982421875e+01
4.722536468505859375e+01,-1.099024200439453125e+01
4.257230377197265625e+01,-1.776884269714355469e+01
4.381798171997070312e+01,-1.802979278564453125e+01
4.030833435058593750e+01,-2.376901245117187500e+01
4.112714004516601562e+01,-1.849601936340332031e+01
3.873804473876953125e+01,-2.532449150085449219e+01
1.487019538879394531e+01,-4.471294021606445312e+01
4.476271057128906250e+01,1.059110736846923828e+01
4.720090866088867188e+01,9.256279468536376953e-01
4.478415679931640625e+01,-5.039116382598876953e+00
4.546604156494140625e+01,-1.131281375885009766e+01
4.725413131713867188e+01,2.233062028884887695e+00
4.264004898071289062e+01,1.221267795562744141e+01
4.393740463256835938e+01,-1.840363121032714844e+01
4.598409271240234375e+01,-7.252488613128662109e+00
4.007241439819335938e+01,-2.424962806701660156e+01
4.518074035644531250e+01,-9.265616416931152344e+00
3.462043762207031250e+01,-3.125063705444335938e+01
4.424552154541015625e+01,2.521658182144165039e+00
4.511064147949218750e+01,1.012535190582275391e+01
3.947087097167968750e+01,-2.224900054931640625e+01
1.509762191772460938e+01,-4.636968231201171875e+01
4.356710052490234375e+01,4.922037601470947266e+00
4.063261795043945312e+01,-2.055379486083984375e+01
2.208849143981933594e+01,-3.916474151611328125e+01
4.755028915405273438e+01,-1.245599842071533203e+01
2.256302452087402344e+01,-4.240177917480468750e+01
4.139397048950195312e+01,-1.745523834228515625e+01
1.108446884155273438e+01,-4.597924041748046875e+01
6.186702251434326172e+00,5.451272964477539062e+00
4.471292877197265625e+01,1.176064109802246094e+01
4.463665390014648438e+01,-1.479905986785888672e+01
3.074679946899414062e+01,-3.652470016479492188e+01
1.993984603881835938e+01,-4.366384887695312500e+01
1.870954895019531250e+01,-4.434339523315429688e+01
1.345964813232421875e+01,-4.631306076049804688e+01
1.216983699798583984e+01,-4.671482467651367188e+01
2.305030822753906250e+01,-4.121648406982421875e+01
3.487049102783203125e+01,-3.218813705444335938e+01
4.787146377563476562e+01,1.474044919013977051e+00
2.607235527038574219e+01,-4.088174057006835938e+01
2.570694541931152344e+01,-3.982602310180664062e+01
8.681662559509277344e+00,8.718622207641601562e+00
4.079816055297851562e+01,-2.158975410461425781e+01
3.463485336303710938e+01,-3.296719741821289062e+01
3.184626007080078125e+01,-3.512910461425781250e+01
4.639526748657226562e+01,7.357599258422851562e+00
4.563187789916992188e+01,-8.892259597778320312e+00
2.835947036743164062e+01,-3.690510559082031250e+01
3.557646942138671875e+01,-3.135953521728515625e+01
4.600053024291992188e+01,-1.598743534088134766e+01
4.378966140747070312e+01,-2.063821220397949219e+01
4.143981933593750000e+01,-2.430273437500000000e+01
7.949666500091552734e+00,7.388284683227539062e+00
3.271335601806640625e+01,-3.161522674560546875e+01
1.219113636016845703e+01,-4.579708099365234375e+01
6.617266178131103516e+00,6.207787036895751953e+00
3.923157882690429688e+01,-2.630772018432617188e+01
4.110550308227539062e+01,-2.357858085632324219e+01
2.438518142700195312e+01,-4.012121963500976562e+01
4.775296020507812500e+01,-5.827903747558593750e+00
4.391392135620117188e+01,-1.536271286010742188e+01
3.199123382568359375e+01,-3.282882690429687500e+01
4.385514068603515625e+01,-2.242887115478515625e+01
1.631710815429687500e+01,-4.391449737548828125e+01
1.303402042388916016e+01,-4.768410110473632812e+01
4.491034698486328125e+01,-1.076387691497802734e+01
3.071698188781738281e+01,-3.615470123291015625e+01
4.520156478881835938e+01,-7.574413776397705078e+00
1.327291393280029297e+01,-4.493381500244140625e+01
7.208498477935791016e+00,7.660169601440429688e+00
4.707386016845703125e+01,-1.633438110351562500e+00
-2.236764669418334961e+00,-9.620568275451660156e+00
2.842358779907226562e+01,-3.795064544677734375e+01
2.342775535583496094e+01,-4.127913665771484375e+01
2.079593086242675781e+01,-4.168534469604492188e+01
4.499337387084960938e+01,-1.580154323577880859e+01
4.520859527587890625e+01,-1.162072753906250000e+01
3.641301727294921875e+01,-3.037162399291992188e+01
3.408541107177734375e+01,-3.202061080932617188e+01
4.285969924926757812e+01,-2.060555839538574219e+01
7.204272747039794922e+00,6.897953510284423828e+00
2.014215660095214844e+01,-4.301408386230468750e+01
4.422093963623046875e+01,-4.758673667907714844e+00
2.062350845336914062e+01,-4.352206039428710938e+01
4.310721588134765625e+01,-2.303776359558105469e+01
4.044959259033203125e+01,-2.272282791137695312e+01
4.526777267456054688e+01,-5.419369220733642578e+00
8.824152946472167969e+00,9.168102264404296875e+00
