X,Y,class
-3.821715,-0.19631474,2
-3.7874382,5.9781485,7
2.1491945,5.3712745,9
3.9983056,0.27913785,0
-1.3507544,1.8349811,1
-3.0180879,2.242418,1
-3.8785512,-0.07171727,2
-3.602481,-3.139528,3
-3.2828228,-2.872576,3
1.5047578,-1.1927015,6
2.759961,-0.72058,5
3.1524665,2.64486,0
1.9951307,1.958134,0
-0.122061454,2.1232722,0
1.1850114,0.075850286,0
6.8710656,5.064699,4
-2.6196,-2.5653002,3
1.4730121,-2.4646268,6
3.3992472,2.1607475,0
-2.0759637,0.5505299,8
6.0810204,5.7272983,4
-0.036969442,-2.5000358,6
-0.43638414,0.031937476,2
-3.6007347,5.1554313,7
-1.2470303,0.42507342,3
-5.422229,1.2903208,2
-1.1306655,0.50176984,3
1.5310872,1.6168087,0
3.32461,1.2814046,0
-4.1548114,-1.9901632,3
2.3159027,-1.464445,5
-3.2032297,2.7977679,1
-2.103413,4.2453847,1
1.5259567,5.803509,9
-3.4279253,-0.33950904,8
-3.777557,5.502005,7
-4.6248174,-1.7423896,3
1.1254903,0.2086871,0
-3.5090027,1.6529151,2
0.22787048,-4.1174564,6
-1.2427537,0.56275994,3
-1.3075297,2.397537,1
-1.970142,4.0477133,1
3.9192255,2.7270393,4
-2.717953,0.7752647,8
0.9495868,-1.440542,5
-2.0498536,3.359334,1
1.1223444,6.2209587,9
-1.8721688,4.0894985,1
-1.2718315,0.52374464,8
-5.672517,-0.18430918,2
1.0153505,-3.5431495,6
-2.7171605,2.858588,1
-0.34233302,-0.83271307,6
-3.4564857,4.010381,1
-2.7559357,0.92317057,2
-3.6603184,-0.106209636,2
2.465761,0.4800254,0
-2.430198,-1.7306865,3
-2.4091206,6.4911294,7
-1.7132131,-2.7233455,3
3.5541253,2.7306592,4
0.7804004,1.8442799,0
-4.765938,-1.1954265,3
5.135808,4.02106,4
0.24491823,-2.3308687,6
5.412926,3.8858192,4
-3.4360123,6.322124,7
-2.1061192,0.118814245,8
0.07645454,-1.4255742,5
-0.37247407,0.9962886,1
5.5337367,3.401269,4
-0.0063942294,1.4063969,0
-2.7342916,4.909786,1
-2.0772595,-0.5312719,3
-0.7688176,0.8959135,3
-1.9594173,4.9843845,1
-0.1441218,-0.8302229,6
-3.3417234,0.93754953,8
-0.17684111,-0.6802943,6
3.9715424,3.1241577,4
5.4835854,3.3293018,4
5.0828567,4.95736,4
-1.6077865,0.8248194,8
-3.2546484,-2.0267177,3
1.4897404,5.465379,9
1.4284708,-1.950119,6
-3.7707784,-1.9070648,3
-4.139997,0.28701702,2
-5.242355,0.3444279,2
-4.3015094,0.30467716,2
-2.4417365,3.3335078,1
-2.045943,0.06321599,8
-2.8022108,0.36039376,8
-3.6159236,-3.1194265,3
-3.2546089,0.32586962,2
-2.1862078,5.780651,7
-0.76813525,0.69202834,3
-1.6299666,3.204141,1
-0.76774776,2.6004267,1
0.101398334,-2.9963338,6
-5.2652917,-0.7606148,2
-2.8068058,6.55478,7
-4.4996114,-1.4135789,3
1.0394546,-2.7267814,6
0.50564986,-4.083472,6
3.3723588,4.897143,9
-2.192577,5.4523335,1
-2.8594816,5.72809,7
-4.0891933,-2.2576578,3
4.4628334,2.9992666,4
2.9460945,1.8545377,0
2.9283462,2.874017,0
2.30421,2.3486106,0
-2.544263,6.6782613,7
2.1810334,1.65703,0
-2.4396563,-2.3700573,3
1.873512,1.9719753,0
-2.3248825,6.847482,7
-0.92264354,-3.2756684,5
-3.788133,-2.6969001,3
-2.0187926,5.830033,7
0.1481965,-1.5487577,6
-2.002214,0.6146101,2
-0.12554224,-1.1639746,5
1.8927906,2.0009618,0
1.6527519,-1.0968856,5
1.940114,1.5071774,0
0.22036737,-3.184091,6
4.0722737,2.9265568,4
-1.566308,4.653135,1
-1.8299435,2.3924253,1
-4.3848286,-1.1207393,3
-0.64833254,1.6849126,1
-1.7280327,0.6822005,2
-2.5524216,5.831785,7
-3.4774234,0.22914338,2
3.4704955,3.3976986,4
-3.9714615,-0.038559232,2
-5.823233,0.6126338,2
-0.11266648,-1.8728755,5
-2.6049626,0.16521302,8
5.368304,5.2653165,4
0.77328974,-3.944886,6
-2.8374572,0.40646723,2
4.0835214,4.5843997,4
-4.245138,0.7256199,2
-0.6638317,0.14943485,8
-0.6955941,-2.5332048,5
-3.0012107,5.791823,7
-3.1312635,-1.4071643,3
1.312877,-2.1461504,6
-2.9839077,2.5426772,1
-0.8576668,4.4461336,1
-2.4442852,4.984296,1
2.5202093,-0.6179686,5
-2.9143116,0.98785466,2
-1.6018047,0.015796402,5
-1.3994327,-1.1111354,3
-0.15688932,1.0170841,3
-3.5640726,-2.5077875,3
-2.8790855,3.3655062,1
-5.866829,1.1400319,2
-3.2929165,5.194922,7
-1.6964626,-1.8458363,5
-1.6382787,2.4287617,1
-2.7115784,-3.3551507,5
6.1876664,4.036562,4
-0.7426661,-2.540121,6
-1.536748,-1.1733905,3
-3.1549165,-0.8950175,3
-1.454356,5.575005,1
-0.78676397,0.51181203,1
-4.2657557,-2.2564847,3
0.55403215,1.3896064,0
3.577642,0.973503,0
3.5788436,2.5801167,0
0.7697,-3.8189697,6
-4.933829,1.0475719,2
-2.9745626,3.522809,1
-4.7797275,0.14831226,2
2.2641606,1.8348812,0
4.6799912,1.2907186,4
0.7752699,-3.4642124,6
-2.2721891,3.4254625,1
-2.7022169,-1.5884187,3
-3.2846193,2.6225305,1
-2.909241,6.5098634,7
-1.7978017,3.5486917,1
4.521623,2.8533154,4
0.79717827,0.6543185,0
-4.040882,-1.3084813,3
1.464474,-2.661495,6
0.19525488,-1.5488153,6
-5.5486813,0.6040567,2
6.814166,5.584228,4
3.741537,-0.04949389,0
-2.8296936,3.6240313,1
-4.085033,-1.6598572,3
-0.6428011,-0.83371526,6
-2.9736426,4.0855737,1
-1.198699,-0.36174056,8
-2.4725306,-0.49534413,3
3.8904998,3.9686835,4
-2.9813805,5.250334,7
0.27353665,-2.9249313,6
1.4786397,-2.4872162,6
-0.88943475,-0.88757676,6
-2.7819269,5.303223,7
4.7667065,3.2775836,4
-4.4980226,-1.7668519,3
-3.6675837,5.7220187,7
4.806847,3.8893,4
1.8277303,-1.704035,5
-2.2349868,-2.745738,3
1.1933877,1.8178631,0
-4.019031,-0.6320217,2
2.4400995,1.926301,0
-3.397139,5.3441987,7
-2.4409895,-1.8079661,3
0.091256015,1.899062,0
-5.8583565,1.0535753,2
4.903954,3.4743278,4
-1.8708303,-2.9540334,5
4.760816,1.9249039,4
3.2506242,4.9661274,9
4.537968,3.5946934,4
-3.1041892,-0.86121976,2
-2.2677808,-2.6702542,5
-4.6901073,-0.13723065,2
4.783409,4.121737,4
2.4669247,1.5756124,0
0.09087389,-2.2450602,6
-3.6603756,1.9573991,2
-5.11612,-0.5684824,2
1.5169781,0.027502194,0
5.391133,5.036941,4
1.7069576,1.4766617,0
4.82118,1.8372592,4
2.7833295,-0.6295257,5
7.006592,6.062323,4
-5.519689,0.22825728,2
3.6434116,1.7878193,0
-3.3332047,3.4660368,1
-0.9428157,2.3882773,1
3.39286,1.3346398,0
0.36202475,-1.7596401,6
0.77094537,0.9569409,0
-0.37453902,-2.0125754,6
-1.0509549,3.110247,1
3.5516965,1.2613169,0
-3.2961862,4.4827204,1
0.03596956,0.8217192,0
-4.2491083,0.48169836,2
1.8205812,0.77114385,0
-1.6547734,-0.14194381,8
-2.6155026,4.582413,1
0.0824041,-0.39494178,5
5.251191,4.3338037,4
-4.1653595,-2.3736186,3
-0.09861263,-3.798901,6
-4.9335704,0.90322024,2
-0.46716267,0.6978263,3
5.6913185,3.8303258,4
-2.0732994,1.7018292,1
-0.71637493,2.9887576,1
-4.661242,-0.15417133,2
-4.3748446,0.4484987,2
-3.1653283,-0.80018616,3
-0.43025,-0.096666805,3
-0.0839234,-1.9360858,5
6.609402,4.3983626,4
-4.6097145,1.6291347,2
-2.7633984,0.8624459,2
3.603027,2.2106495,0
0.10103002,-3.5648313,6
-0.4731991,-0.43612674,5
1.7402551,0.6304866,0
-1.0131028,-1.0589921,5
-1.9048896,2.9249394,8
-3.6008344,-2.8237414,3
-3.3238218,-1.8946925,3
-3.471654,1.2749113,2
6.0973015,5.6536713,4
0.97362846,0.94772124,0
-2.0209262,-4.091888,5
-4.3632584,-2.2599192,3
-3.5913963,1.3449075,2
-3.5312898,1.150791,2
-1.7183993,1.4536471,1
0.18672627,-1.0030462,5
1.9810568,0.7839915,0
-2.5925953,-0.9302949,3
-3.1626203,1.3807073,2
-1.6505287,5.8597727,7
-1.4382683,4.7936897,1
0.13893808,-1.531109,6
2.755344,1.9685643,0
-2.0384855,-3.2016065,5
1.1396705,0.80045134,0
4.255357,0.8322977,0
-3.264613,1.8053988,1
0.45691818,1.4243252,0
3.3185627,-0.018733563,5
-0.95245856,-2.8896105,5
-2.7042456,-1.6723247,3
-1.4020305,3.4381921,1
-3.5712671,-0.44836754,2
-3.3644855,-1.4528809,3
2.3618598,-0.16948746,0
-1.0079371,-2.9901447,5
1.1839612,1.6706456,0
3.6195385,3.6894138,4
-3.9143221,-1.697991,3
-2.0232859,0.7798332,8
6.0708313,5.8536816,4
5.2672586,4.0611377,4
-0.7671254,-1.3777806,6
-1.1663836,2.4723096,1
-2.075185,1.8107407,2
0.7696727,-0.3424179,0
-2.3525052,6.266971,7
-4.834267,0.2730246,2
0.9643826,3.1748753,4
-1.595638,2.4677596,1
-2.9098835,2.0216491,1
-2.5370436,0.63862497,3
1.570705,-0.79444623,5
-1.8209442,5.4905577,1
5.326055,4.7565117,4
-2.3241513,1.0449252,2
-1.9812573,0.7313715,8
-4.129019,-2.1384692,3
-2.6601288,-1.0452124,3
0.4291932,1.0788232,0
-1.5941273,-0.65223956,3
6.22116,3.9465575,4
-3.4213505,0.23410404,2
2.7965553,3.6613917,4
-2.7196913,-1.3574184,3
-3.5046663,1.518075,2
-1.8570607,4.59619,1
-2.445969,6.713813,7
1.5020505,2.2389705,0
-4.616083,0.74316233,2
-0.15765247,2.1213686,0
0.09508881,2.0418694,0
-2.6923435,1.5034777,2
-0.86504453,0.7701578,3
-2.935044,5.8282046,7
3.8342152,2.5321643,0
-0.2785276,-2.4250772,5
0.4295466,2.3627203,0
5.700363,4.6023865,4
1.9285997,-0.9979844,6
-0.6620732,3.2954955,1
-2.012951,-1.0020088,8
1.433621,4.7659464,9
-1.6626825,6.2552004,7
6.24719,4.7716875,4
-3.3411767,-1.1128515,3
-2.2318923,6.3995204,7
0.36313516,-2.3716178,6
3.297024,-0.22705977,0
0.066951714,-2.5831041,6
-3.4236977,5.7253146,7
-2.4425628,0.9621318,8
1.1024928,-1.2912616,5
-4.4589696,1.1437792,2
-3.1022975,0.77510273,2
-4.3410287,-0.65311056,2
-4.0532746,-2.2931235,3
-2.8244815,6.5881286,7
-1.8063782,4.050022,1
-5.3497953,0.8856441,2
-2.2607005,0.004155125,3
3.1932058,1.456334,0
4.9287496,4.9903636,4
2.2942996,-1.0148963,5
-5.1242747,1.0647902,2
-3.1138506,5.5597515,7
3.9428785,0.18058404,0
0.66918594,-2.7489402,6
0.30482727,1.4818716,0
5.1727257,3.7884588,4
1.5949994,-2.4459078,6
-1.7155273,5.325107,1
-0.39597136,-0.86929786,6
0.18520251,2.1014893,0
-1.0643803,-2.8000865,5
0.6932808,1.387086,0
3.826048,2.7293785,4
3.6208272,1.3739576,0
-2.9517572,1.8118936,1
6.698678,6.2486644,4
2.4858572,0.77445245,0
-0.1910655,1.5400184,0
-4.435101,-1.6495177,3
-3.1980085,-2.2043211,3
-0.29532552,-2.6304607,6
-4.239751,1.5568053,2
-1.1905781,-2.3179913,5
-0.71550405,3.3064678,1
0.46409193,5.2663264,9
0.43101278,1.4429872,0
-3.5565643,5.7827377,7
-0.6835377,3.6276364,1
-2.7835617,3.624298,1
-2.6078718,-1.7886065,3
-0.64059925,-0.3310041,6
-3.67183,5.967129,7
-4.7205405,0.70182455,2
6.6739826,6.1474977,4
1.0177823,1.5323316,0
-5.7189307,0.28766963,2
6.3427243,6.0050673,4
-6.2660613,1.147178,2
3.8799436,1.1788949,0
3.6438744,1.5586853,0
-1.4023464,2.2551508,1
-2.7561858,-1.9064416,3
4.081707,3.6245964,4
1.0967138,2.272239,0
-0.061592907,-2.6197357,6
-2.3060303,5.152493,1
1.5878537,0.68612814,0
-1.1771053,1.4732484,8
-0.57457787,2.2912915,1
-2.8770854,0.31068695,1
5.6398287,4.993897,4
-2.1691825,4.0735598,1
-1.0650548,-4.295501,5
-0.06733102,-2.930937,6
0.5418628,1.6491654,0
6.511771,6.304523,4
1.3769987,4.4892488,9
-1.1411524,2.0227134,1
-0.3706943,1.8552332,0
-3.1611373,6.1776814,7
6.5117702,5.6945662,4
1.4050106,-2.045656,5
2.8746486,1.1392992,0
-5.2321253,0.7509936,2
2.7312012,1.2803873,0
5.7757926,5.1490207,4
-1.8233762,2.87933,1
6.450213,3.9217799,4
-0.6575027,2.5654564,1
0.554025,-4.001218,6
-1.282503,0.043519877,2
3.0343652,1.0841045,0
-3.3892534,2.999481,1
-0.4331118,1.8397727,1
5.897745,5.222361,4
3.0074584,1.7352152,0
3.5752697,-0.33246395,0
-1.3285407,3.475674,1
-0.7812771,-2.0011935,5
-2.3766255,4.0162244,1
-2.7696211,4.2256846,1
0.45951194,-0.6697203,5
-4.1245375,1.0390848,2
3.929717,1.2218564,0
-1.3929052,-2.9837008,3
-2.7611756,0.65111536,2
2.5185883,-1.3338875,5
3.7513094,0.9479777,0
-2.0166075,0.3131066,8
-2.8064559,1.382144,2
-2.7374926,4.862272,1
0.5706762,1.6753023,0
-5.4533224,0.7724182,2
1.8449465,-1.7641442,6
-5.694197,-0.3756262,2
2.9235163,-0.8147469,5
-2.642632,-2.8109648,3
-4.1888103,0.21700668,2
3.868681,3.2481546,4
1.0874584,-2.1963184,6
0.5701204,-2.2945342,6
4.425259,3.657546,4
-2.7687702,2.9530826,1
4.3597236,4.896888,4
-1.7204636,1.0022415,3
3.0114114,-0.5845279,5
-1.7804468,-0.12551773,3
-0.14757396,-1.7783077,5
1.0276548,1.8227824,0
3.4660714,0.85074157,0
-0.753922,0.024910334,3
-1.9842103,6.123948,7
-2.8893313,-1.1033746,3
0.53461057,-0.41495863,6
-5.7116885,1.4159585,2
-1.4132193,-3.8444555,5
4.247784,0.9051742,0
0.6325971,-3.8800733,6
-2.6071348,4.1605363,1
3.4548798,2.6900241,0
-1.9774835,1.8512834,1
-0.21653661,-2.6150157,6
-1.6261393,-0.22114635,3
4.7046638,3.559439,4
1.5117358,4.8296013,9
5.928263,5.5100436,4
0.36185905,0.5980063,0
-0.69994104,-2.8574324,5
-1.526036,0.19009727,3
-3.467224,4.1723356,1
-3.902845,-0.50392604,2
-3.036915,5.727012,7
-1.5954283,1.459,1
4.1047096,0.38622168,5
-5.4814754,-0.27864406,2
-0.51067126,3.8743021,1
4.7663255,3.932034,4
-6.3192377,1.1193159,2
-0.21582566,2.6129246,1
-2.8011072,0.1998449,8
-3.6623847,0.37753963,2
0.38368133,0.84464854,0
-2.1869655,-3.5362074,5
3.9500232,2.5264919,4
1.2747155,0.48677918,0
0.510654,0.2450066,0
-1.5453321,-1.2339392,3
-3.4313023,-1.9736463,3
-3.9104226,-0.9499619,3
-2.0141804,6.535331,7
-2.0426707,-1.0619195,3
2.1147156,1.5124283,0
-2.3868272,6.2808385,7
-0.25042704,-1.5121996,6
-6.4382653,1.2605002,2
-3.9263434,-1.642141,3
2.1793354,-0.4644711,0
-3.7246857,0.7697617,2
2.327602,0.59400344,0
2.5481043,0.28647575,0
-1.4248946,0.9243542,8
-2.2966285,-3.75269,5
-2.740059,1.0032898,2
-1.912701,5.926396,7
6.229337,3.7922068,4
-1.5284834,-2.3766549,5
-3.7942948,1.3257446,2
-3.1512122,-1.5241959,3
-2.7344906,3.7078586,1
-0.3661231,-1.5090374,6
6.4280787,4.0377803,4
-0.6650203,3.6656945,1
0.8158976,2.835051,0
-2.1828775,6.9973965,7
1.1782897,2.4516072,0
-0.41805387,-1.5309708,6
-3.026937,-0.17021108,8
-1.1356648,-0.7264479,6
1.7761856,0.044963725,0
0.87986356,5.487138,9
-4.2218137,-1.3246311,3
2.0916977,0.7151724,0
1.8358094,5.6590037,9
-4.7977433,1.0510882,2
5.130007,2.855717,4
3.9193435,4.557864,4
1.5864383,-0.9972819,5
-4.7214713,-1.3613106,3
-3.3074524,6.164751,7
0.9236381,1.6436851,0
3.4346354,-0.26376888,5
-3.4115407,-0.73912376,2
4.2176085,3.3477407,4
-2.5395901,6.200196,7
3.788432,1.4601762,0
1.5644493,0.1709066,0
-1.336162,-4.800832,5
-2.4374738,-0.37933925,3
-4.7148957,0.13534975,2
-2.627851,2.617927,1
0.2606452,-1.164331,5
-3.1878257,1.5791564,2
3.5509756,4.1549163,4
5.607374,4.6117992,4
-5.298804,0.7421855,2
-2.2784178,-0.90181667,3
0.87077105,-2.7025263,6
-4.0957084,-2.5286741,3
-1.1497337,0.4473977,3
-2.4884887,4.2722383,1
5.2427444,3.7348914,4
-2.9521518,-2.2206936,3
2.2568405,1.4241741,0
3.4256275,1.4509579,0
-1.8419987,-3.2581937,5
-4.82099,1.1120551,2
-1.9051188,3.5430171,1
3.122454,4.9253945,9
-1.9180847,6.130058,7
-2.0860672,3.5799212,1
-5.8807936,1.0129048,2
0.19726045,2.7920876,1
-0.1631066,-3.1966534,6
-2.4560723,3.0691967,1
-3.043371,-1.2324476,3
-1.5034783,-3.572818,5
-3.2970147,-2.0160697,3
2.0588481,1.1458359,0
-1.3433827,2.5505612,1
-1.86403,4.841453,1
-2.6482863,5.9879003,7
-3.3560896,-1.5174081,3
-1.623302,4.10661,1
-1.1896523,-2.530562,5
-3.6859524,-1.971297,3
-0.765264,3.4770548,9
-1.8080536,0.508908,8
1.98149,-0.7911412,5
5.508686,5.242992,4
-3.6579204,-1.7039375,3
-1.833254,1.5427281,8
1.1964993,-3.012554,6
1.8512284,1.6225449,0
3.3807037,-0.53479445,5
-5.083088,-0.19338332,2
4.4888124,2.2290149,4
0.06791507,4.0481877,9
4.6215763,3.027587,4
-1.4039562,0.792043,2
4.469834,4.012424,4
2.7281077,0.7650158,0
1.0113184,-1.3228425,5
-0.86976373,-1.8337945,6
5.79336,5.327101,4
3.2211099,1.5171157,0
1.6296196,0.4686458,0
-1.5030506,4.507773,1
-2.612113,2.5803313,1
-2.807136,1.898513,1
-1.5361942,5.5775027,1
0.80335957,-3.2162251,6
-1.7632601,0.012782057,8
1.9644369,-0.9800629,5
-1.1721828,3.0272262,1
-1.3977431,3.6983306,1
-3.1207106,1.2744656,2
-3.646074,0.4641875,2
-1.8193028,0.62366724,8
3.191865,-0.027338488,0
1.390373,1.353886,0
-0.32507005,2.3060207,1
-2.6209776,6.6902122,7
-2.2085397,4.979412,1
2.600406,1.3463081,0
-2.8557913,0.535229,2
1.45419,5.148012,9
-2.1156447,0.48601887,8
3.2554243,1.6989793,0
-5.5470166,0.98037696,2
-3.2963543,0.60689723,2
0.6880488,-2.589579,6
-1.1540178,-1.8949463,3
-5.083404,0.7905007,2
5.5506396,5.366388,4
-4.3732967,-2.0029354,3
1.4744719,0.63481873,0
-2.9495919,2.9305332,1
0.9610598,0.15425816,0
-3.260979,-1.0080824,3
0.8420577,-1.9666551,6
-3.002522,6.2348094,7
-1.2447304,4.7810225,1
1.0127902,2.541205,0
-0.80900824,3.3283489,9
1.3297693,-2.6190746,6
4.3373613,2.8456464,4
-1.8550556,4.7509212,1
-2.335236,-0.3178756,8
-2.4680793,0.93386024,8
1.2335509,0.3756833,0
6.7746525,5.7497487,4
0.5056878,-0.8920515,5
-1.3620017,5.0710654,1
5.6646037,3.783854,4
2.0176768,-0.74982774,6
-2.056528,-1.4687741,3
1.5712136,3.7199986,6
-1.5142773,2.1555808,1
6.874828,4.473664,4
0.6339324,6.4831934,9
-3.4695816,-0.3183643,2
-1.1804785,2.6518676,1
1.4150691,5.7594166,9
-2.570973,5.331897,7
1.3636951,-1.6376967,6
5.4955516,5.208969,4
-0.28348684,-2.173434,6
-1.9766487,4.5391097,1
-1.8633189,0.077550694,8
0.55067074,-1.2552367,5
7.031379,4.7054358,4
-1.2893901,4.8036065,1
-2.2424033,3.0112698,1
-4.3759694,0.6351182,2
-2.8131974,5.0989847,7
-3.0902264,6.254338,7
-2.4597187,-2.4137836,3
1.8658655,-1.2168539,5
-1.8518051,2.6186986,1
3.056617,-0.6646908,5
-0.25937125,0.32365376,3
-3.5456045,0.639928,2
3.6387534,1.7989289,0
-5.900226,0.337473,2
3.5679858,2.0735285,0
1.4280828,1.3870481,0
-2.40104,6.095506,7
-1.3045585,2.6988108,1
6.323832,4.281179,4
-3.3865676,-0.5995847,3
-3.0920117,5.6546745,7
-5.4545655,0.45346022,2
-2.0051136,-0.25516123,8
2.6311834,1.9697518,0
-1.0838742,0.26936948,5
6.6247754,6.050819,4
3.7523882,3.114914,4
-1.3000164,4.8428693,1
3.5397298,1.6194209,0
-1.8992453,-1.6713995,3
-1.7114921,2.7776916,1
6.78992,5.9590263,4
0.4886166,-3.1207924,6
-5.8825917,0.42415515,2
-1.8818799,0.30986485,3
-4.8492675,0.4130906,2
1.7346737,0.6302226,0
-1.5919625,-1.7958405,5
2.6822002,1.6104807,0
-1.0902383,4.4583354,1
-2.3229263,4.1247544,1
4.05094,0.47378954,0
-2.5009828,5.701561,7
2.7567425,2.1681278,0
1.4285759,0.67830795,0
-3.7005744,6.037959,7
4.5127726,4.3842597,4
-2.3844898,-2.8323925,5
-1.9858247,4.3035884,1
4.92299,3.5759892,4
4.563773,4.365992,4
-0.14821811,2.1927545,0
-3.4587955,1.3314961,2
3.0399203,0.45938075,0
-1.8427815,1.4706345,8
-0.92118543,-2.7373056,6
-5.1919136,0.6471223,2
-0.78651464,-2.8265944,5
2.6037216,0.3802054,0
-2.3316634,0.87884456,8
1.8252118,1.2219718,0
-2.3862522,-1.0408874,3
0.19901127,0.7905463,0
-1.6549833,-1.0110888,3
6.321868,5.291007,4
-1.6346536,-4.2192063,5
-2.7594519,2.1506264,1
-0.9830606,-2.0284567,5
-2.5802238,4.4454846,1
-0.8724343,0.8204284,3
-5.515324,0.59278035,2
2.8636005,3.1763484,4
-3.4190607,4.38419,1
-0.87594104,-3.2461169,5
-1.2491237,2.3889015,1
-2.9153593,1.610622,2
-0.03706153,1.3876967,0
-2.1469228,2.7821746,8
-1.0100739,-2.1255896,5
-0.10103851,2.6561148,1
0.06679743,5.709946,9
-1.6375281,1.8505318,1
3.7354512,3.3441517,4
1.2199405,1.6294663,0
-2.2299259,4.6397314,1
-1.9265121,3.8147879,1
6.4631543,3.7175598,4
0.3616647,1.1516478,0
-1.1197317,2.7634819,1
-0.96021813,-2.3875363,5
0.7362459,-1.4425067,5
0.43236482,-3.105764,6
2.7986035,0.8915822,0
0.9087947,-0.6831601,5
-2.2185895,2.5856054,1
-1.7452981,1.3557824,2
2.7056046,1.336646,0
-3.7067904,-0.2201031,2
6.043368,3.4917605,4
6.3961544,4.5346837,4
-2.051491,4.197711,1
5.136611,3.1398005,4
1.7661333,-1.8012308,5
5.8806143,3.8725884,4
-2.6286945,5.6513486,7
6.4314456,4.4259753,4
1.6364181,-1.7019442,6
1.156255,-2.965243,6
6.6730065,4.847575,4
-1.8326322,1.0203017,8
-4.308558,-0.8576142,3
-0.6695601,-0.6912228,6
-1.0817097,3.228834,1
-1.8299075,-1.4639784,3
2.6166139,3.1008563,0
-2.8560278,-2.990509,3
6.398786,5.237692,4
-3.1662595,-2.2531917,3
0.5619267,-3.7174587,6
1.3510482,4.1776934,9
-5.1215425,-0.61866796,2
1.3821203,1.3147635,0
0.50476605,2.522704,0
-2.888031,-2.0650475,3
-2.437033,1.3518717,2
-1.9457854,1.9512053,1
-3.6957023,-1.5178174,3
2.6303873,-0.5002715,5
-2.1387682,-3.457226,5
0.6179801,1.1589737,0
-1.0270119,0.15412273,3
-1.153413,0.8289434,8
1.4161276,0.6181166,0
-2.0480204,1.5019094,2
3.3804145,1.9085863,0
-1.0725567,-1.4676595,3
-1.4179342,-1.3431568,5
-2.630474,-2.7254734,3
3.6646023,1.0580869,0
-0.29701176,-2.13069,6
-2.7250342,3.0024748,1
-2.3758028,6.909749,7
0.8343563,-0.89808315,5
0.5910512,3.2336419,1
2.109579,2.480287,0
0.7784063,5.703984,9
2.6471286,0.7138634,0
0.8549719,-0.9744619,5
-4.1401386,-0.9206158,3
-3.4771934,1.1045132,2
0.3946963,2.2045834,0
-2.0495033,1.0997707,1
-4.143662,0.5305728,2
0.35023832,5.6350985,9
3.1849117,2.0398,0
5.5615253,2.9609613,4
6.423359,3.5900261,4
2.8348043,2.283698,0
-2.0991797,0.96831954,8
0.50567394,-0.85258013,6
-3.4253438,5.6449056,7
-1.5826283,4.3794665,1
0.83346075,-1.7901142,5
6.0674853,3.6877034,4
0.11672486,3.0137563,1
1.4079523,-1.9839374,5
0.44780537,1.8887533,0
-1.1450031,-3.7227304,5
-4.6500306,0.651931,2
-4.34079,-0.01927487,2
1.4009639,1.0882359,0
-3.1618087,3.8567796,1
-4.0847554,0.6678667,2
2.9064424,1.9186136,0
-4.0768213,1.8243966,2
5.5421352,4.612153,4
-2.0746987,3.7631934,1
1.0896051,1.2326267,0
-1.1396794,-3.2189765,5
-1.2680238,2.5527198,1
1.3532368,-0.6340599,5
-2.6019151,2.2668042,1
-0.7703687,2.5533762,9
-0.98752415,0.81296796,3
4.817184,3.8611174,4
0.6554148,6.175336,9
-3.9951582,0.44591746,2
0.77749854,-0.5627204,5
-3.3612828,4.8016562,1
0.6665872,-3.7316015,6
0.88785034,0.90935045,0
-3.487747,5.1900706,7
-1.2249835,-3.219106,5
-0.17655103,4.815923,9
-0.9567584,2.105394,1
-3.4066293,-2.9004436,3
3.1101716,1.1536957,0
5.389164,3.6066887,4
2.0542457,2.3858864,0
2.7841473,2.344716,0
-1.2756865,-4.4524198,5
-2.718337,-3.1151218,3
-0.49617493,0.56405866,3
1.8705462,-0.8344525,5
-0.51251453,-0.17134093,6
-0.4184731,-1.394924,6
-1.2975719,1.5641477,1
-2.1155832,2.2540843,1
4.6300044,3.6335561,4
-1.7529144,2.3096342,1
0.57535356,-2.0480883,6
-1.7979118,-0.4230123,3
5.427605,5.1920686,4
1.9736003,-0.73255086,5
-2.4185421,-3.5674148,5
-4.100265,-2.1951733,3
-0.99505186,-3.9338636,5
-1.2601886,-0.2923977,3
-2.5651793,2.9107802,1
1.0924388,1.9482863,0
-1.5990659,-2.3955755,3
6.9637427,5.4964495,4
0.5419526,-2.9900818,6
-2.5072773,1.6801345,8
-3.4119768,6.153687,7
4.2364063,3.482502,4
0.15967351,1.7232267,0
6.4098377,3.8382304,4
5.323088,3.695158,4
-2.0283523,2.177328,1
3.315231,1.7375029,0
-2.0835044,1.4931974,8
0.8608036,6.381681,9
-2.690718,2.43761,1
3.9578967,1.4480281,0
-1.9995986,1.3925359,8
1.7501184,-2.4431074,6
-1.4763446,-1.1395222,3
-1.7904663,-0.54397094,2
0.6221369,6.416159,9
-6.525969,0.9813501,2
6.6386156,5.3999357,4
-4.3650064,-0.2813205,2
5.147114,4.3095183,4
3.569436,4.447033,9
3.7447536,1.7051104,0
-1.033495,-0.80875695,6
-1.4435426,-0.5382208,3
1.1337179,-0.9906785,6
1.3360037,0.8540565,0
0.21827623,5.9359665,9
-1.4506347,0.957428,2
-6.2664385,1.1574552,2
-4.0948353,0.38057783,2
-2.6621842,-3.0102339,3
-0.54688,-0.76237905,3
-1.0604135,2.455183,1
6.0276694,4.0823236,4
0.52755296,-3.7063966,6
-1.619865,5.8022404,7
-0.433506,-2.3505328,5
-0.07400327,-0.79028136,5
-2.2710936,3.5176537,1
-2.6404963,4.774514,1
-2.9826355,6.153937,7
0.54110754,6.5353384,9
5.1885605,4.5401473,4
-2.9534845,3.0188112,1
-5.84783,0.39812747,2
-3.2136734,-1.0284277,3
0.05000413,2.0718186,0
3.4042423,2.3664637,0
2.2182667,0.7186243,0
2.0252845,-2.6079094,6
-2.2863836,1.2266848,2
0.902938,0.74600893,0
-1.7587553,-3.4005089,5
4.9637985,4.5335073,4
-2.8816988,-0.42914802,8
-0.6584155,2.524605,1
-2.9298475,5.3814826,7
-1.9516649,4.63361,1
-3.1819863,2.978972,1
1.2757869,-2.5653996,6
-3.6213014,-1.476271,5
6.6712737,5.38934,4
0.9568888,5.4839115,9
-1.5637912,4.142728,1
-1.799933,2.6794653,1
-2.9411154,-0.17014922,8
0.5094592,3.351558,1
-3.684883,0.46707052,2
-0.9240612,3.1940653,1
-2.0904639,0.22405934,8
-1.0147899,0.18339457,3
2.8962116,0.23258491,0
-0.7755346,-0.6096736,3
-1.564221,-3.7738934,5
-0.035327762,-1.8991027,6
2.424508,-1.2342755,5
6.493471,4.9507666,4
-5.1964154,-0.26394725,2
2.5733683,1.4634445,0
-2.462354,5.874933,7
-1.8409735,3.3534572,1
3.1779091,1.5228156,0
5.764356,4.4467955,4
-0.27511418,-2.6505735,5
3.721589,1.9424447,0
1.9936742,3.3689992,4
-2.0344787,-3.0760095,3
-1.2218782,-2.8418462,5
-3.522525,2.1394968,2
2.2026358,2.011793,0
-0.9840435,1.7155094,1
-0.15153424,1.8388077,0
7.028192,5.018823,4
1.3870807,5.6497765,9
-3.4989276,2.7400358,1
-1.6899173,-0.9359494,3
-0.9532797,4.783151,1
3.3559623,0.82067716,0
-1.4418093,4.5824175,1
-2.3828986,4.4289837,1
5.898712,5.381777,4
-4.695228,1.1811508,2
-4.246173,1.1814144,2
-3.8242333,-1.5038708,3
-2.2548907,3.8279555,1
-0.79147786,3.4542615,9
3.874712,1.7621208,0
2.0447729,-1.7327131,6
1.0173745,-1.6950355,5
6.1786065,3.8390267,4
1.2345091,2.1988206,0
-2.7218933,-2.1799557,3
-4.0149355,2.5717373,2
-2.153723,1.1200652,8
-2.2886994,1.1110047,8
4.2165318,4.400733,4
1.9839797,4.905938,9
0.77857536,0.1802238,0
0.064234585,0.55687135,0
-2.000038,1.2008055,8
-0.32855043,-0.3707243,6
-2.6350617,5.7386165,7
0.79272854,1.3720336,0
-2.1698256,6.4014497,7
-2.8288403,0.6493324,8
0.4086632,0.11465936,0
-3.0530076,1.0122524,8
0.28685978,-1.5471103,5
6.5055394,3.9374957,4
-2.130731,-3.1744382,5
-4.6693244,0.12139905,2
6.131951,3.8472295,4
2.5873141,0.9236969,0
-1.7575079,1.0660448,3
0.96655524,-1.358336,5
-2.0177834,-1.0697193,3
-0.21368296,1.7335582,0
1.2363441,-1.0968001,5
-2.189154,-0.18149053,2
-4.56951,-2.029095,3
1.0272105,6.2324786,9
-4.8618736,1.645736,2
-1.5445694,-0.513518,8
-4.003422,-2.2633471,3
-0.60836804,-1.787152,5
-2.2924278,4.040917,1
-3.0561836,3.3734386,1
-0.9483334,-0.3611312,8
-2.3214412,1.5466977,1
-5.3857183,1.1160848,2
-4.6389756,-0.02854223,2
0.59676695,2.528422,0
-4.339552,-1.1713319,3
-2.3224685,-2.5398514,3
-2.6169055,4.904768,1
-4.6294403,-1.3131365,2
1.0948261,-1.4639087,5
-2.2050364,-3.439494,5
-0.86821187,-0.15218917,6
-1.2912313,0.5606499,3
-0.42919347,-1.1493108,6
-3.2888415,-2.9661381,3
0.67589986,2.5458732,0
-3.675684,-2.0424821,3
-2.4439757,1.8783681,8
6.3755703,6.389949,4
0.38002104,6.0960927,9
-5.981654,1.2081665,2
1.8998299,5.4960003,9
-4.196467,-2.49966,3
-2.5622687,5.5236216,7
-3.263499,-0.09923956,3
-2.100204,5.9091873,7
-5.5488,0.40542892,2
-2.1516135,1.3214037,8
0.73558027,6.4213004,9
-2.2591386,4.0141363,1
-1.7456484,6.358686,7
0.33486655,-4.00929,6
2.9880626,0.42019755,0
5.224406,2.8910828,4
-0.76979035,0.4085305,2
-6.555362,1.4376998,2
1.3947941,-2.915726,6
0.87779933,-4.043734,6
-3.8033803,1.081924,2
0.4815378,-3.6601954,6
-2.7061553,-0.41519502,8
-2.6946592,6.360348,7
-2.5821407,5.6837425,7
1.6081352,1.5641944,0
-2.1944375,6.7808766,7
5.9517746,5.1415515,4
0.5870983,0.17367466,0
0.72245723,2.8134775,0
-2.4984324,4.4367433,1
-4.9198976,1.2865891,2
2.3995206,1.5222961,0
0.36290884,-2.7709048,6
-0.04104007,0.7161743,3
-4.183554,-0.31726554,2
-2.2066212,6.343207,7
-1.5693077,1.7703696,1
2.1562593,-0.86226445,6
-1.8793458,5.5196705,7
-3.4037848,-0.90436137,3
-1.321423,1.1694034,2
0.7380438,-0.56418985,5
-2.4417064,6.125508,7
2.7220743,-0.45700628,5
0.5297936,-3.491594,6
-1.5793686,0.67742014,3
-4.0942564,-1.3456672,3
3.542239,2.788577,0
-2.3778408,0.79161966,8
-5.181611,0.6000313,2
0.24885312,-3.361785,6
0.38853246,6.04906,9
-2.4398675,3.0509853,1
-1.9780942,-2.3769004,5
-1.9563105,4.221405,1
0.54842,-4.020662,6
-2.7044828,0.027714204,8
-4.8936124,-0.38718078,2
2.195215,1.5561175,0
3.365084,0.8473345,0
3.0336707,1.5497754,0
-2.6685333,0.19510223,8
-0.7872855,0.75640553,3
-1.4899029,-3.5735567,5
-2.8719392,0.87828434,2
-3.753981,1.3508193,2
0.16802706,1.7162435,0
3.7878208,1.2511647,0
0.6875351,-2.4311273,6
-2.3762722,2.3877249,1
-3.4811554,0.9850552,2
-1.4474328,5.1364756,1
-3.8938434,-1.3510637,3
-2.34933,0.6905354,2
0.85123545,-3.6402092,6
-1.3501039,0.11260197,2
3.184405,0.8755222,0
5.7047567,3.8004177,4
-0.9071945,1.7121863,1
2.467202,1.4877375,0
-0.33971903,0.25790614,6
-1.3111373,2.3301408,8
1.3165073,-0.7222232,5
2.2463844,2.050643,0
-1.457198,0.180519,2
-2.824495,3.4850097,1
-1.2824142,5.786773,1
0.45738503,-2.656893,6
6.4561176,4.3441224,4
0.77470237,-2.120391,6
-3.6508222,2.627299,1
3.4308398,2.8998868,4
1.374307,1.7732488,0
-2.9220564,2.5708382,1
-1.4031143,-4.627017,5
-3.4418526,1.8252282,2
-1.1105098,-0.16216044,2
2.2314715,2.1837435,0
2.5024023,0.8914512,0
1.5585413,-1.0413337,6
2.5915606,2.5453851,0
6.5631084,6.1890297,4
-3.6761584,6.105359,7
1.5090232,-3.0743203,6
0.5428832,3.1654873,1
1.0281653,-3.1440694,6
-2.9719296,0.8814374,2
2.6920571,2.1525817,0
-1.8450274,4.827048,1
2.8083017,2.0593586,0
-0.62242687,0.22614639,3
-1.9294068,4.2737904,1
-3.9744992,-0.3571506,2
-1.8292339,0.45540327,3
-2.702765,4.582329,1
3.524858,1.9506495,0
-1.2023349,-0.91435397,3
0.024795378,2.8757036,1
-1.8260186,-1.0171553,5
-3.7404816,-1.7640059,3
1.2896447,1.5396028,0
2.027456,1.1354233,0
-2.513386,-0.023416331,3
6.552126,3.776132,4
0.8227974,6.386115,9
0.9910285,-2.0929549,6
1.462493,4.3158503,9
-3.167988,-0.284018,3
-5.7896233,1.5866114,2
2.1233084,-1.7557746,5
-2.5753136,6.5113335,7
3.2024243,2.6667712,0
4.0341973,2.5679095,4
-3.5321553,-2.675731,3
1.9149822,1.0926735,0
-4.222036,0.6528553,2
0.59164435,5.147194,9
-2.8021767,0.26767132,8
5.308993,5.3095145,4
3.0761316,3.9418602,4
0.37971902,2.4834864,0
1.179827,-3.0495374,6
3.0325174,-0.5760774,5
-3.216078,2.521682,1
-2.6330278,5.0043874,1
-3.4491153,1.7462872,2
1.4264363,0.77005523,0
-2.7537563,5.4086666,7
0.4476056,0.6363357,0
3.6039863,-0.048723266,5
-3.8098626,1.3514706,2
1.1534506,-3.4763079,6
-2.138992,1.8835733,8
6.673203,6.110551,4
2.2775812,1.4144596,0
-3.0264528,-0.74833816,8
3.427333,0.5032931,0
6.2976446,5.4027147,4
0.3099036,5.702997,9
5.4307714,4.8441896,4
-1.733341,4.8974786,1
1.6164532,-2.3416061,6
6.6931925,4.7905297,4
3.718183,3.786451,4
-2.8551977,2.557747,1
-3.8929203,-2.1666553,3
-1.7138004,0.74254537,8
-3.2109096,6.13929,7
-2.269047,0.39351848,8
0.39158046,-1.9963572,5
-1.2504374,1.5378774,1
-3.1880982,4.2925043,1
-2.3350751,-3.0592916,5
-3.5253406,6.032294,7
3.3714597,2.2173595,0
3.040742,0.94625306,0
1.8546903,2.0029397,0
-2.2031705,5.169284,1
-2.55786,4.29767,1
-0.5770832,-0.013607772,6
-3.3624818,6.239961,7
-0.7972637,2.16866,1
1.618119,-1.5300586,5
-0.4617493,-1.1636534,6
-3.4298835,-0.27884465,2
-0.039778545,-2.0279236,6
-2.2834518,-2.109662,3
0.77935857,-0.71488005,6
3.0319428,1.3724649,0
0.37846985,-3.2364147,6
2.5533745,4.103628,9
-3.6891778,-0.97127414,3
-1.7449925,4.714272,1
-5.029348,0.42383668,2
-0.7192955,3.598445,9
-2.8921502,-2.7407634,3
4.9208264,3.6508477,4
-2.3916023,5.511528,1
0.89689225,1.256504,0
-2.2399917,1.5860968,8
-4.2505555,0.38589,2
-1.847776,0.6190746,5
-5.8191376,0.5092609,2
1.0386169,-2.5345602,6
2.5000768,1.0940877,0
-2.9198136,2.6891818,1
5.3935223,4.372489,4
3.5296953,3.330252,4
-2.0048373,5.7454724,7
7.137207,6.311558,4
-1.8322575,-0.24824686,8
-0.5083955,2.461154,1
-3.3132565,1.2643439,2
-2.4418762,2.029054,1
2.327754,3.776318,4
6.169202,5.4623384,4
1.9496353,1.502123,0
3.4876175,-0.20775297,0
4.4824677,0.9444755,5
-0.35919002,-0.20035432,5
-2.5097394,-3.1646597,3
-1.1908602,0.39116192,6
5.497499,5.1929917,4
-1.3202634,-3.2030027,5
-3.2165542,-2.8704495,3
-2.6212218,3.8041756,1
-3.3655143,3.020688,1
-5.575312,0.59856063,2
-1.2591084,5.3195243,1
-3.3185642,3.8078845,1
-2.7306952,-1.3791665,2
-4.4660435,0.8006722,2
-1.2173467,1.3245989,8
5.247402,3.9083679,4
5.442792,3.687329,4
-2.198713,3.8530622,1
0.92975265,-1.603067,5
0.66421944,-1.0059937,5
2.5271928,1.3861719,0
-1.600886,-0.99452126,3
-3.031647,-2.894305,3
6.206657,5.2437773,4
-2.7235925,0.27744332,3
0.86839634,3.0237381,1
1.5464919,5.014631,9
2.0103467,-0.5503064,5
-5.1361384,0.7558601,2
-1.52129,2.0559497,1
-3.764922,1.0059386,2
1.1445118,2.2987254,0
1.2299448,0.705094,0
-1.5877492,-3.0953557,6
-0.34368402,0.79225534,0
-2.8076289,0.0005401472,8
3.3367107,4.135005,4
5.826123,5.7864604,4
1.9594823,-0.2289155,0
-4.525296,1.255442,2
4.735052,2.1492596,4
-0.7187647,1.5963594,2
0.277064,-0.2451667,5
-4.3904886,1.2743264,2
0.346595,1.5357571,0
-3.1357648,-1.9415176,3
2.814466,2.4428577,0
2.3655071,1.8670185,0
-0.6408275,3.136461,1
-0.41440925,-0.52099156,5
-0.9178942,1.7633377,8
4.868227,3.3567011,4
-6.2338834,1.1814599,2
1.1328696,2.1101153,0
-2.9316604,-2.0144596,3
-1.3662428,-2.6930656,5
-1.0936611,-1.5427145,5
-4.426778,2.1998029,2
3.8102565,1.0348111,0
1.2471992,0.37812674,0
-2.30714,-1.2679703,3
1.6337109,-1.0071691,6
-3.8531237,-1.7726341,3
3.9519756,4.4975348,4
3.5348802,-0.4894259,5
2.076424,1.8291882,0
0.38240364,-1.0802485,6
0.8014096,6.5712347,9
6.69884,5.0337524,4
-1.1920471,-2.450918,5
-2.082946,-2.1379404,3
-1.1331007,2.1161015,1
6.336989,4.649525,4
0.5390967,1.4125875,0
5.8546724,3.4944506,4
-2.3472517,1.1107538,2
-0.6145264,-1.9452667,6
-3.062397,4.0911202,1
1.733344,-1.73842,6
-1.804567,4.280678,1
-3.5213635,0.61323386,2
0.074107535,-3.1390178,6
-3.283655,1.9556216,2
-4.7127147,-0.7487699,2
-1.7837446,-1.9416726,3
0.18779553,4.6100154,9
-3.8203874,1.0737643,2
-2.2490785,0.70134866,8
-3.8852942,1.6403961,2
-3.8834856,1.2459233,2
2.3851264,0.7391814,0
-2.643223,6.382052,7
0.5673949,1.98644,0
1.8167342,2.2115877,0
-2.467014,5.1707726,7
2.07499,0.36771214,0
2.751332,-0.44716167,5
4.5368667,1.545127,0
-2.2854335,-0.23301469,1
0.024414029,-1.583126,5
-1.5806763,5.6617494,7
0.8546228,5.2640805,9
-0.022695223,-1.6958172,6
-6.460164,1.2217127,2
5.717408,4.758881,4
6.568228,3.9081438,4
-2.2179244,5.019033,7
1.0423673,-3.4141524,6
-3.3387718,-0.75904846,3
-2.645373,6.6581464,7
-3.8124368,1.4148035,2
-1.0141081,3.488919,1
0.4510239,5.148674,9
-1.9017873,1.1368104,3
-0.084931366,0.19296932,3
-3.4904327,-0.8429328,3
-0.81183606,4.087627,1
2.7094166,1.7974561,0
0.0039831065,3.6876183,1
1.1130354,1.0536859,0
0.64250046,-2.189406,6
6.989701,5.7514353,4
5.9314823,3.6965997,4
2.9890077,1.1000124,0
-1.366298,3.9242847,1
-5.4829445,0.9608647,2
-1.137011,-2.9173973,3
5.8361387,3.450644,4
1.9241862,-0.6172538,5
0.45218235,1.4766523,0
-2.651204,1.0338976,2
-2.326171,-1.8882029,5
-2.1530497,3.290991,1
-1.4438442,-1.7380844,6
-0.6896454,-2.471967,5
-1.6030885,-1.443906,3
2.46033,0.7148185,0
-3.0081778,-2.3533916,3
-1.2679219,-2.773107,3
2.170975,4.9492297,9
-1.9520339,4.241973,1
-4.537702,-1.5675915,3
4.0987735,4.094825,4
2.4768362,1.1344312,0
-1.0036912,3.3747196,9
-3.6144931,2.836145,1
-4.1171813,1.6108419,2
3.7555346,1.6572675,0
-3.8601406,0.009912845,2
3.2451293,1.4508462,0
2.5509694,1.0007591,0
-1.261652,1.5357115,1
-0.0076325713,-2.3231518,6
5.267901,3.4419012,4
2.5155764,-0.31825805,5
-1.501344,1.7646593,1
1.6367413,0.96396685,0
0.7549884,2.8925753,1
-0.8992772,-2.5342557,6
-3.1374755,2.5344245,1
-0.48266032,0.47044387,3
6.4082932,3.799702,4
0.7556312,-3.8376644,6
0.32030046,1.8041515,0
1.4829993,1.0001891,0
-4.3801436,-0.7020903,2
-0.9729582,-0.98633355,3
3.830215,4.272478,4
1.628398,1.5048792,0
-3.147567,1.2698019,2
3.8664382,0.19601108,0
0.55257666,-2.9744813,6
-0.43135172,3.3661017,1
5.3537164,4.813527,4
-4.2896357,0.43083256,2
0.6266047,2.613328,0
-3.6198397,1.4196858,2
2.008107,-2.0834048,6
-1.1007301,3.1328576,1
4.1327796,1.5088542,0
-2.375917,0.6817597,8
3.0451088,0.8798305,0
2.3223212,0.88502735,0
-0.6080461,2.5996685,1
-4.595109,-0.19679059,2
-2.9642615,1.006507,2
3.2807877,3.3648736,4
-2.5466988,5.1874948,7
-4.838976,0.51289934,2
4.108603,0.6825572,0
5.5867705,3.3319092,4
5.147745,3.6081483,4
-2.337457,6.8878245,7
-2.5483735,3.7069008,1
1.8169256,-1.8292204,5
0.3666454,0.6374576,0
-0.3559431,-0.9830918,6
-4.4332733,0.012736196,2
-0.7101594,-1.2484571,6
1.9843204,1.894929,0
-3.8961055,-1.5692972,5
1.1320391,1.6316698,0
0.10851101,-0.0634059,0
2.1479034,0.030960655,0
0.6123982,-2.5589862,6
-0.43566886,-3.138472,6
2.2200298,1.0667133,0
5.1981535,4.9387074,4
-2.6762278,5.531377,7
-1.5912656,2.8945923,1
1.2655629,-2.3167932,6
-0.54622865,4.00624,1
-2.3527396,-1.7669346,3
-1.2849486,-4.8293066,5
-1.0503097,1.6021228,2
1.3896581,0.49037686,0
4.5804014,3.0180147,4
2.069758,-0.27995315,0
3.4164133,1.1872355,0
3.0397797,-0.8541377,5
-3.907545,-2.1221428,3
4.017515,1.3245883,0
2.4049342,1.3049712,0
-4.584314,-0.71123695,2
4.678129,3.1512027,4
0.31828055,6.1060824,9
4.443313,2.2281444,4
-2.1587896,4.2125998,1
1.5672278,0.1056769,0
-3.0587907,2.8895302,1
6.3648396,3.8921747,4
-3.7291596,-3.2027712,3
-4.527651,0.36279526,2
-2.3800118,-1.9576156,5
-2.4436889,1.5498435,8
0.9143209,-1.6439472,5
-5.1714454,0.7380976,2
-2.3547664,6.6645584,7
-4.77816,0.29090527,2
-0.10017198,3.88813,9
2.8679566,-0.47856677,5
-3.119763,1.3585559,2
1.3116229,1.2337288,0
1.7059005,-0.1085146,0
1.1250376,-3.1508281,6
-1.0212362,-3.016471,6
6.773915,6.051182,4
5.0362253,3.9603088,4
1.4575045,-1.7514493,6
-2.3329568,6.341644,7
1.4887438,-2.6467733,6
-3.2567635,0.55793947,2
-2.733007,3.1491656,1
-3.4070895,5.90116,7
-1.5971702,-2.5581667,5
-1.5240841,1.2607018,3
3.0181742,-0.03739226,5
-2.5083477,6.9259033,7
-2.1235845,-1.189851,3
1.5811808,0.86917585,0
-0.81252724,1.4538162,0
-2.6167243,-0.4064346,8
-3.710815,1.9609034,2
-3.0131254,5.371297,7
-2.299896,-3.8785923,5
0.8394093,-3.48931,6
-2.6097047,-1.8536569,3
-2.688906,-1.286625,5
-1.4243876,2.455615,1
-4.305855,-0.4994109,2
-1.2065827,-0.76020586,6
-1.8981738,-0.74406815,8
-2.3033144,5.664406,7
-0.27335027,0.22304459,6
-2.3318913,-0.39242467,8
1.0304897,0.70782346,0
-0.60922676,4.304119,1
2.596895,1.8563393,0
0.66483736,-0.9811644,6
-4.0300126,-2.6790793,3
1.6367995,1.9647286,0
1.9434838,0.50933367,0
-5.0332427,0.95294845,2
-1.4468437,1.0580142,3
0.59207624,4.976217,9
-2.708279,3.5142212,1
-1.2762558,-4.943293,5
-3.0711377,0.48267916,8
6.617717,6.052025,4
-2.327352,-0.62504643,3
-0.8888015,-1.4177994,6
-3.8205035,0.7835684,2
-3.6030426,1.6060522,2
-0.046440493,3.432825,1
1.2688307,-1.2734419,6
1.1498013,-1.3357584,5
2.6296115,2.89315,0
5.611613,5.097859,4
-0.07705464,1.1754655,0
1.7733319,-2.0545654,5
3.2891998,1.5850071,0
-0.980402,-3.912393,5
4.104615,1.040299,0
3.4080138,0.692358,0
-2.2601228,-1.6829376,5
-1.8475003,2.826292,1
1.4524647,2.050867,0
5.8848286,3.9460437,4
3.8100863,2.5226007,4
-1.7480832,3.7055964,1
0.9803946,-0.93502074,5
0.919152,0.9424751,0
-1.9592289,-1.8713386,3
1.257388,2.764366,4
-1.7213604,-0.9358921,3
0.5817581,6.50272,9
3.327966,-0.46436256,5
-1.6721598,4.8909664,1
-4.467618,0.7118503,2
0.40485135,-0.92925394,5
-2.590096,5.3690524,7
-0.7871954,-0.04624593,3
1.2509093,1.3792212,0
-2.308677,6.3763084,7
1.9917557,-1.0092927,5
-3.1444407,6.117185,7
-4.0785804,1.075829,2
1.383275,-1.0799236,5
-0.64934766,0.4298312,2
-3.0546398,3.63824,1
-3.8278904,-1.3353826,3
1.1121083,1.4498953,0
0.9724342,-1.1218356,5
1.5513474,-1.410517,6
-2.478231,4.307698,1
-1.2109307,-3.3231595,5
1.566597,-2.212063,6
-1.5034932,4.271828,1
-2.7847662,-1.937845,3
6.501785,5.8362603,4
1.8799051,1.5156972,0
0.54068,1.7053798,0
-2.3750935,4.526113,1
-2.6291533,5.2773166,7
-3.9199276,0.6382177,2
-2.9713633,-1.3713124,3
-0.82032835,-0.28754398,8
1.3908119,-0.84969676,6
0.64998883,6.277933,9
1.4296204,-1.5329297,6
6.708648,6.2301717,4
3.6137133,0.8419152,0
-3.180188,-3.054736,3
3.9977517,4.2266145,4
3.1797152,1.5708758,0
7.208122,5.9625363,4
-2.3472009,4.358208,1
-2.9864829,3.5573058,1
-0.66073227,-1.6210226,6
3.152053,0.74068785,0
-0.91420823,1.2610302,1
-2.7924845,2.7281218,1
-5.44282,-0.08257614,2
-2.0021226,2.3728774,8
2.6154954,5.2264075,9
-3.3808336,-2.4126983,3
0.888311,1.9719582,0
-6.1079254,1.2158945,2
0.30037257,0.2286899,0
-2.301326,2.0048964,1
4.5488644,3.2367446,4
1.0032231,-1.2291603,5
-0.009295427,2.3614342,1
5.4654264,4.884687,4
0.9393522,1.5887332,0
6.2754297,3.6323793,4
-1.5715322,5.049262,1
4.7475796,4.643501,4
1.5205506,5.0822053,9
1.5467515,-1.883073,5
-4.0131564,-0.23958339,2
-3.1835134,6.437664,7
2.6295505,-0.5751377,5
1.5883539,0.80582803,0
0.9131289,2.380242,0
1.8638544,1.7733389,0
-2.5050573,-0.11608539,8
2.2660441,2.42141,0
0.8757973,-0.6524971,5
-2.4206476,2.9637322,1
-2.5739834,-1.3000045,3
-3.8524861,0.18240331,2
5.321414,4.423169,4
1.2053968,-0.95429265,5
2.8449078,1.4436665,0
1.9315408,1.831816,0
-2.7767088,1.229762,2
-1.3397142,-2.1849737,3
-3.1953576,6.522772,7
-1.4404942,-1.7111678,3
2.8580809,-0.40590596,5
-3.0463457,5.9841995,7
-1.5355203,4.813332,1
1.8785266,-1.4518244,5
1.9607801,1.4073662,0
-1.3612194,-4.7728376,5
0.24883892,6.1075187,9
-2.1145487,2.6985965,1
-4.6435037,0.81917524,2
-2.986985,5.8748927,7
-2.8021014,-1.5668122,3
-4.1883044,1.790613,2
1.32963,1.8683587,0
3.6000533,1.5099987,0
3.1822643,1.9157528,0
-2.7929623,6.122969,7
6.3460255,6.135519,4
4.864422,3.4820218,4
-1.2307352,1.4045328,3
0.49243832,-4.032947,6
-1.0016793,-1.1280873,6
0.74892724,-4.2772303,6
-4.497063,1.056645,2
-2.3493361,6.6426597,7
-2.3275282,2.9384773,1
-3.4422216,5.574734,7
-1.0251882,-1.3395436,3
-0.22993939,2.398186,1
0.6812662,6.3848977,9
2.0654585,0.83790094,0
4.5079923,1.4780208,0
-3.715616,-1.7742113,3
-2.632972,5.1880765,1
-0.4762959,-0.46782875,6
-1.1509564,5.550685,1
-2.0165555,2.634237,1
0.22168978,-2.976927,6
-3.1596382,-0.6119637,8
1.6566863,-0.93583727,5
5.954684,4.7513976,4
1.0022454,1.012211,0
6.4299803,5.0796547,4
0.90634215,0.8116715,0
6.361275,4.814871,4
-5.0418067,0.97861314,2
-4.580263,1.7855788,2
-0.36964694,-1.1234477,5
0.16201903,0.18325885,0
-0.5636043,0.14442144,3
1.8429885,-0.0055792,0
5.9436564,3.9125273,4
0.6198154,-1.1746626,5
2.9520078,2.739775,0
-2.789953,-0.15936272,8
-1.7490512,-0.11904086,8
-2.8872821,3.548191,1
1.2423557,-1.16718,5
-2.5828352,4.707857,1
2.7347019,2.909475,0
-0.8789345,0.41171554,8
-3.7859855,0.31552622,2
-4.771375,0.60494035,2
1.1278542,1.1313198,0
-1.5830102,-2.2242017,5
-6.2487197,1.3007281,2
0.98859555,-3.2037764,6
3.6079159,2.3445292,4
6.5661983,4.6096754,4
-2.3563151,2.9278924,1
-1.2028587,-1.6768751,3
-0.22325383,-2.0758622,6
0.9570936,-0.9307393,5
2.9530077,2.5000956,0
3.1292145,3.017702,4
4.2868853,3.0974662,4
-0.52631897,-0.9851431,6
-3.6106791,2.016936,2
-2.197713,-0.16154769,8
0.7075345,-1.5813273,5
0.26600844,3.2055957,1
-2.9499807,-1.9516156,3
1.056558,-0.5275627,6
-2.8627717,3.6046424,1
-3.8542168,-2.42382,3
2.1858752,0.68422776,0
-2.7654326,-1.5405773,3
-2.4899309,4.319722,1
0.17386912,-2.1581852,6
4.3192806,3.0854661,4
3.2605853,2.974516,4
-3.1063173,2.557362,1
-0.9709289,-0.42161912,6
-5.666947,0.13797475,2
3.154878,1.2437298,0
6.414454,5.675198,4
-5.8708234,0.98466253,2
1.8803494,2.0085368,0
-2.4298625,0.75435096,3
-0.7735461,-3.066871,5
3.1745725,1.2462269,0
-1.9592693,6.0253253,7
0.5958914,-2.4776857,6
-4.23476,1.7344261,2
-0.18309638,0.8702229,3
-4.1827497,1.2660825,2
3.2163775,4.4924297,9
-2.5059404,3.2572553,1
0.64676493,0.44267085,0
6.0513105,5.5497384,4
-6.2566047,0.924486,2
2.989482,2.825,0
6.1684785,6.009124,4
6.3849206,4.3356905,4
-1.388122,-2.8915384,5
-3.9109366,0.7873369,2
5.389006,3.4817202,4
-4.4232574,0.7264228,2
-2.8277044,0.61990947,3
-2.6406696,-3.065189,3
-4.7578783,0.65276897,2
1.0896082,-2.1255927,6
2.6614592,1.1702881,0
-3.0334475,6.4418745,7
0.43623087,-3.826542,6
-6.097118,1.1792972,2
-2.1427891,3.4842544,1
-3.4106815,-2.5769386,3
-0.061208848,3.7046115,1
1.3818104,5.4128623,9
-0.22476983,-1.7716668,6
-5.757214,0.9865852,2
-4.528356,-0.043193094,2
4.4120035,4.4193597,4
0.7787892,-1.731512,5
-1.62655,0.42344585,3
-4.169534,0.2709196,2
-3.5288413,0.10387247,8
-4.793172,-0.069518045,2
0.7916658,6.3429847,9
-2.0952704,4.622744,1
-3.1711411,0.115514725,2
-2.1840513,6.947757,7
-1.7411621,-1.2434247,3
-5.048819,0.9864229,2
-0.015177379,-0.2207082,3
-2.2057521,0.22175999,3
6.9544826,6.0119534,4
-1.4542598,4.627309,1
-1.3668226,5.734909,1
1.5729158,0.701795,0
1.5358242,1.2253573,0
3.7443638,3.4475987,4
5.992154,5.5237665,4
-1.0062236,1.086142,3
1.8624232,2.0763667,0
-3.213017,1.0549977,2
-2.9515545,4.6681876,1
3.8852417,2.5281,4
1.9665056,-1.2224762,5
-6.2103014,1.0418106,2
-2.2446074,-0.9713467,3
-3.2560108,4.547355,1
1.9189713,0.3016105,0
2.2652133,-0.033017814,0
6.2061586,4.2325873,4
-1.3180008,0.8189827,3
-3.5747926,-2.966106,3
4.1424494,3.101519,4
-0.03568487,-1.2904546,5
-2.1307492,5.130334,1
1.1047729,1.9410876,0
0.23433149,-1.5821416,6
-0.68772423,0.18600015,5
-3.814488,0.10645953,2
2.9550896,1.0939331,0
-2.9003766,0.21642837,2
-4.812749,0.8275693,2
6.5440693,5.807305,4
6.582206,6.141099,4
5.7762184,5.280957,4
-2.912918,4.908889,1
3.6052914,0.29162496,0
-1.8068295,-1.8663778,3
2.069447,2.5901177,0
3.9528582,2.8571796,4
-3.6320527,-1.5151645,3
6.5521674,5.5975986,4
-3.2567635,5.367367,7
4.5065174,3.2493846,4
-1.8258007,-4.061764,5
-5.30126,0.83747584,2
0.32370245,0.5052084,0
-5.080837,-0.44623852,2
5.0454936,2.7550988,4
6.728908,5.8734927,4
-2.2796566,3.0786119,1
-4.4590693,0.23833011,2
-2.4189916,2.8514616,1
-2.3417695,3.5058608,1
4.5560913,3.1709633,4
-1.7192732,1.6842935,8
-2.9642003,-2.9686816,3
-2.9519835,0.4417994,8
0.6817928,1.2230978,0
-2.3684525,0.068712056,8
-6.4095206,1.0938315,2
6.08726,5.60436,4
-2.3825188,5.6798654,7
-2.1385002,2.1266193,8
2.1163762,0.6515152,0
-3.2507644,5.781046,7
-2.0386627,2.1387079,1
-5.082438,0.3717858,2
-1.0960681,1.653999,1
6.6634417,5.0808487,4
5.5204906,5.0246587,4
-1.8591182,2.9446719,1
-4.8787746,-1.1152115,3
0.18730493,-1.5095811,5
-1.4728782,-2.4014735,5
1.8620453,-1.6151204,6
-1.8255155,1.2402654,2
3.4915018,1.305474,0
1.5121094,1.5688934,0
2.353882,-1.0182488,5
-1.8408756,1.2224244,8
-1.1989641,4.6772575,1
2.2952147,1.8595846,0
-3.4395812,2.1052341,2
-2.2128232,1.546141,8
-5.01264,-0.3645982,2
4.1775517,0.55098933,5
3.491807,0.5033953,0
-0.7101326,2.5963233,1
-1.9652917,1.1855819,3
1.208861,-0.9136159,6
2.030366,4.716567,9
-0.17977707,-1.3317257,6
0.6436897,-1.1001779,6
-0.95603675,-0.52459985,3
0.04387136,-2.6451466,6
-3.1053095,-1.4566364,3
1.9746917,1.6723299,0
-2.3191593,3.482279,1
-1.598407,-2.828657,3
3.1359065,-0.24607614,0
-2.4740758,1.5886768,1
0.9777271,-3.4319727,6
-5.894571,0.9589633,2
-2.754344,0.6143726,8
5.0980144,3.8105366,4
-3.7854736,0.75429493,2
1.1488434,-0.63192546,5
-2.8662517,-0.77288616,3
6.6042175,6.3275185,4
-2.6747718,6.8142667,7
1.5801024,1.348343,0
-1.1823149,-3.0232203,6
-4.672282,0.67221224,2
3.5228868,0.91545445,0
-1.3235815,-1.8560363,3
0.64711607,-2.4288952,6
-2.592611,-1.2825096,3
-2.5111217,5.916265,7
3.5186148,0.09867584,0
-0.17248887,1.2704495,0
2.3983688,0.14209938,0
-0.89358485,3.2162292,1
2.8273568,1.490282,0
1.0095799,1.7424906,0
0.6738326,6.4033957,9
3.2831862,0.7761651,0
-3.3203192,-0.5898581,3
-3.114437,3.5200636,1
5.839955,4.4554543,4
4.4138913,3.6454031,4
1.556424,5.7147293,9
1.3257459,-1.031742,6
-3.8292542,0.0051964335,2
2.2360618,-0.6693569,5
-2.33935,2.0904708,1
-0.5931749,1.6793627,1
-2.1573768,1.3444355,3
-2.857235,0.7962772,2
3.6305919,2.9222417,4
-1.8228858,-2.2180166,3
-2.9197083,2.0649168,1
-4.3282046,1.3144478,2
6.055412,3.6007063,4
-3.4695585,-0.55963594,2
-0.83173746,-1.8542782,5
3.3587594,0.53425,0
6.0151167,4.6421895,4
0.9920047,-3.6147273,6
-1.2150656,-4.443236,5
-3.0200932,0.8251644,2
-4.0540185,-2.6751957,3
2.8465605,0.7579744,0
2.6689644,0.55917555,0
0.3975669,-1.5264691,5
-1.7471851,5.0429497,1
-3.4724157,-0.43144283,8
1.9580277,1.3409921,0
-2.063197,-1.4433616,3
1.9374596,-0.38059747,5
0.28749385,-2.9442554,6
-5.2284527,-0.7911526,2
0.30407414,6.282002,9
1.2467822,-2.92331,6
-2.341919,1.2331876,8
-3.619962,-0.6356163,8
-1.8091857,1.0403792,8
-2.961552,6.2507534,7
-4.836563,1.3932762,2
-2.4270868,4.8209486,1
0.33602026,-1.0073661,5
6.434119,5.2337112,4
6.544831,4.8333974,4
-2.5459228,-0.636122,3
2.432905,2.7083867,0
-2.4539342,6.2190113,7
-0.09410411,3.0894694,1
0.45742026,3.0489216,1
1.6106131,0.4447196,0
1.4225962,0.8214433,0
0.85775715,2.2512593,0
1.845049,1.0021889,0
-2.5371099,0.22725548,8
-0.5257954,-0.30144227,3
-0.5555567,2.9754887,1
3.79653,1.3824395,0
-0.5283183,2.050692,1
0.9747657,-1.3342813,5
0.7577296,2.4292076,0
-1.4147465,-2.263124,3
-3.9981883,0.51946044,2
-1.7222793,-0.3153788,8
2.182314,2.3085253,0
1.0678803,0.80151474,0
-1.5631611,-2.2155166,5
4.1672173,2.8112996,4
3.6012292,1.5989988,0
-4.452729,1.4430621,2
3.510069,0.54907066,0
3.180336,1.9843068,0
0.21912083,-0.34541544,5
-2.7152588,5.8983064,7
5.1960444,3.14886,4
-1.3694625,0.19147113,8
-0.1399959,0.8931887,0
-1.1560574,-1.5554544,6
-4.06193,-2.4369814,3
-1.8827572,1.7831271,8
-2.4223938,6.450434,7
-3.9544837,-2.5043678,3
-2.2946634,2.229363,1
-5.6599708,1.1763744,2
1.3397752,0.45917472,0
-2.4799457,2.143842,1
-2.5869894,1.0173537,8
-0.15341714,1.7435942,0
-2.392912,1.6575812,8
-3.6960166,0.19064927,2
-0.6329011,2.2431998,1
-1.8045115,-0.28009102,2
-2.1859038,3.729122,1
-3.4669921,-1.6541038,3
1.0486542,-0.2834639,0
-2.0899727,1.5526841,8
-1.6224066,2.5085218,1
-4.1793485,0.7075144,2
-1.3821642,-3.1229205,5
-2.4076138,-0.98275286,3
1.53275,-1.9895848,6
-2.2749207,4.5464706,1
-0.67681533,3.2879813,1
-3.5058918,5.2046227,7
4.9066987,3.7248352,4
-2.613048,3.0041425,1
-2.21578,2.484977,1
0.7892099,-4.0201545,6
0.12311763,-3.2292812,6
-2.7019053,-1.4262562,5
-2.8835297,2.0142183,2
-4.105421,0.65043926,2
-1.2400738,-1.5704964,5
5.9821477,5.7692394,4
-3.028804,-0.46362484,8
-0.7259511,2.4509728,1
-4.7173777,-1.6324699,3
1.3005903,0.22146161,0
-2.4758184,3.7654371,1
5.5342846,3.8816657,4
2.728514,1.5132906,0
-0.3637407,1.3886731,0
-4.619641,-0.5023607,2
0.835037,-0.4860986,5
-3.0440135,2.139012,1
4.8280096,5.082654,4
-1.8940083,6.2075,7
5.296945,3.0543365,4
-3.9760852,0.7901859,2
-0.24810748,-2.177019,5
-3.2891135,-2.2225862,3
-2.7747357,1.6659659,2
3.4891956,-0.13509645,5
3.5346959,4.1900687,4
1.36606,-2.1287334,6
1.940023,5.1720686,9
-4.0046864,0.75119644,2
-2.9966972,3.6852381,1
1.2221528,5.841802,9
-3.2604766,3.9054525,1
2.1151712,-0.22322825,5
4.9355054,3.7977183,4
-1.9496558,-2.884174,6
-1.3798712,3.0957234,1
-3.2012997,-1.6721238,3
-3.7944176,1.2156004,2
0.65765357,-3.94466,6
1.0331782,-2.6408746,6
-2.3392355,-1.9559276,3
-2.2150693,-0.24214135,8
3.2712781,-0.08093299,5
2.047472,-1.3475583,6
1.8575121,-2.0000806,5
-1.5384834,2.2818143,1
-2.2122529,-2.518023,5
-4.9550304,-0.44120666,2
1.4072008,1.4508635,0
6.189634,5.52448,4
5.9807444,3.3643126,4
-5.64642,0.84086514,2
7.0425744,4.8940988,4
1.4539081,-1.3392895,6
6.6450834,5.5251164,4
6.1508183,4.684301,4
-3.326691,2.7515802,1
-1.0725578,2.3763404,1
-2.142277,-3.8193433,5
-2.7777796,0.5934519,3
-3.0369234,1.5905206,1
4.5286736,3.767948,4
-2.4484234,3.9853776,1
-0.5437555,3.2165017,9
-5.60792,0.69162446,2
-1.9541907,6.4918933,7
-0.57000595,-1.597331,6
0.25946787,-3.4575362,6
6.69083,4.009127,4
-2.8487272,4.362805,1
-0.15711606,2.6669202,1
-2.846993,5.510952,7
1.5836892,-0.8852123,5
1.8544959,1.912028,0
2.0325255,0.12461172,0
-2.5357094,4.6387944,1
0.5989423,5.3738294,9
-2.4403088,3.0209167,1
5.385739,3.4699624,4
0.09339662,1.7264951,1
5.9313016,4.328045,4
-2.1915882,6.0987883,7
1.4086096,-0.051163763,0
-2.4099336,3.0967102,1
-2.964806,2.0225234,2
-1.4757539,-2.1399205,3
-4.660732,-0.24240433,2
-1.4855688,3.0854864,1
6.9345937,4.7299237,4
-4.3063636,0.0038399664,2
5.173927,4.2797275,4
2.3591988,5.3870635,9
-0.9171857,-0.4786515,3
-4.9143677,0.69001645,2
-0.9483434,3.2507393,1
1.1503763,1.7075186,0
-1.8187537,-0.82181215,3
-2.3218093,0.10472765,8
-2.23342,5.2310214,7
-5.183533,-0.03624793,2
-0.39617842,2.839285,1
3.8278003,0.6676914,0
5.982686,4.7489953,4
0.7308921,0.49663374,0
3.5734463,1.3689481,0
-2.8500938,4.6288023,1
-4.6070514,1.2359713,2
-4.469597,0.15502033,2
-2.2786071,-3.602251,5
-2.656398,-0.47207773,3
-2.0012758,6.6415553,7
1.1609461,1.8449544,0
-2.791336,5.9256773,7
-1.4702312,0.35276672,2
-3.6237922,0.67517257,2
5.465926,2.8241453,4
-1.9172654,-3.4426186,5
2.2755926,1.0600619,0
-2.0704296,-0.7483536,3
-2.7521439,6.496626,7
1.414508,0.09066803,0
1.1227596,0.0057505243,4
-3.860505,0.96553344,2
2.1814387,-0.38357043,5
1.4638689,4.727351,9
-2.1686933,5.7098536,7
3.4496791,-0.40324062,0
-2.029697,-3.7180119,5
-3.3835588,2.2827268,1
-2.1828678,5.794179,7
-0.6606444,-1.9969373,5
6.1505775,5.4204626,4
-2.96877,-1.9498771,3
5.4700384,3.0066779,4
-0.61672324,0.4151562,3
3.464546,2.2602565,0
0.24148826,-1.5807844,6
-1.7616632,3.3790445,1
-3.0816512,-1.4607779,5
-2.1064441,2.0930476,8
1.5636635,-2.8231537,6
-1.8440326,0.595153,8
-1.1528014,2.888932,1
-4.258967,-2.3631663,3
-1.6525706,-1.2389609,3
-5.6711535,1.1192216,2
-2.5807445,0.5378253,3
-0.85417104,-0.9605769,6
-4.0046453,-2.6576126,3
-3.102175,0.34463,2
2.533645,0.8137667,0
-4.2152615,0.7522548,2
-2.1896977,3.325225,1
-1.7585363,-1.8523031,3
-1.3836392,-0.98489535,6
-6.196034,0.7488338,2
-2.444464,0.06522878,3
-2.873474,0.106237106,8
4.2085643,2.4387596,4
-2.8850043,2.6384766,1
2.4536953,1.5882545,0
3.259058,-0.28803563,5
0.2726862,-2.4773836,6
6.6681914,3.9090967,4
-2.1568563,2.2110555,8
0.99743336,0.8753876,0
-3.0299218,-0.35555238,3
-0.25377917,3.021696,1
-2.6789308,5.0165963,1
-1.2229533,2.5803986,1
0.5707101,-1.6730094,6
-1.4792533,2.3183188,1
-2.6902874,5.825178,7
6.427853,3.7662725,4
3.6366658,1.283341,0
-1.8661727,4.949428,1
-0.40569392,-2.1438696,5
-2.4697895,5.9650006,7
-0.82258517,-2.058737,5
-4.062959,0.53804207,2
1.0022641,2.3736167,0
-0.88019156,-0.0052250186,3
-4.3226223,0.9291508,2
2.8001614,-0.27431267,5
5.137487,3.5811987,4
1.9799958,1.4291762,0
0.39308986,-3.5562785,6
0.68883705,-2.2752452,6
-2.3694339,-1.6609317,5
-2.3350852,2.7257264,1
-0.016637288,-2.6449482,6
-3.565343,1.8156867,2
-2.5126455,0.26803902,8
-0.009569001,2.310611,0
6.472131,5.7560744,4
-2.1437204,2.6933074,1
-0.8541625,-3.3375876,5
-1.31854,-0.18855746,6
2.7831132,1.057418,0
-3.3561609,0.56581134,2
-2.7122889,1.5152464,1
4.5248427,3.0211632,4
-5.3208656,-0.41540793,2
-2.6698928,6.669098,7
-2.1284206,0.061570562,8
-2.789679,4.4726963,1
-0.6218979,-1.055255,6
1.968364,0.33148444,0
4.826388,2.958529,4
1.2050736,5.8698926,9
-1.9663899,5.080919,7
-1.4732155,0.9382072,3
-3.0095704,1.3627957,2
-5.947064,0.3164442,2
0.6026821,0.6993776,0
-3.0476143,0.9574534,2
2.3372161,1.6225324,0
1.0200452,-2.2426057,6
-2.7758462,4.3272047,1
-2.977016,-2.1346076,5
-0.5964087,1.6248946,8
-4.929432,0.09389576,2
-0.29132253,3.7081735,1
-1.3119439,2.2586455,1
0.9304527,-2.3808818,6
0.39738846,-3.4344156,6
0.5805798,1.5037929,0
-0.9692498,4.087309,1
-1.442888,4.0867543,1
3.2776287,0.9823697,0
1.6926874,-1.8208736,6
-2.8312151,0.103535645,8
-0.085653745,0.35982794,2
1.994116,0.806987,0
-2.3921685,5.8624835,7
6.6200686,6.446485,4
4.1661325,2.700225,4
-1.7303481,4.5398417,1
-1.6148818,-1.0993862,3
-3.2300875,1.2376442,2
-0.6371167,1.4860007,8
-2.918221,2.6007369,1
0.297532,0.34032404,0
6.7446346,5.0510173,4
1.3465457,-2.541827,6
6.1677675,5.2466984,4
-4.947114,0.7998293,2
0.03350211,1.0503836,0
1.7534682,3.4588163,4
-1.1318496,-4.2564487,5
0.4941462,-1.6067811,5
-2.3025548,6.643732,7
-3.6916485,-2.7886636,3
-3.3258288,0.19618855,8
0.19555159,0.561057,2
-2.530893,6.0440383,7
-4.0553517,1.18562,2
-4.1930285,-1.7952288,3
-4.133308,1.4522642,2
-5.094959,1.1378518,2
1.1548773,-1.2207708,6
3.04683,4.9665556,9
-3.3116405,1.9575237,2
-2.8188102,-1.7555549,3
-5.078324,1.563982,2
-4.464994,-0.10008411,2
-5.143072,-0.54132384,2
2.6272168,-0.50234824,5
3.1174605,3.3287346,4
-3.214622,2.088475,1
1.3998271,1.9292672,0
2.8013587,0.8374185,0
3.3256369,1.6644449,0
3.063304,1.118698,0
-2.766632,1.2911488,2
-2.8729246,-3.1047955,3
2.9972405,0.91487676,0
3.807105,2.2122726,0
-3.4298716,0.1718197,2
-6.0916476,1.1122794,2
-5.3066235,1.2213784,2
0.96233493,-1.8407975,6
0.3701044,-3.6776032,6
-1.1729025,5.4640665,1
-5.085781,-0.5581106,2
-0.9316417,3.959073,1
0.875703,-4.295551,6
-2.5163713,-0.6548429,3
-0.27624485,-1.6727237,6
0.105665244,2.8585398,1
3.136566,2.5614371,0
-1.797561,-0.4098467,3
-2.1475348,6.728017,7
3.3003385,1.0619129,0
0.67645484,-0.54352117,5
2.1204798,2.3294585,0
0.9806139,0.59062654,0
-1.503274,-1.6233888,3
6.5897574,5.198833,4
-2.105105,0.35115546,8
-2.2553558,-3.833056,5
3.4222317,2.4012103,0
-2.568076,5.228285,1
0.39787382,0.14887191,0
-1.3206576,-2.8238266,5
-3.307349,1.5888692,2
-0.88354933,2.0069602,1
1.8392546,4.654528,9
-2.634275,1.378979,1
-2.7360914,-2.5388963,3
-0.83416826,3.006096,1
-3.4687827,1.2556984,2
-1.400031,-2.822895,5
-0.16754566,5.6148252,9
-0.19088066,-0.97405046,6
4.9178786,4.0925484,4
0.8273893,2.5755947,0
-5.11757,-0.90184677,2
-0.03657352,-2.2215993,6
-5.1893106,0.13862485,2
1.4924982,0.39658052,0
-3.0473905,0.27832767,2
1.1122582,-1.0023679,5
0.9701245,0.19694097,0
1.2763277,0.21555859,0
-3.7304723,1.4713511,2
0.05278638,-1.8757626,6
1.0387509,-3.06219,6
-2.058855,-0.39080906,3
-1.5408156,1.7403568,2
-3.1852736,-1.937716,3
6.212161,4.8638,4
-1.750379,0.61891603,8
-2.056912,3.2083654,1
-0.7304211,-0.22782695,6
-1.9321102,4.9760156,1
4.1958737,3.3020306,4
-1.0100874,-2.7424984,5
3.2708752,2.674927,0
-1.9570589,0.594558,8
-2.2172594,6.5210094,7
0.022147262,-3.325758,6
0.43993586,1.6423028,0
1.4499836,-0.28029007,0
-1.1898028,-0.19905624,6
-4.214979,-1.067395,3
-2.1237822,5.8929205,7
1.1753099,-0.4008951,0
3.2640471,-0.2531296,0
-2.175253,5.942669,7
-0.9471483,3.3452926,1
-4.107292,-0.16865376,2
-1.8556896,5.7647576,7
0.560743,6.3081274,9
-1.4592981,5.1575685,1
0.19247809,2.9108586,1
1.2519543,-1.7563449,6
-1.7850604,-0.9155947,8
4.537527,4.724913,4
-1.4422921,-2.5821047,3
3.0281088,0.48655644,0
-2.6869354,-1.5806502,3
0.3632252,-0.9425655,5
3.2133374,-0.5602341,5
0.6328666,6.3699665,9
-2.4958785,6.559648,7
0.4925132,1.4551345,0
-2.7765589,6.8466015,7
-2.4224076,-1.7543743,2
0.5034554,-3.4500406,6
-0.28089204,1.5636877,0
2.8304307,-0.92031,5
-3.1379025,2.7056892,1
-0.51553845,-3.1067412,6
1.7887686,-0.0752055,0
-2.6869524,0.14228067,8
-1.5934048,0.8444225,2
-0.1072985,-2.1491802,5
3.935006,3.5078416,4
6.9614744,5.0285544,4
0.030218406,0.41742525,0
-1.9169041,3.0929022,1
-2.7992444,-2.8146214,3
6.4522214,4.45678,4
-1.0115509,-0.22680631,6
-0.27273983,-0.2246092,6
1.8405681,-1.2563039,6
-2.207141,6.3236156,7
1.8193927,1.0374092,0
-0.86991525,4.523878,1
0.361572,-1.4196061,6
3.4220147,1.4019973,0
3.325732,2.6219978,0
4.704647,3.9988756,4
0.9180048,-0.25934485,0
-2.4482543,4.4644003,1
-2.5472534,3.566093,1
-3.0822861,4.611331,1
-3.1423829,-3.0493557,3
0.7684284,-1.3640361,6
3.5197668,1.4951642,0
-2.0562718,5.4575157,7
-1.6765976,4.0197077,1
5.331009,3.429232,4
-1.3894001,-2.1307294,3
6.6852093,5.3860383,4
1.6518865,-2.1344116,5
-2.114614,6.2019744,7
-2.4384558,0.5235489,8
4.408958,3.0344605,4
0.91857636,-1.5147139,5
-3.3841581,-0.67817956,3
-1.2684997,-4.689743,5
0.16659565,-1.6865495,5
1.0834609,0.47450384,0
-0.2665129,-3.3474643,6
-3.4726756,-2.3180206,3
1.0516077,2.0392528,0
-1.8950365,-1.2655878,5
-2.6281612,-1.7396973,3
5.3078375,4.820734,4
-3.707765,-1.3355966,3
-4.239737,-0.7550227,2
4.0583396,0.4687528,0
2.0555212,-0.5184915,0
-2.3626087,0.047663007,8
0.5242201,-1.9034067,5
1.308279,-2.9791245,6
-0.15524305,2.8420103,1
0.30017632,-3.8828778,6
3.7152965,2.8420928,4
-2.5982738,0.23881276,8
-1.5929891,3.313814,1
-2.110129,-1.1377425,8
3.2231143,1.5019354,0
-2.2637315,2.8464098,1
0.59817725,6.5527816,9
-2.5476966,0.60747993,3
-2.2014585,6.691917,7
-4.111857,-1.4684217,3
-4.5386367,0.017929876,2
-2.0130332,0.59566426,8
3.635435,0.7442453,0
-1.494305,-0.53385067,3
7.008492,6.121467,4
5.496668,3.199753,4
-1.4083803,-1.2682287,3
2.6441762,0.8708695,0
1.2922194,-0.86302936,5
-0.19725405,1.3728142,0
3.6331613,0.64784575,0
0.36528838,-1.4547342,5
3.8982923,2.0802033,0
-1.735302,-3.6646683,5
-3.7644947,1.7146947,2
-1.9178746,0.08053131,8
2.991795,1.0206131,0
-4.651643,-1.5314591,3
0.29644957,0.0800629,0
-3.321479,3.260975,1
-1.2156448,-4.0201044,5
-0.3621043,5.511286,9
-4.058483,-2.2512386,3
-2.1460414,1.8404727,1
1.6176858,-2.7075467,6
1.5426123,-1.3823116,5
-0.67160964,1.0900422,3
-3.3366358,-2.9279702,3
-0.4676559,1.0848761,0
-1.459929,2.9365623,1
0.28383443,-3.1609125,6
-1.7441429,0.054826025,8
-0.74192566,-2.982425,5
5.794775,5.0238576,4
-3.0915592,6.5426507,7
-4.2938485,0.4125642,2
-1.7569073,0.761822,8
-1.6196393,2.824534,1
-1.1447301,1.1666176,8
-3.2635033,0.7439704,2
-6.049989,0.9304906,2
-3.2439797,0.04897015,8
0.079048835,-4.1048803,6
-1.289736,1.7815241,2
5.914444,5.45088,4
-3.9101584,1.0040364,2
-2.4687,5.903153,7
-2.5913298,5.761544,7
-3.2243266,-0.9330861,3
-3.276115,4.689395,1
3.2742658,1.1513361,0
-2.3251672,2.9161587,1
-1.607424,-0.5594876,8
-3.343581,-1.2144524,3
-2.816913,-0.036507048,8
-2.8904295,1.9475517,1
3.5722792,0.93708324,0
0.3979392,2.0348697,0
-2.5658092,3.4700637,1
1.7113307,0.043626204,0
-0.7494141,-2.8416631,6
-3.5412388,-1.3338258,3
-0.6853566,0.9644875,2
1.7663391,3.5707822,4
1.6433914,1.087593,0
3.290213,2.0283928,0
1.3279229,-3.1657174,6
-3.9887397,2.0045042,2
-0.7553043,-0.6261777,6
-1.5198822,-0.7054006,6
2.4898849,-1.1686826,5
-3.4751642,0.90512675,2
-2.267506,1.9363017,8
6.2587495,4.0048723,4
1.2730316,2.0100832,0
-0.36558145,2.9861732,1
-3.3876667,-0.32655245,3
-2.214126,-0.21984753,3
-2.5594327,5.0730276,7
3.4964006,1.0953395,0
-3.1149974,-0.6418636,3
-0.7554142,0.64898014,5
-2.6572149,4.724024,1
3.1687248,0.08713252,0
-2.4589448,0.81420666,8
-3.6488023,0.30313787,2
-1.2452369,1.9591742,1
3.1968997,0.70253587,0
1.5394819,0.06269599,0
2.2438664,-0.06721032,0
6.874826,5.007671,4
-3.5327332,0.7641979,2
-0.20455977,1.6850753,0
-0.646578,0.40486497,3
5.8572865,3.6074667,4
-4.21056,1.2705144,2
3.3337784,1.0649748,0
6.3676887,5.11115,4
2.7955496,1.4215714,0
3.398842,1.9194751,0
-0.23102409,-1.7626541,5
0.642428,-0.29380456,6
-3.5568104,1.1629618,2
-3.9286718,-2.259487,3
-0.4901469,0.8110415,8
-2.247859,5.865678,7
-0.60831785,2.8066118,1
-1.690867,2.146801,1
4.7089906,3.5395887,4
-3.4905796,-2.5069277,3
-1.9983544,1.6352054,2
-6.0173855,0.33173576,2
-2.5334756,6.164645,7
0.76371676,1.5456095,0
2.3056536,0.85942477,0
1.4068122,-2.091144,6
-2.0612674,4.9876347,1
0.47119614,5.993989,9
-3.2982156,0.73504394,2
-5.1536846,0.4051759,2
-1.563775,-3.6898997,5
1.3828294,-2.5937502,6
2.7070704,1.9734521,0
5.0999603,3.8461566,4
-3.3583407,-0.029969882,2
2.5499375,1.5703527,0
-2.236224,0.5872036,8
-3.7983663,1.3208969,2
-3.1474144,3.5427392,1
-0.9804298,-3.0593972,5
-3.6040032,-2.3744104,3
0.9165066,3.2177603,1
3.7653847,1.4578047,0
-1.9115491,3.8072407,1
0.36230054,2.578051,0
-5.602703,0.16742294,2
-2.607927,6.426733,7
-2.3254914,4.693152,1
-3.867171,0.4492859,2
3.576244,1.1793122,0
-3.5539906,-2.1440263,3
4.3680444,3.7240539,4
-0.9601027,-0.5871463,3
-2.2664723,-3.6531153,5
-0.0800587,-1.5164201,6
-3.799156,6.106263,7
-2.8501556,1.2436593,2
0.491278,-1.8845084,6
1.8875327,0.32267678,0
1.3383474,2.0060716,0
0.68860734,-2.0608315,6
-0.48286474,-0.7371802,6
3.9079018,1.7574986,0
-2.5171428,-3.2092283,5
1.6646132,1.3930141,0
2.1896942,1.233832,0
-0.7431662,-1.3532786,6
-2.7062433,2.5761623,1
3.7394457,0.44952095,0
0.28053722,1.4983503,0
-2.4948447,0.055963133,8
2.233662,1.3191352,0
-2.4240844,1.8386365,8
-5.0049467,1.229287,2
1.2658336,-2.3760042,6
-2.9324367,0.10737904,2
2.9282913,0.7537233,0
2.4577417,0.40141863,0
-4.6216717,1.0025947,2
6.212719,5.0300994,4
4.4281445,1.861277,4
-0.10847168,3.5264435,1
-0.38769776,0.10795723,6
2.8034718,-0.5732124,5
-6.097199,1.0200917,2
0.3989044,-2.9489634,6
1.1916399,-1.6666125,6
2.4304585,0.105297044,5
0.5526146,5.10111,9
-1.8729838,-2.1315763,3
-2.915315,1.368612,8
0.35506067,-2.6171608,6
-2.2295115,1.7794248,1
1.2140638,1.7601709,0
2.39884,-1.4905618,5
1.3103039,0.5886394,0
-4.752419,1.4017466,2
6.573279,4.4425693,4
-6.233859,0.62263036,2
-3.3305137,0.6318077,2
-4.87678,1.3485613,2
-1.6333367,4.7233443,1
6.6536064,6.2385283,4
-1.5811256,3.815172,1
-1.8065305,5.383164,1
5.476759,3.6586494,4
0.68215126,1.2233385,0
-3.4885786,5.687919,7
-1.2311496,-4.5648265,5
-1.1860523,5.7465725,7
-2.2983172,1.0349171,2
-5.290407,-0.65415996,2
0.15292259,1.0638734,0
-2.4394186,0.20727879,8
4.060159,3.6630967,4
-0.37385505,-2.2707565,6
0.8271347,-2.0964391,6
-3.4211361,-1.4318708,3
-3.6966577,0.841617,2
-0.3250309,2.2719867,1
-0.3744393,2.367953,1
-1.2078315,1.6842644,0
1.0007474,1.8718417,0
-4.587152,1.044208,2
3.3888757,1.7057089,0
0.8070433,5.5813622,9
-2.8336167,-3.1531913,3
-2.4697917,6.51914,7
-0.8542165,-1.2444254,3
-4.091798,1.16842,2
5.6727376,5.192017,4
1.8146298,5.1500134,9
-4.6821003,0.60279375,2
-1.7326248,0.6725169,3
-2.7138166,-0.46307388,8
1.5735364,4.48724,9
-2.306302,5.8173933,7
3.0469794,2.5058749,0
2.0061092,1.3123479,0
1.0803913,4.532546,9
4.921464,4.3597727,4
0.24386933,1.2531016,0
-2.1553614,5.446717,7
-2.7745168,6.575964,7
-1.8193954,6.2561646,7
-2.9114974,5.5542374,7
5.6050243,3.6255836,4
3.551289,1.507309,0
-0.65676296,-1.4409775,5
-0.3908503,-2.439982,5
5.367442,3.5207543,4
-5.0791545,0.8998945,2
0.5200483,6.3265944,9
-2.2651417,2.3991938,8
-5.268894,0.38536155,2
-2.6183438,6.3808017,7
-3.8556652,-1.445625,5
-5.7569923,1.1859376,2
3.620271,-0.08230286,5
-1.556221,5.1169996,1
3.5009034,-0.34118006,5
-2.604598,-0.0033569313,2
-2.8947663,-1.1029887,3
1.6382531,-2.0427716,6
-6.049038,0.7454092,2
6.071215,4.8293643,4
0.8662902,-0.08916615,0
5.8289056,5.195106,4
-2.277446,5.177701,1
0.41474974,0.9712458,0
1.0632858,2.9016347,1
-3.6852822,5.730173,7
-2.4158812,-2.0423748,3
0.4552343,-1.7990175,6
-6.1489515,1.2502689,2
2.503505,0.37236834,0
0.04825859,1.9337007,0
6.9544144,6.0211964,4
3.6733336,1.5953532,0
-2.494389,1.3699588,2
-0.52630186,1.151605,3
-4.8881574,-1.3257676,3
-1.6884903,-1.8827244,3
-1.9647288,0.098830976,8
3.716578,1.0532588,0
0.10156599,-1.0394075,5
-3.8807085,-1.8287574,3
-1.3671165,4.2466784,1
-2.164341,6.6391497,7
1.6298412,-0.7328436,0
-1.2256142,-0.95003265,3
-1.429641,0.98185897,8
0.27793995,2.3989742,0
-3.7533302,0.7629522,2
-1.9999392,2.146085,1
-1.8622488,4.120553,1
-3.8029559,-0.7176598,2
-1.2460015,-4.831765,5
2.2748098,2.492283,0
-2.651642,1.1150799,2
-1.508755,-0.40978774,8
-2.657086,1.8806055,1
-0.93507665,4.4154167,1
-2.5342753,2.0119655,1
6.3570414,5.8743167,4
-1.4174199,3.7096012,1
1.2870469,2.4203606,0
0.06566367,1.6766237,0
0.7008053,3.6437478,1
1.0177226,-2.3106086,5
-3.2560947,-2.8038318,3
-0.5980314,-2.5507138,5
-5.4638844,0.13154022,2
1.8097383,3.3662271,4
-4.8598423,0.63959837,2
6.3845468,5.084366,4
-1.0351679,1.3570205,2
-0.12086451,-0.88704085,6
3.130234,-0.3561744,5
-6.202002,1.4763225,2
1.6670237,1.06983,0
1.9041051,-1.2513372,5
1.5022527,4.2563434,9
-2.054243,3.6475809,1
0.5656535,-4.024547,6
-4.968234,-0.5760756,2
-1.8596158,3.07062,1
-4.250039,1.1376716,2
0.07975647,-2.4366527,5
-4.9766397,0.5371827,2
2.104191,-1.3022587,5
1.374001,-1.6246451,5
3.3547115,0.97392946,0
-0.8061957,-2.8500574,5
2.492295,0.8751026,0
2.6247864,1.6386967,0
-1.7239221,6.1118035,7
2.5325553,0.75620675,0
-2.2715795,2.293977,1
-5.828783,1.0545065,2
1.7097425,-0.9187583,6
-2.878778,1.7037462,8
0.79349095,0.63608325,0
-4.9784226,-1.2562835,3
-2.8344316,3.1803968,1
-2.5291185,2.1242528,1
-1.4365021,0.8366542,3
-1.1509764,2.8574963,1
-2.058973,1.733943,8
-2.1055372,4.8303585,1
3.3526766,1.833397,0
-0.06855517,-1.6223205,6
-2.703686,-0.7590285,8
-3.763187,5.9318,7
-1.9123001,-2.2903447,3
-2.5628488,1.4197809,2
-1.0853318,-0.3499668,8
-0.6861452,0.75231487,3
0.9372849,0.28588367,0
-5.232575,0.3780726,2
-0.834314,2.899699,1
5.0447807,4.952609,4
-0.72104555,-3.8531184,5
1.4730188,-0.17225857,0
0.8843352,-2.948305,6
3.0646029,3.841748,4
4.0132947,0.92869115,0
-2.8851798,2.4577043,1
-3.0079477,6.347473,7
5.097186,2.492723,4
0.6129489,-0.21959653,0
-2.9760442,6.1856294,7
-3.2182136,5.7500153,7
-2.870116,3.0442705,1
-4.319428,-1.9449619,3
-0.8407105,2.241081,1
-3.2921684,3.0773172,1
6.2307634,4.489759,4
0.56157535,-0.76608795,5
1.2815907,1.0255686,0
-2.1549742,0.0806915,8
-4.6643853,-1.8710326,3
0.23367624,2.24159,1
-1.9089997,1.0892602,8
1.1374633,5.5643587,9
0.9735153,1.6907017,0
-0.49263385,-2.7737315,6
-5.531089,0.7010224,2
-0.5394184,0.5032304,3
-2.9300518,1.1085334,2
1.5411764,-0.33741733,5
-2.0052154,5.089769,7
0.6509607,1.0191106,0
-0.5675541,-2.1243324,6
-3.7728648,6.0115504,7
-2.5509698,-0.27204418,8
0.18193384,-4.032568,6
4.941426,3.143623,4
2.0695405,-1.4577076,5
-1.7943414,6.319905,7
-0.6996885,-2.376708,5
-2.5701263,3.165745,1
-3.0483036,6.3752027,7
-5.8163333,1.3079062,2
-1.322927,1.183357,8
6.2650695,6.0278325,4
-2.6659756,3.9491875,1
0.7044463,-3.471536,6
-0.4411423,-0.20838389,6
1.8904886,-1.8703696,5
-2.0470169,-0.28595737,3
-3.062455,2.9831169,1
-3.3060954,1.4280174,2
4.7606683,3.4554455,4
-3.2276297,1.5631473,2
-1.2802958,-2.9475393,5
-2.0868664,5.3029447,7
-4.185432,-0.42846975,3
1.1334412,2.9584782,0
-4.17652,-1.21986,2
-5.640949,0.2106553,2
-4.2976036,-0.59918797,2
-2.1951652,-0.59249747,3
-5.119086,1.2855566,2
-2.1876895,6.920855,7
-4.1371317,1.800463,2
-1.7072017,2.4953103,1
-2.0761476,-1.1015731,8
-2.150813,2.4210742,1
6.280377,4.441836,4
6.7694182,4.741319,4
3.0748599,-0.48835206,5
0.165289,-3.1086679,6
1.4169472,-1.8280865,6
-4.41354,-1.8425531,3
-3.0572681,-0.8599111,5
2.8966205,4.1291723,4
-2.4594312,2.654842,1
-0.75321805,-1.763189,5
2.0314665,-0.6684855,5
-1.7270426,5.3711853,1
-2.2424977,-1.1583898,2
-1.0223411,-3.040205,5
0.0073716324,3.037194,1
6.5977254,5.444857,4
2.289489,1.4002815,0
-2.5323966,1.6821846,1
2.660978,0.28315276,0
0.094272226,0.020462455,5
-0.19578116,-3.4234838,6
-5.3906956,0.8609064,2
1.111391,-1.4078722,6
3.5372958,-0.47923136,5
3.8586414,3.2129192,4
-2.2551737,3.262901,1
0.15984437,-1.735687,5
-4.3215833,-0.57890594,2
-6.503826,1.3634473,2
-3.1058428,5.9692483,7
-0.5440496,-2.2489004,6
-3.4178045,4.5572,1
-2.111906,-0.28685582,8
-1.1052436,1.7952405,1
-1.7286074,0.48333088,8
-4.1837587,-1.9605753,3
0.1616203,-1.4628431,6
5.659752,5.414552,4
1.7663682,-2.348359,6
-2.005211,-3.09156,3
-0.9109851,3.1098292,9
-2.6973383,2.957408,1
-2.387971,2.323935,8
-2.6708457,1.7481452,1
2.519249,0.35321242,0
2.918294,-0.031518195,0
-2.6455626,1.6564728,1
-0.21067317,-0.7832809,6
-2.935261,2.1835568,1
2.419747,0.19931728,0
-3.6614964,1.2512945,2
0.23819353,-1.3397062,5
-1.5649747,-1.4409937,5
-2.6423218,-0.9757864,3
-2.9402466,-2.446355,3
-0.55842113,2.3833556,1
5.46756,4.2041526,4
-1.3693962,-4.1347437,5
3.3993497,3.2472427,4
1.5078434,3.3646243,4
-3.5752158,2.1908839,2
-5.3555894,-0.495346,2
3.1751807,1.8566378,0
3.6725616,1.456906,0
-3.9418662,-2.256928,3
-4.3462887,1.1286947,2
2.3624012,1.2151312,0
-3.5926013,-1.4720367,3
3.9650974,0.23239723,0
-0.37492326,2.9461193,1
-1.4131657,-3.8012254,5
-1.6917275,-2.4491007,5
0.915216,2.6588697,0
-1.6458961,-1.5189466,3
5.9088364,3.5504742,4
-2.1029282,-3.9343944,5
-2.3046172,3.819152,1
3.1781325,2.223765,0
-3.9057267,1.3117398,2
4.5590286,4.712173,4
-3.8604054,-2.5907545,3
3.45449,1.2162226,0
6.4049344,5.673283,4
-0.225099,0.027549975,3
-1.7860881,-2.9202912,5
-1.5761515,3.7466824,1
-0.9792938,2.1681728,1
2.4195611,2.1178107,0
-1.7649571,-2.0967,5
-2.5913613,3.6823716,1
1.6553227,-1.3873366,5
-1.5654291,4.1066213,1
-1.2330521,-0.2702336,3
-0.6049274,-0.06304078,5
-2.4573112,5.9813356,7
0.52730197,-3.42269,6
-4.5081773,0.152773,2
-2.8303785,6.277241,7
-1.598281,-2.7884345,5
-0.013315683,-1.8952118,6
1.0219351,1.5957361,0
0.5038865,6.310595,9
0.8066719,2.5291493,1
-2.0699394,2.3164744,1
-2.8028007,1.5699595,1
-4.1522717,-0.32041895,2
-3.5639358,5.660526,7
-3.2334962,-0.21060263,2
3.145083,0.6614317,0
5.3059993,4.6268964,4
-3.4127216,0.031338215,2
0.40138924,-1.1420537,5
5.3970747,2.857039,4
0.5905341,-0.9522425,5
-3.0039682,4.4033,1
-2.8448792,-1.5439285,3
-3.5894215,5.732001,7
-2.802401,3.454323,1
1.1402057,-2.5488803,6
1.1047696,-2.5252118,6
6.3055906,6.15171,4
6.1565704,3.7803326,4
0.19858786,-2.0382342,6
0.17322193,-1.6167686,6
1.4861679,2.679863,0
-4.6753335,0.8957156,2
-0.4926572,2.0213573,1
2.3532588,3.5812821,4
5.5140605,3.4551964,4
-4.794988,-1.3819934,3
-3.1657405,-1.9236205,3
-5.8346543,1.4536074,2
0.3828618,-3.512433,6
0.54426986,1.2325518,0
-4.184471,0.81844234,2
1.4176272,1.6572819,0
2.934836,2.4514365,0
-4.687964,0.6826425,2
-2.9431798,0.46681243,2
6.60008,6.2136197,4
-0.98971176,-1.2716762,3
-3.538448,6.28467,7
1.2433875,-0.68507546,6
-3.3624208,6.106459,7
1.0941589,-2.7207482,6
6.6691546,5.0642104,4
-1.0231763,4.9858613,1
-1.9248216,-3.5404956,5
-1.3434643,-4.905805,5
-1.7911977,-4.3327613,5
-1.9601235,-1.3834662,3
-0.8969304,0.027367594,3
-1.675152,5.0968127,1
1.2846141,-3.2764823,6
4.600105,4.932709,4
-5.215081,0.1120172,2
5.562714,5.637983,4
-3.2096088,-1.536257,3
0.6820921,-2.482001,6
-3.520385,-3.1716642,3
-4.0906744,1.0811455,2
0.36765805,2.525207,1
-2.6808429,2.8281958,1
-1.3069013,-3.6681612,5
-2.1085064,3.4114726,1
-1.448548,-3.769847,5
3.2721498,1.804368,0
0.5463001,6.145114,9
-1.5248466,-1.2087841,3
1.5626767,-1.9511087,6
0.8099155,-3.8757668,6
0.22722313,-0.74267304,5
-0.48892346,2.7214386,1
0.23625034,-3.2206151,6
-1.4478655,-2.794648,3
-4.4936395,-0.24713616,2
-3.1212187,2.0629442,1
-3.5622368,0.76027197,2
-2.270945,-0.30297095,8
2.2446947,0.3152548,0
1.2361397,1.1903377,0
-1.4371196,2.831006,1
1.2688245,-1.0599983,5
-2.3184068,1.356391,2
-0.54793656,-2.588301,6
-1.9110866,-1.3465813,3
-3.6240811,-3.0177252,3
-4.561868,-0.0052555995,2
-2.4150321,-1.8830556,3
0.55552953,-1.1557897,5
-3.159082,0.015282937,3
-2.0400932,1.552791,8
-2.048053,5.341383,7
-4.117022,1.1523975,2
1.7249746,-1.5425556,5
-2.6982393,-3.0272753,3
-1.374743,-3.524939,5
2.039835,5.3659105,9
-2.3484526,5.104516,7
-2.507919,6.5883384,7
1.7895423,5.5690722,9
-0.10407289,3.0780723,1
-0.41050768,-3.1740901,6
-4.832874,0.93695295,2
2.8766813,1.7042392,0
0.96446526,1.1896222,0
-0.709057,2.5003362,1
-1.2240465,-2.3446054,5
3.661653,1.030837,0
0.36358622,1.935439,0
-1.6215669,1.0275489,8
-2.1146472,4.5900407,1
1.5765324,-1.4243032,5
0.94998515,-3.2789505,6
3.343356,2.6956794,0
-1.8920647,-1.9203106,3
-2.1538851,4.4919147,1
-2.0212522,4.303484,1
-0.8597223,0.58558834,3
-1.9169239,5.2001486,1
2.0629468,1.6215876,0
0.12876146,-1.8654246,5
0.8178379,-3.0543551,6
-3.5073063,-1.2535627,3
0.6679351,5.829295,9
3.4561267,1.5445837,0
-3.2190304,5.954213,7
-1.90928,-0.17721848,3
5.3931985,4.7245765,4
2.0350857,-1.3670889,5
0.72427404,-1.9400635,6
-1.7651863,0.10660621,3
2.7487414,1.0240504,0
-2.0462232,0.23262645,3
-3.2881045,-3.0965376,3
5.652964,5.3978148,4
3.931233,1.46749,0
-2.1013484,5.083618,1
-2.1050518,-2.1480916,5
-1.7237397,3.5134053,1
-0.7016126,-3.1989625,5
-3.30895,-1.3821805,5
-3.6896024,5.8998322,7
0.32383043,-0.7861829,6
-2.7289162,1.4400748,1
3.0040019,1.5427791,0
-2.249643,3.1839833,1
-1.5819794,5.2946205,1
-0.013496084,3.163313,1
1.6751639,0.54589033,0
-2.870949,3.592407,1
0.99254876,-0.5369937,5
-3.031717,5.0852437,1
-4.307073,-0.771506,3
0.27229232,1.166459,0
0.3634664,-0.27844408,6
-2.2633386,1.2004477,2
3.319011,3.6460345,4
0.7853567,-3.0415223,6
-3.1698563,-1.3645874,3
-1.5950315,3.181152,1
2.3455482,4.0217133,9
-1.8578736,-0.69194686,8
-0.30366245,-1.8204734,6
-1.8022255,-0.09870192,8
-2.4309354,4.1831145,1
-2.9412556,6.1083117,7
0.7722404,-3.6173017,6
-3.5550177,0.3136236,8
1.7062325,-2.780785,6
2.796019,-0.56754375,5
1.447262,1.2389034,0
5.805783,5.5624537,4
-2.948529,-3.1663337,3
-1.6973575,3.142887,1
-6.3209233,0.751211,2
1.2112387,-1.871042,6
-0.3578933,0.5479595,3
1.0038905,0.931086,0
-0.9770289,-2.3971763,5
-3.4672725,-1.0660081,3
1.3764808,-0.7658675,6
0.21324843,0.3453163,0
-2.67816,5.593758,7
0.5857957,-2.3346517,6
2.3946173,1.4001276,0
1.0427774,1.5812074,0
5.1182013,3.6759248,4
5.2799835,2.752532,4
-5.732225,0.43202254,2
1.921921,0.5201362,0
2.931458,0.4319214,0
-3.6481693,-3.0424998,3
0.16203053,4.8010125,9
1.9192078,0.3645603,0
3.0894833,4.82786,9
-0.80833304,-2.202318,5
0.92933494,0.6131009,0
-2.596898,1.8709211,2
3.6454854,1.1101346,0
-0.85729027,1.4564351,1
4.198185,3.3181868,4
2.5818539,1.1454864,0
-1.7831465,-0.695909,8
-3.076428,2.9061246,1
-0.48954886,1.1138221,8
-1.8261764,4.020806,1
5.6098137,5.2322335,4
-0.68509316,-2.647734,5
-4.067104,0.9665445,2
1.5882893,-1.3538015,5
-3.0534678,3.4935296,1
-4.727416,0.10091942,2
0.39606118,2.0272045,0
-5.628978,1.1992466,2
-1.547828,-3.5877624,5
-2.9566932,2.5655138,1
-2.9689677,3.9659894,1
3.8232145,2.3337924,4
-0.6691471,3.662476,1
0.93775743,0.20994166,0
3.178068,1.131225,0
5.3243914,4.4707727,4
-2.2997537,2.6827233,8
2.7848942,4.6697006,9
-5.0255914,0.47123206,2
2.273224,1.1956912,0
1.6690747,1.6203809,0
1.3081186,-2.1562626,6
-1.5620408,2.098792,1
-1.8110936,6.1463537,7
5.031313,4.7664757,4
-0.64442325,-0.57754004,3
-3.384146,3.1311803,1
0.7397409,2.0932794,0
-2.5390532,-0.5514665,3
2.9075685,2.008054,0
4.7160454,2.0039368,4
-3.5578396,-2.4552739,3
-3.3216238,1.7708033,2
-2.1922984,2.1180253,1
-1.0053506,-1.153857,1
0.14155728,2.1778316,0
-1.623478,-1.7440133,3
2.2803602,-1.2477497,5
-1.9854021,6.5255713,7
6.921358,5.97845,4
6.133668,3.6763108,4
-3.9022386,-2.6294408,3
-2.1727045,1.2706112,8
0.4535491,-1.6563164,5
-0.89780045,5.1907597,1
-0.7451399,0.6305499,3
0.19330381,-3.0596268,6
-3.419202,-3.0337975,3
6.4804373,5.159245,4
-0.81815165,-0.41395545,6
-4.3539853,-1.4921997,3
-3.0560927,-0.6915705,5
-1.1812369,2.0777295,1
-6.393447,1.2173394,2
-2.5968096,-0.4351568,3
-2.941945,-1.0905086,3
0.89527833,1.9548577,0
-4.737448,-1.1315361,2
-2.7279062,6.5030155,7
-3.4289725,0.91720444,2
2.5492454,-0.58360755,5
-3.9518242,-2.053413,3
-1.4242216,0.2560449,8
-1.2114959,0.7051043,3
-2.273098,3.5040245,1
0.8179996,1.6980392,0
-3.2391312,4.5621853,1
-1.685606,-2.785969,3
-4.8800282,0.18770725,2
0.39929911,0.5623963,0
-3.7926624,1.8161112,2
-3.5260925,5.247445,7
2.6526837,1.3370312,0
-1.7895716,0.3473538,8
-0.9709481,-2.4832788,5
-1.9017107,3.0381353,1
-0.08422259,-2.3918653,6
6.4748583,5.579368,4
1.4498706,1.3790888,0
-0.15214555,4.2193604,9
-0.07814322,-2.6743557,6
-4.397125,-0.52159035,2
2.3501253,5.0658402,9
-4.4154525,1.2806444,2
-0.5953792,-1.7607881,6
-2.1877527,-0.3805106,3
0.20559476,1.6505022,0
-0.22544788,1.1038115,3
-1.7991827,2.4221203,1
-0.31681255,-0.033807382,3
-2.5777414,4.3772607,1
-3.5511007,5.497103,7
-0.7611096,-2.3082623,5
-2.018742,-1.1207433,3
-4.639749,-1.3503438,3
-1.7847172,-3.0366514,5
3.0400312,0.80217683,0
-1.2013001,4.00558,1
-2.9216657,4.2324495,1
-1.2752689,-0.7194638,8
-1.9289131,0.35850507,8
5.059968,3.3180733,4
3.4477127,1.0824646,0
2.5340908,3.4708886,4
-2.110298,6.6143794,7
-3.7677486,-1.101592,3
-4.553104,0.4942953,2
0.49707282,-2.6668205,6
3.388028,0.91257566,0
-1.192575,1.2835001,1
-3.2875018,-2.4503834,3
-2.9057293,0.9631648,2
-2.2147186,6.254532,7
-1.8744472,4.468038,1
-1.2367742,-0.39676967,2
0.67390263,-1.4752926,5
4.070674,3.5065384,4
4.875057,5.1743655,4
2.2927155,0.019444153,0
0.85893434,1.7817578,0
-1.2221023,1.5899594,2
0.67030925,0.09517929,0
-3.5300794,4.776422,1
-5.149306,-0.22309507,2
-1.2083895,0.71120465,8
4.3899174,1.3282285,4
-0.61708766,1.4407251,1
-0.32958442,-3.097415,6
2.2237957,2.0125704,0
0.08553997,-3.6776407,6
0.5818737,-3.349698,6
3.8355083,2.478304,4
-3.163492,3.393802,1
-4.6732545,-1.2245842,3
0.81730026,-1.454372,5
0.31474206,1.3759346,0
-2.4617684,6.625985,7
-1.1902457,-2.3789573,3
-2.8945007,-2.1210334,3
3.923948,2.913207,4
6.601604,5.6216526,4
0.68147093,0.2836221,0
-1.3142952,0.7180344,3
-1.427884,3.578062,1
-1.4939395,1.1648601,3
4.1240993,2.9069836,4
3.0286562,3.979236,4
1.0393302,1.1484853,0
1.4515957,5.017571,9
-2.070382,6.5351377,7
1.4538039,-2.806003,6
-4.2994695,-1.6579272,3
6.179791,5.613168,4
-4.459163,-1.7625648,3
-3.3359604,-1.6204108,3
6.5025873,4.7584457,4
-2.738954,0.6891738,8
-1.3542542,2.8287065,1
-3.088246,1.3034593,2
-5.337756,0.32585993,2
-2.9368856,-2.5675888,5
0.25781563,-0.6092531,5
-3.4809964,-1.8964785,3
-0.72505933,-0.12635456,5
5.836019,4.2481613,4
1.9108595,0.42452762,0
0.07756401,-1.9579581,5
6.4677315,6.102173,4
0.90633595,-3.5205908,6
-1.2320031,-2.0349429,3
1.5060798,0.6474061,0
-2.4648492,0.18386409,2
-2.1554124,3.0467186,1
2.773145,1.2834096,0
-2.6315954,-0.93395454,3
2.2644548,-0.7935208,5
-2.999413,4.882953,1
-1.9434061,4.187049,1
-2.4170213,4.9529047,1
0.31912404,-2.3469455,6
-0.27354553,-2.3268938,5
3.014235,1.4416912,0
3.9464731,2.8691862,4
0.71498066,-1.9182819,6
1.1902752,4.016563,9
-1.9408201,2.3354897,2
4.6176076,1.6492248,4
1.2079991,-2.6395981,6
0.24044198,0.26512688,5
-0.88571763,-1.036641,3
-3.7828827,0.32986397,2
-0.37920022,-1.1425146,6
6.096134,5.489844,4
3.523993,2.9002497,4
2.7081323,3.3943942,0
-2.3125057,0.3043355,8
2.0060282,2.6282418,0
-1.7815101,4.135323,1
-5.020599,-0.41449085,2
-0.097175874,3.9952042,9
-5.2544913,-0.722406,2
-0.049163703,-1.3221103,6
3.6669521,2.9766724,4
-1.7092098,-0.97902864,6
-1.4681938,0.60233104,8
-3.1542578,-1.6977646,3
-3.559513,1.8862792,2
-5.304479,0.9382157,2
0.66153455,-2.6810803,6
4.866562,4.7996907,4
6.268383,4.644918,4
5.874634,3.8122675,4
-4.4161034,-0.42009556,2
-1.8228837,-2.659514,3
2.7247014,2.0740662,0
0.17132707,1.0726749,0
-4.259521,1.6928896,2
2.8784118,0.5580869,0
0.6969222,-1.5725272,5
0.24507803,-3.7953293,6
3.2638192,0.81999123,0
-1.3937362,-1.6553214,6
2.595458,2.9531744,0
5.0468683,4.986206,4
-1.5179039,5.8294377,7
0.7758874,-3.443371,6
5.8950543,4.514325,4
1.2751389,1.1680436,0
-2.0652726,-3.3923879,5
-4.2098637,0.23031196,2
6.3002906,3.9976206,4
3.6880763,2.1706426,0
-4.806844,1.0313278,2
-1.4246677,4.8302484,1
-0.40678635,-1.8277148,5
-0.848389,0.047621593,3
-5.136544,0.8004425,2
-4.5998073,-0.3263448,2
1.7472436,1.7341384,0
-1.9010109,1.1255037,1
0.7892659,1.2138878,0
-2.7719822,2.0921295,1
1.6994609,1.8814132,0
7.0135183,5.8977075,4
0.43354684,-2.5138257,6
1.519606,-1.7253867,5
-3.3292263,1.3607892,2
4.424789,4.376947,4
-0.1254128,-2.748153,6
-2.9561229,0.24229433,8
-3.0299542,2.9142294,1
5.6915565,3.4787772,4
-6.2355103,0.7779265,2
-2.9475713,2.7742295,1
-1.6705672,2.9387224,1
1.7601267,-1.247272,5
-1.1957974,2.8861377,1
-4.094771,-1.6198192,3
-0.8023539,0.012169393,3
-2.3989856,-1.0575236,8
4.802515,3.4253807,4
0.30134186,-1.3642048,6
-2.6105824,4.0683255,1
1.9034969,-1.0522162,5
0.24146579,1.2591963,0
-2.2665315,-1.4634475,3
-4.393175,0.70215416,2
3.522706,1.31955,0
-4.8668966,-0.19045222,2
-3.3267953,-1.7115425,3
-3.219394,3.143838,1
-4.3512173,-0.86066246,2
-3.1609042,2.8581119,1
3.7467198,0.57997096,0
4.2253714,1.7904112,0
-1.9505805,1.2622701,8
2.5775542,1.8233821,0
1.6588448,4.860969,9
-3.340415,2.0252385,2
1.4351345,4.84966,9
1.8786945,5.1183243,9
1.6918079,1.0788803,0
-2.9281306,-1.1180315,3
0.39502996,6.3867936,9
1.3938702,-0.14029537,0
4.236024,2.5551136,4
-1.7855191,-3.9959528,5
1.0791479,-0.72898936,6
-4.5617995,1.5232234,2
3.0082662,0.049164057,0
-3.2169518,2.4921765,1
-0.03753047,-2.9262927,6
2.4284782,0.9213038,0
-4.443495,0.12982371,2
-2.8614066,5.722571,7
1.0389441,-0.7394199,5
-1.6495291,0.5172575,8
-3.449531,1.1212349,2
-2.1221263,3.19391,1
-0.41615325,3.7906096,1
-6.4622154,1.2925525,2
3.6037679,1.4103734,0
0.3873723,4.585096,9
0.47588143,3.2286243,1
-2.908465,4.8314166,1
0.7348555,-1.2433469,5
4.9370193,2.246829,4
1.4604245,-0.31634936,0
-2.0705094,-3.4383378,5
2.4690235,1.947742,0
1.1015565,-0.24105534,0
-2.6322372,6.008304,7
-1.9524814,-3.6731024,5
3.1820626,0.6665101,0
-2.834046,-0.32643288,5
3.3464909,4.012407,4
2.626746,-0.49518764,5
3.263387,3.3892505,4
4.3803654,3.118324,4
-1.8758899,-0.5560594,3
-0.47877812,4.2059116,1
0.86964506,-1.4586766,5
-0.4808168,-1.5022454,5
-1.9631025,-3.347439,5
6.2010093,4.988399,4
-2.6969497,1.4037495,1
-2.0675635,0.15985367,2
-0.6957061,3.9071739,1
-2.027456,-2.6683009,5
-0.22524591,3.4867213,1
2.6881301,3.7903605,4
2.884073,3.7542157,9
-1.6202122,0.12287683,8
0.9770372,-2.1842997,6
-2.6772845,-0.7568072,8
4.753362,1.6133349,4
-0.020546323,3.2222931,1
-4.1592836,1.6229054,2
2.4716265,1.0855399,0
-2.5380933,6.2164073,7
0.64676124,1.0575818,0
-3.2000394,-1.3731589,5
4.8916345,3.4513521,4
4.9000835,2.8520436,4
-1.5569978,-1.9323226,3
-5.5057235,0.7766749,2
3.9395232,2.8858936,4
3.1308763,-0.19373503,5
1.3619434,-2.3155441,6
1.558944,1.4644445,0
2.846757,1.3511225,0
-5.581775,0.1599884,2
-2.0393114,6.44865,7
1.6813438,-0.27264598,5
-2.3069346,-0.74811167,8
-2.2694442,2.694875,1
-1.512192,-4.5295224,5
-2.852931,4.072238,1
4.382772,3.2706673,4
-0.83758056,2.731927,1
4.5693445,3.6274352,4
4.54716,2.5440483,4
-3.002856,1.124291,2
3.4186397,2.784287,4
-1.50105,-0.5224593,8
-2.5363073,0.6591169,3
0.36990172,6.111042,9
-3.7143626,-0.16474786,2
-3.3391252,6.0169644,7
0.21117333,0.92342514,0
0.03069748,-2.9128742,6
0.49615923,5.2511754,9
-2.159859,5.7145743,7
1.1362208,-1.5917494,6
-4.183221,-1.923315,3
1.5081145,-3.026869,6
1.7893411,-2.288669,6
-0.71606886,-2.8388286,5
4.3825355,3.99697,4
-2.494002,3.3423948,1
-4.068711,0.8129729,2
2.1109748,-0.48141104,5
1.0249482,6.1993465,9
-0.22066364,3.130597,1
-3.5506063,-2.2890956,3
6.9549136,6.2972593,4
-2.6217017,-0.09950791,3
-2.3185072,6.5702195,7
1.1114601,-0.37784022,5
0.21506757,-0.9259911,6
-0.6931552,-1.0206887,3
0.083510675,-0.7074451,5
-0.99092364,3.3237386,1
-2.3095355,4.7447124,1
-1.9758804,-0.33099112,8
6.918557,5.215535,4
4.0162663,4.147979,4
-4.478338,1.1673124,2
-0.2964067,0.5133413,3
1.021613,6.435006,9
-2.9014,-1.3292685,3
4.8542895,3.9101412,4
-1.6911856,1.8135775,1
-3.7216055,1.5007007,2
0.991898,1.5526048,0
0.9854768,-0.5806534,5
-0.13985744,-2.5465353,6
2.3480077,1.2820349,0
-0.06774812,3.185682,1
0.8048021,-0.042142153,0
0.10418308,-3.6513715,6
-1.774862,-2.0275147,5
1.3483726,0.2818046,0
-2.2394311,1.8735323,2
-3.4887748,6.3849154,7
-1.863221,1.4606738,3
1.0645548,-1.2654995,5
-6.4542937,0.67150956,2
-0.79300153,1.2696658,8
1.2126288,1.2469932,0
-2.3540804,0.08277997,8
-3.652604,-1.4091024,3
-3.844245,0.62386894,2
1.8636477,1.1028749,0
3.1482742,1.5880158,0
3.4340205,2.2097273,0
1.451986,-3.1554337,6
1.041875,-0.9392633,6
-2.2406473,4.2534523,1
-2.070416,0.3935736,8
-5.071889,1.4854367,2
-3.21612,-2.750201,3
-0.26637426,-3.3323708,6
-2.705884,3.7702193,1
-0.8229851,4.46299,1
-0.011368275,2.2202656,0
0.27991325,-2.5389602,6
0.6624008,-2.668264,5
5.461274,4.755539,4
-1.654203,0.83069456,3
-3.9238794,0.206718,2
0.7543026,0.2541239,0
0.7710317,0.9899268,0
-0.7776655,2.3882937,1
1.441298,-1.027372,5
-3.1360056,5.4513273,7
1.2112828,4.9824266,9
-1.4981638,5.3951735,1
-3.076222,2.4716878,1
-3.8807294,0.06687266,2
0.6518212,2.10596,0
-2.5081375,1.6106445,2
0.8538072,1.7399285,0
1.4449246,4.488978,9
-0.71150243,-2.5154963,5
-0.5271022,-1.0530539,6
-2.3215764,-2.7487502,3
-0.12718248,1.8685459,0
-4.950896,0.2816165,2
3.739957,0.656603,0
-3.760303,2.535243,1
5.008415,3.3293643,4
-2.05174,1.6266605,1
1.0264221,1.3185567,0
-0.474793,-0.25718415,5
-1.1140565,3.9446778,1
-2.3530188,-0.20527673,8
-4.6320415,1.0008783,2
-2.3951962,-2.583073,3
-1.9128219,-0.30994418,8
-1.5136524,-0.69756573,3
6.9138227,6.26151,4
-1.0409536,-1.3220283,3
-4.443666,0.33002582,2
-3.0714324,2.7196927,1
-0.2500908,-2.174215,6
0.16204472,-2.1538093,6
4.7490296,2.3709946,4
1.1898917,6.047291,9
-2.593857,-1.7173629,3
-2.3165004,-3.8756797,5
-6.1535745,0.81821406,2
0.7643719,-4.309061,6
-4.068683,-0.3930579,2
0.61106217,6.1882567,9
-2.9117749,3.164992,1
-1.2543447,3.303078,1
0.7397717,-2.4665198,6
-2.9455273,5.517715,7
-1.8908834,3.3651552,1
-1.4058806,1.7191875,1
0.26166904,-3.6733696,6
-3.432091,-1.9013165,3
0.12424465,1.4489493,0
-3.5660195,-2.3053234,3
1.1596749,-1.7174515,5
-4.428793,-2.0674398,3
-5.85872,0.77013814,2
-1.6540967,1.1871269,8
3.196223,1.250297,0
3.7508435,3.625551,4
-3.1948674,6.359794,7
2.2100937,-0.365159,0
-4.7874045,1.5560098,2
-1.8035431,3.4210386,1
0.1694282,-1.8215864,6
-2.8835504,-1.5208603,3
-4.380345,0.94034994,2
-0.2681522,1.1337792,0
-3.00234,1.460308,2
0.09551216,-1.3433275,5
1.6992427,-1.9456544,6
0.4347412,-1.290325,5
-0.39713505,-1.0691907,3
0.7233054,2.1303105,0
-0.037167598,-2.10531,5
-0.9026151,0.023836782,3
-0.14885414,3.0430102,1
-2.2600214,3.9577096,1
-1.136972,3.7339818,1
-0.6874081,0.60574955,3
-0.17362083,0.47497275,0
-2.894041,-2.999462,3
-1.5314319,2.5532162,1
-4.579558,1.3771666,2
1.2206728,-2.2095318,6
3.6853004,2.6670094,4
-3.0952713,1.6428511,8
-0.7775002,3.678593,1
-5.1538343,0.051251363,2
-2.0659835,0.441742,2
0.9704004,3.2904203,1
-1.8100191,1.9676898,1
-1.6586531,1.174911,3
1.8976318,0.86275053,0
-2.24883,3.641098,1
-1.8457102,1.368606,8
-4.1751056,1.2899132,2
1.5644624,-2.678123,6
-0.34745562,-2.8424451,6
-2.2766361,2.063603,1
4.0715175,3.0767684,4
-1.6591219,5.1113753,1
-4.948253,1.1727747,2
-3.898275,0.33900052,2
2.9572577,-0.4982693,5
6.094794,5.9523454,4
-3.729697,-1.4052124,3
0.2980162,-1.094764,5
-0.309854,0.48221436,3
-2.004604,-3.772012,5
-0.78386843,2.335438,1
-4.6854854,-1.0772753,2
6.3769164,5.821174,4
-2.0603204,0.5777197,8
-3.1043143,-0.19560963,2
1.6757377,5.309725,9
1.82192,0.48800892,0
-2.3557565,3.4704547,1
2.114542,3.567679,9
4.1724124,2.96598,4
-1.2675378,-4.8495507,5
-2.3714075,2.2046611,1
2.4286342,1.3856672,0
-5.5658317,0.35383534,2
-2.687763,0.45534658,5
-2.7402792,1.8390987,1
-2.721396,5.3245726,7
-2.7268605,-0.56232774,3
-2.3218791,2.9213495,1
0.9432976,1.7510319,0
0.71803075,1.6043549,0
3.2705452,2.278905,0
-0.11759876,1.6733435,0
0.79335237,6.5509357,9
-1.1420034,-3.6673121,5
0.23051065,-2.8434813,6
-3.402178,-0.3387848,2
-1.9635211,3.0366137,1
-5.188252,0.41983038,2
1.4879266,2.6771538,0
-3.0312421,0.96849567,2
-1.7229658,2.6930463,1
-4.896938,0.80104876,2
-2.5440135,3.6189675,1
-1.9566509,-0.27045035,8
-1.1465763,-4.138448,5
3.6042202,2.455197,0
-3.6795897,-1.2211201,3
-1.8548965,-2.5398347,3
2.5608573,0.6669729,0
-2.0339983,2.4493966,1
-1.6102428,5.164236,1
2.688838,0.5112268,0
-3.4471884,-1.4057211,3
-0.5807272,-2.964634,6
-5.9329386,0.8898821,2
-2.000867,-2.7784631,3
-0.47340354,2.088313,1
-1.8046583,2.4230819,1
1.3555015,1.2027673,0
4.5723658,3.6687758,4
-3.752616,-1.5485326,3
-1.9227911,-2.6209571,3
-1.890392,-2.4541667,3
-3.0137198,6.155631,7
-3.370798,5.697435,7
