k,X,Y,class
0,8346,6982,2
1,4270,1363,7
2,7784,2672,9
3,1942,6159,0
4,2218,6638,1
5,4291,9747,1
6,8005,8301,2
7,3249,6036,3
8,4216,7232,3
9,7042,8782,6
10,2628,5439,5
11,5717,1718,0
12,1602,7957,0
13,6758,5189,0
14,7593,8781,0
15,2893,1126,4
16,5390,9026,3
17,9436,2668,6
18,8884,1950,0
19,6147,8904,8
20,5935,6389,4
21,7643,995,6
22,2350,4481,2
23,2843,8912,7
24,5045,8428,3
25,5112,7589,2
26,5584,3875,3
27,3106,3881,0
28,8609,2190,0
29,3183,7115,3
30,2353,5440,5
31,7793,6265,1
32,7930,6025,1
33,7371,2673,9
34,6073,6628,8
35,8617,5305,7
36,6763,7345,3
37,7317,8781,0
38,5177,6271,2
39,8278,7342,6
40,5462,10104,3
41,8957,3507,1
42,2966,2923,1
43,6063,2556,4
44,2494,6877,8
45,4830,4955,5
46,5027,1241,1
47,7234,2673,9
48,7788,4109,1
49,9236,5183,8
50,3459,7593,2
51,2619,1606,6
52,3595,6634,1
53,4209,4357,6
54,3874,8311,1
55,3039,4480,2
56,7726,7104,2
57,5787,2078,0
58,2768,6397,3
59,3652,1723,7
60,3461,8072,3
61,5926,2796,4
62,3452,4479,0
63,9102,6861,3
64,7045,9980,4
65,8132,4228,6
66,9093,3028,4
67,2912,9032,7
68,4908,8668,8
69,2972,5318,5
70,7644,1714,1
71,2086,8794,4
72,3379,2682,0
73,3999,2801,1
74,4289,9028,3
75,5393,9984,3
76,7930,5786,1
77,6130,1957,6
78,6135,3873,8
79,7656,6505,6
80,5719,2437,4
81,6817,997,4
82,6972,8423,4
83,9443,5303,8
84,6006,7467,3
85,7647,2911,9
86,1877,7956,6
87,6350,7346,3
88,4962,2798,2
89,6548,3872,2
90,4977,9027,2
91,5791,3754,1
92,7796,7463,8
93,7657,6984,8
94,4008,6633,3
95,4215,6753,2
96,4132,1123,7
97,4070,3878,3
98,5256,10224,1
99,7026,2075,1
100,6414,5310,6
101,9102,6621,2
102,4615,1482,7
103,5525,7588,3
104,4349,5555,6
105,7660,8182,6
106,7646,2432,9
107,3171,2323,1
108,7722,5187,7
109,4147,7352,3
110,8953,2070,4
111,5857,2916,0
112,5859,3395,0
113,7437,1355,0
114,4685,1841,7
115,2554,3163,0
116,3177,4479,3
117,2690,2684,0
118,4684,1601,7
119,9177,9136,5
120,5044,8188,3
121,3170,1605,7
122,7849,1114,6
123,6001,5311,2
124,3176,4240,5
125,6620,5190,0
126,3317,5677,5
127,6827,5309,0
128,8830,8059,6
129,4011,8071,4
130,7512,4110,1
131,6352,8065,1
132,6075,7347,3
133,3396,9869,1
134,8689,6862,2
135,2912,8792,7
136,6354,9023,2
137,7989,2072,4
138,3735,7832,2
139,6005,6988,2
140,6345,5190,5
141,6902,7824,8
142,5234,1360,4
143,4622,4356,6
144,8824,5664,2
145,7306,4230,4
146,9445,6021,2
147,3932,3879,8
148,4485,4596,5
149,7650,4109,7
150,3117,8193,3
151,6893,3991,6
152,7655,6265,1
153,4063,1004,1
154,4550,3278,1
155,3453,4958,5
156,8275,6384,2
157,3042,5917,5
158,4632,8429,3
159,8481,6263,3
160,3182,6875,3
161,3877,9269,1
162,6832,7226,2
163,7177,7824,7
164,8474,3149,5
165,3663,6515,1
166,8626,8898,5
167,5510,1599,4
168,6148,9144,6
169,3385,5317,3
170,3940,7233,3
171,6198,1597,1
172,3876,9029,1
173,4491,7231,3
174,7244,6745,0
175,8953,1830,0
176,8956,3268,0
177,3604,10228,6
178,5250,7828,2
179,4203,1962,1
180,8827,6861,2
181,8270,4228,0
182,2834,5319,4
183,2894,1605,6
184,3601,9270,1
185,8071,7462,3
186,4549,2560,1
187,3102,1964,7
188,5187,10104,1
189,6839,10100,4
190,6759,5669,0
191,9169,6022,3
192,5442,1959,6
193,7043,9022,6
194,2426,7236,2
195,8889,4106,4
196,2009,5560,0
197,7652,4828,1
198,2357,7117,3
199,7781,1474,6
200,3389,6755,1
201,6692,6268,8
202,4552,3757,3
203,2759,2804,4
204,7718,3750,7
205,8269,3988,6
206,5378,3995,6
207,2420,4601,6
208,3724,3280,7
209,1948,8795,4
210,3184,7594,3
211,3531,8910,7
212,6907,9980,4
213,4763,5793,5
214,5870,7947,3
215,1671,8077,0
216,5661,7109,2
217,7458,9979,0
218,7580,3750,7
219,5321,8906,3
220,6560,8903,0
221,5661,6869,2
222,7036,6387,4
223,8350,8659,5
224,1948,9034,4
225,7578,2552,9
226,5925,2317,4
227,4085,10107,2
228,8005,8540,5
229,6969,6986,2
230,7105,6267,4
231,6275,4831,0
232,3381,3641,6
233,3108,4599,2
234,6487,6867,2
235,3865,4478,0
236,7316,8302,4
237,6554,6268,0
238,2698,6038,4
239,3523,5317,5
240,5578,1240,4
241,3460,7833,2
242,9022,1950,0
243,8002,7103,1
244,6962,4351,1
245,5171,3876,0
246,7518,6266,6
247,5719,2677,0
248,5943,9743,6
249,9373,4704,1
250,4758,3877,0
251,4000,3280,1
252,4277,3998,0
253,8962,5903,2
254,6206,4712,0
255,6199,1837,8
256,6205,4233,1
257,8899,7939,5
258,2485,3044,4
259,4629,7231,3
260,9243,8058,6
261,2977,7235,2
262,5235,1839,3
263,5305,2199,4
264,8142,8061,1
265,6819,2195,1
266,7314,7344,2
267,4009,7113,2
268,2287,6518,3
269,5652,3515,3
270,7940,10098,5
271,2145,4841,4
272,5249,7589,2
273,8343,6024,2
274,5590,6031,0
275,3190,10229,6
276,3868,5915,5
277,6898,6387,0
278,6475,2076,5
279,6405,1477,8
280,8480,5784,3
281,5523,7109,3
282,3189,9750,2
283,5922,1359,4
284,8887,3388,0
285,8006,8780,5
286,4698,7350,3
287,4687,3038,2
288,6695,7705,2
289,6887,1835,1
290,5035,4595,5
291,6769,9981,0
292,8687,5903,3
293,6555,6747,2
294,6267,1478,7
295,5096,1361,1
296,8402,2071,6
297,7794,6744,0
298,5175,5553,5
299,2148,6279,0
300,4213,6034,0
301,7238,4589,1
302,3038,4001,0
303,3867,5436,5
304,8211,8180,5
305,3324,8312,3
306,3739,9269,1
307,5801,7827,2
308,8204,5545,3
309,4626,6033,0
310,9452,9136,5
311,5044,7949,0
312,2690,2444,4
313,4079,7711,3
314,7106,6746,8
315,9232,3507,4
316,5788,2557,4
317,6818,1716,6
318,5939,8306,1
319,5861,4353,2
320,6768,9501,0
321,7653,5307,7
322,6763,7106,2
323,8619,6263,4
324,3534,9869,1
325,8069,6504,1
326,2359,8075,3
327,8194,1473,5
328,4012,8310,1
329,5785,1598,4
330,3389,6994,2
331,3384,4838,8
332,9100,5902,3
333,5322,9146,3
334,8691,7580,0
335,9029,5064,3
336,2361,8794,4
337,2562,6517,2
338,5853,999,4
339,2971,4839,3
340,7732,9499,2
341,3669,8671,1
342,3652,1963,7
343,6888,2075,0
344,2563,6996,2
345,2221,7836,0
346,8477,4347,0
347,6823,3632,2
348,5654,3994,3
349,8341,5305,7
350,4280,5435,0
351,6131,2197,5
352,4563,8549,0
353,8820,3987,4
354,8952,1591,6
355,8347,7701,1
356,6219,9982,8
357,6340,3034,9
358,6198,1358,7
359,6209,6149,4
360,5385,6870,3
361,3455,5916,7
362,8201,4348,6
363,2216,5680,0
364,6886,1356,6
365,3172,2803,7
366,6490,8304,8
367,8749,3148,5
368,6764,7825,2
369,5455,7229,2
370,5111,7349,2
371,6624,6867,3
372,3445,1604,7
373,2084,8315,1
374,3044,6636,2
375,9439,3865,3
376,5856,2197,0
377,3533,9390,4
378,5931,4952,5
379,6286,9383,2
380,7999,5905,7
381,1735,6280,0
382,5651,3036,6
383,6679,1237,0
384,6071,5910,4
385,4005,5675,6
386,3947,9868,1
387,5029,1960,6
388,9098,4944,0
389,7868,8780,5
390,3465,9989,0
391,5995,2676,4
392,8058,1952,0
393,4703,9507,1
394,2498,8554,4
395,4139,3998,0
396,3258,9869,0
397,5182,8188,3
398,8483,6982,3
399,8541,2550,6
400,8755,5544,2
401,9104,7340,5
402,2843,8673,1
403,6408,2675,9
404,4149,8071,0
405,3583,1843,7
406,7247,8183,1
407,6067,3993,1
408,4272,2081,3
409,2499,9033,6
410,3324,8552,7
411,2493,6637,2
412,8478,4826,4
413,6076,7826,0
414,6142,6748,2
415,7525,9380,4
416,2907,6876,2
417,6689,5309,0
418,6691,6028,0
419,7094,1955,1
420,6139,5311,3
421,7728,7822,4
422,7037,6626,0
423,6818,1476,6
424,3394,9150,1
425,6133,2915,0
426,9512,5422,8
427,1944,7357,1
428,4979,9745,1
429,6688,4591,4
430,3791,2202,1
431,5105,4954,5
432,5724,4593,6
433,3447,2562,0
434,5372,1360,4
435,7852,2312,9
436,6696,7945,1
437,3516,2682,0
438,7515,5307,7
439,3512,1005,4
440,4900,5553,5
441,7518,6505,0
442,6900,7106,2
443,1533,7837,0
444,7178,8303,4
445,6480,4232,1
446,6278,6029,4
447,5166,1480,1
448,4691,4476,6
449,6495,10221,2
450,2011,6279,0
451,8759,7221,1
452,5255,9984,1
453,8616,4826,4
454,5586,4354,0
455,2078,5680,0
456,2222,8315,1
457,9241,7339,5
458,1947,8315,1
459,6343,4232,1
460,7939,9858,5
461,2288,7237,2
462,4351,6034,0
463,6697,8663,3
464,3251,6755,2
465,2077,5440,5
466,8747,2430,0
467,8065,4827,8
468,2898,3043,2
469,4547,1841,1
470,3243,3641,0
471,5798,6869,2
472,5172,4115,6
473,8965,7101,2
474,2492,5919,5
475,8001,6863,3
476,3597,7353,2
477,6748,1117,4
478,8333,1952,6
479,4484,4357,6
480,4426,8549,4
481,3670,9150,1
482,7375,4110,4
483,3667,7952,3
484,2560,5799,5
485,2626,4481,3
486,9036,7939,5
487,5720,2916,0
488,3244,3880,0
489,8277,7102,3
490,4821,1361,7
491,8620,6742,3
492,8057,1713,6
493,4348,4836,2
494,8900,8658,5
495,9437,2907,0
496,3937,5795,6
497,3723,2801,1
498,6968,6507,0
499,6284,8664,1
500,7993,3510,6
501,6481,4471,3
502,5102,3517,4
503,8060,2671,9
504,8616,5065,4
505,2978,7954,0
506,5037,5313,5
507,6283,8185,3
508,7723,5906,1
509,2703,7715,2
510,3119,9151,7
511,5792,4234,1
512,2696,5080,5
513,6901,7345,2
514,3728,4718,1
515,6009,8665,4
516,5318,7708,2
517,7113,9860,1
518,7864,7103,8
519,2633,7356,2
520,4895,3637,0
521,8557,9018,5
522,5321,8667,4
523,7454,8542,0
524,6892,3752,0
525,5805,9504,3
526,3111,6037,3
527,5047,9146,3
528,3118,8672,7
529,4700,8309,3
530,5788,2796,0
531,3325,9031,7
532,8405,3029,6
533,2838,6996,2
534,2288,6997,3
535,2348,3523,0
536,3871,7113,2
537,5376,3037,0
538,5103,3996,0
539,4430,10226,8
540,8763,8658,5
541,5112,7829,2
542,7650,3870,7
543,7920,1953,4
544,5595,8426,5
545,2150,6997,2
546,3860,2561,3
547,5872,8905,1
548,7505,995,6
549,9300,3147,4
550,2964,1965,1
551,3031,1366,0
552,3789,1723,7
553,6210,6389,0
554,7643,1235,6
555,3599,8311,8
556,3810,10108,6
557,7248,8662,0
558,6408,2915,9
559,7245,7225,3
560,6552,5549,0
561,7372,3152,9
562,8686,5664,2
563,4419,5914,4
564,7098,3392,4
565,9088,1111,5
566,3253,7474,3
567,4546,1601,7
568,6541,998,0
569,2905,5917,5
570,5802,8306,2
571,7173,6147,4
572,3930,2921,7
573,4420,6153,0
574,8061,3150,0
575,9248,10214,5
576,8071,7223,3
577,5799,7348,2
578,7931,6504,1
579,7870,9499,5
580,2425,6757,2
581,3994,1124,4
582,7237,4110,4
583,4700,8069,2
584,8139,6863,3
585,3933,4358,6
586,5100,2798,3
587,3044,6396,3
588,4910,9626,1
589,7385,8422,4
590,2497,8075,3
591,9024,2908,0
592,3382,4120,0
593,6082,10222,5
594,4215,6992,2
595,2556,3882,1
596,7440,2553,9
597,4477,1482,7
598,8892,5304,1
599,4974,7589,2
600,9097,4465,1
601,6406,1956,6
602,2699,6277,1
603,4412,3039,3
604,5794,5192,5
605,4083,9149,3
606,9093,2788,0
607,7998,5426,1
608,3600,8791,1
609,7652,5068,7
610,4427,9268,3
611,7376,4589,1
612,5656,4953,5
613,4136,2561,3
614,6545,2435,9
615,3737,8551,8
616,3454,5197,5
617,8823,5184,4
618,2700,6517,3
619,3169,1365,8
620,8476,4107,6
621,5183,8667,0
622,2490,5439,5
623,9238,6142,2
624,1879,8914,4
625,6410,3633,9
626,5934,5910,4
627,7575,1594,2
628,7389,9859,4
629,5444,2917,0
630,1949,9274,5
631,6631,9502,6
632,8821,4466,4
633,8747,2190,0
634,6755,3992,0
635,7369,1714,1
636,7384,7703,1
637,5598,9385,1
638,6266,1238,1
639,8060,2910,6
640,4824,2559,8
641,3588,3999,5
642,4632,8668,1
643,2963,1486,1
644,3116,7953,2
645,4906,7949,2
646,3738,9030,8
647,4557,5913,0
648,7519,6745,0
649,8140,7582,1
650,3376,1724,7
651,3242,2922,1
652,2687,1486,0
653,8205,6024,2
654,7716,3031,9
655,7516,5547,8
656,4001,3998,0
657,2906,6636,2
658,9031,5783,2
659,6904,8782,6
660,7590,7823,3
661,3321,7114,2
662,8959,4465,4
663,3390,7473,3
664,2691,3163,0
665,5860,3874,1
666,6629,9023,0
667,8344,6264,3
668,4902,6272,6
669,3256,8911,7
670,7309,5188,1
671,8408,4467,0
672,7370,1954,9
673,7453,8062,6
674,4696,6392,4
675,7308,4949,1
676,7933,7223,8
677,4214,6513,8
678,7591,8302,0
679,7448,5906,4
680,7870,9738,5
681,7787,3869,1
682,7248,8422,4
683,2147,5800,6
684,1943,6639,3
685,7854,3031,6
686,2899,3522,1
687,4350,5794,4
688,6821,2914,9
689,3045,7115,2
690,2281,4122,1
691,7440,2792,9
692,6404,1238,7
693,4760,4595,6
694,5796,6150,4
695,2621,2564,6
696,3102,2204,1
697,5665,8785,8
698,2018,9393,5
699,2553,2924,4
700,5581,2437,1
701,6420,7945,1
702,8345,6743,2
703,3457,6635,7
704,4408,1362,7
705,5522,6630,3
706,4761,5075,5
707,7162,1595,1
708,3248,5557,5
709,6896,5189,3
710,6480,3992,2
711,9160,2189,0
712,6280,6987,2
713,9091,2070,0
714,8408,4227,0
715,8754,5304,7
716,4902,6512,1
717,2416,2924,4
718,5660,6629,3
719,3380,3161,7
720,6628,8304,2
721,5734,8666,8
722,6282,7706,0
723,3316,5198,5
724,5441,1480,4
725,5098,2079,4
726,5096,1121,1
727,9230,2788,0
728,5732,7947,3
729,4704,9986,1
730,3444,1125,4
731,6690,5789,6
732,2840,7714,2
733,6961,3632,3
734,6626,7585,2
735,7725,6624,0
736,5665,8546,5
737,5515,3516,0
738,3033,2084,1
739,7109,7944,1
740,2007,4602,0
741,7651,4349,7
742,4417,4956,0
743,4621,4117,0
744,7719,4229,7
745,5922,1119,4
746,8074,8420,5
747,3594,6155,1
748,7994,3989,4
749,6203,3514,4
750,5723,4354,0
751,5924,1838,2
752,5245,5912,0
753,8342,5545,8
754,6007,7946,6
755,6419,7466,2
756,7799,8900,5
757,8762,8419,0
758,8548,5425,8
759,1739,7717,0
760,8893,5544,3
761,6749,1357,0
762,7659,7942,3
763,7304,3272,4
764,5519,5192,5
765,5116,9506,1
766,6012,9863,5
767,7997,5186,1
768,4076,6274,3
769,6625,7106,2
770,5374,2318,4
771,3518,3161,1
772,5105,4714,5
773,8689,6622,1
774,3595,6874,2
775,5600,10103,0
776,5323,9625,8
777,5794,4952,5
778,2635,8314,1
779,6960,3392,9
780,3801,6514,1
781,5928,3515,4
782,4213,6274,0
783,7315,7823,1
784,2356,6877,1
785,7783,1953,4
786,7305,3751,0
787,4360,9867,1
788,8624,8419,5
789,5382,5672,5
790,7092,1236,6
791,3864,3999,0
792,3181,6156,5
793,6284,8425,1
794,7024,1595,2
795,9228,1830,0
796,4904,6991,2
797,4488,5794,4
798,2291,8434,4
799,5254,9505,1
800,4626,6273,4
801,3110,5558,5
802,4558,6393,4
803,4340,1722,7
804,5659,6150,4
805,5515,3755,6
806,5241,3995,6
807,8551,6383,4
808,8957,3747,8
809,6556,7226,3
810,7924,3390,6
811,2911,8553,1
812,8072,7941,3
813,7783,2192,0
814,5938,7587,3
815,7388,9380,4
816,5803,9025,3
817,8761,8179,6
818,6270,2915,9
819,9309,6740,2
820,4150,8550,0
821,8271,4467,0
822,5253,9026,3
823,6077,8305,2
824,6549,4112,1
825,5238,2798,3
826,2087,9273,5
827,8487,8659,5
828,4346,4117,0
829,8753,4586,3
830,4482,3638,8
831,5307,2917,0
832,3390,7234,2
833,4288,8549,0
834,7381,6745,3
835,3726,3999,5
836,5031,2918,3
837,4764,6272,0
838,4415,4237,6
839,5791,3994,1
840,4890,1481,7
841,8542,2790,5
842,7586,6146,1
843,6481,4711,0
844,7029,3272,9
845,8817,2549,0
846,6207,5191,5
847,8483,6742,3
848,3312,3521,2
849,6559,8184,0
850,4016,9987,1
851,5863,5311,2
852,6753,3273,9
853,5516,4234,0
854,1939,4962,4
855,7714,2073,4
856,7368,1475,0
857,3461,8312,8
858,7587,6385,6
859,2980,8672,7
860,5530,9744,1
861,2224,9273,5
862,7174,6386,4
863,5234,1121,1
864,9296,1710,5
865,9029,4825,0
866,9038,8658,5
867,5734,8905,2
868,6286,9143,2
869,5669,10223,0
870,3671,9868,1
871,2837,6517,2
872,5240,3756,0
873,6211,6628,2
874,5372,1599,4
875,3310,2802,1
876,2283,5081,0
877,7662,9140,5
878,4564,8788,1
879,8469,1233,5
880,5383,6151,1
881,5859,3635,9
882,6754,3752,3
883,5857,2676,4
884,7302,2313,9
885,8759,6981,2
886,3386,5797,5
887,4344,3159,1
888,8200,3629,6
889,8545,3987,0
890,4688,3278,7
891,6208,5430,5
892,6684,3153,9
893,9235,4944,1
894,5253,9266,3
895,5511,1839,0
896,2155,8914,4
897,4964,3517,0
898,3874,8071,0
899,8006,9019,5
900,8210,7941,3
901,6007,7707,3
902,8951,1112,5
903,8061,3390,6
904,7299,1116,6
905,3038,4240,1
906,5453,6510,1
907,7454,8302,4
908,2969,4121,1
909,8680,2789,6
910,4001,3759,3
911,2964,2204,4
912,3110,5318,5
913,8694,8778,5
914,8894,6023,3
915,8009,10217,5
916,4823,2319,3
917,7231,1715,1
918,7301,2074,0
919,4692,4715,3
920,9163,3387,4
921,6268,1957,6
922,8134,4947,8
923,3050,9031,7
924,7110,8662,4
925,8139,7103,0
926,4280,5195,4
927,8347,7461,4
928,4893,2439,1
929,9159,1950,0
930,8410,5185,8
931,7165,2793,9
932,4979,9506,1
933,8816,2310,0
934,4893,2679,8
935,3934,4597,6
936,8960,4705,3
937,6494,9981,2
938,6683,2674,9
939,3735,7592,2
940,5509,1120,4
941,3459,7354,2
942,7104,5788,4
943,6202,3274,9
944,7458,10218,0
945,6148,9383,6
946,4559,6632,3
947,4072,4597,6
948,6680,1476,0
949,7095,2434,9
950,6476,2315,2
951,8964,6382,2
952,3391,7713,2
953,2974,6277,3
954,4971,6392,3
955,9301,3626,1
956,5925,2556,4
957,7712,1115,6
958,6128,999,7
959,9244,8298,5
960,8418,8300,5
961,4757,3398,1
962,3809,9868,1
963,3931,3160,7
964,6752,2794,9
965,7231,1475,4
966,4481,3159,1
967,5113,8068,2
968,4134,2082,3
969,6417,6508,0
970,7449,6386,0
971,3935,4837,0
972,5858,3155,6
973,6282,7466,2
974,6002,5790,0
975,8212,8899,5
976,8892,5065,4
977,4978,9266,8
978,4636,10106,1
979,5028,1720,7
980,7792,5786,1
981,6411,4112,1
982,2009,5800,6
983,4079,7472,5
984,2551,1966,4
985,7371,2433,9
986,2966,2683,1
987,5254,9745,1
988,6970,7465,8
989,7576,2073,1
990,7238,4350,2
991,5166,1720,1
992,9237,5423,8
993,5792,4473,3
994,1601,7717,0
995,5657,5432,3
996,9247,9495,5
997,9023,2669,6
998,4764,6033,5
999,8416,7581,4
1000,9240,6621,2
1001,3175,4000,0
1002,7446,4948,7
1003,7438,1594,1
1004,9298,2189,0
1005,2705,8673,4
1006,5380,4714,5
1007,5446,3396,0
1008,8003,7822,4
1009,5458,8427,3
1010,9037,8178,5
1011,6348,6628,2
1012,3943,8191,0
1013,6489,7825,1
1014,5726,5551,0
1015,2551,2205,4
1016,7510,3151,9
1017,8757,6263,1
1018,2841,8193,3
1019,5512,2318,1
1020,9161,2429,0
1021,8548,5185,1
1022,4274,3039,1
1023,7235,3392,4
1024,4010,7352,2
1025,6833,7705,2
1026,2425,6997,3
1027,4065,1962,1
1028,7095,2194,9
1029,5379,4235,0
1030,5924,2077,6
1031,8473,2909,5
1032,7713,1833,4
1033,7801,9619,0
1034,8484,7222,3
1035,3872,7352,2
1036,3319,6635,8
1037,3035,3042,8
1038,6272,3394,4
1039,6133,3155,9
1040,7099,3871,0
1041,8412,6144,0
1042,3315,4958,8
1043,8608,1711,6
1044,4683,1362,7
1045,2845,9870,0
1046,4751,1002,7
1047,6273,3873,8
1048,4279,4716,0
1049,8068,6025,8
1050,8404,2790,5
1051,2076,4722,4
1052,9313,8417,5
1053,3871,6873,2
1054,7851,1833,4
1055,6896,5429,0
1056,7590,7583,3
1057,4830,5194,5
1058,8692,8059,3
1059,6474,1597,0
1060,5245,5672,5
1061,6200,2316,2
1062,3804,7712,3
1063,7303,2793,9
1064,6417,6747,2
1065,2215,5200,8
1066,4565,9267,3
1067,8279,8060,5
1068,4839,8788,1
1069,4275,3279,1
1070,4624,5075,8
1071,3450,3521,1
1072,7176,7344,2
1073,4836,7350,2
1074,8133,4707,0
1075,4766,6991,3
1076,5248,7110,3
1077,6136,4113,1
1078,4629,7470,2
1079,6062,2077,5
1080,8350,8899,5
1081,4484,4117,6
1082,2637,9032,3
1083,8750,3627,6
1084,2496,7595,3
1085,6687,4351,0
1086,8208,6983,3
1087,6422,8424,8
1088,5647,1359,4
1089,7164,2314,9
1090,6617,3752,2
1091,7853,2791,9
1092,4285,7351,3
1093,7513,4349,7
1094,4205,2680,3
1095,3740,9748,7
1096,2838,6756,2
1097,3246,4839,8
1098,7164,2553,9
1099,5453,6271,1
1100,4683,1122,7
1101,7180,8782,6
1102,2500,9512,0
1103,4281,5675,4
1104,3253,7713,2
1105,6349,6867,2
1106,2570,9871,6
1107,8268,3269,6
1108,3037,3522,2
1109,8337,3389,6
1110,2563,6757,8
1111,7581,3990,7
1112,3376,1485,7
1113,8132,3988,0
1114,3239,1724,7
1115,5865,6030,4
1116,7030,3991,0
1117,2829,2923,0
1118,3861,2801,1
1119,7658,7224,2
1120,2431,9392,0
1121,4829,4475,6
1122,3107,4120,3
1123,4703,9267,2
1124,7791,5307,7
1125,6283,7946,1
1126,2285,6039,6
1127,4478,1721,7
1128,3723,2562,3
1129,5113,8308,2
1130,3454,5437,5
1131,3462,8791,7
1132,5658,5671,5
1133,4624,5314,6
1134,9099,5423,3
1135,4909,9147,3
1136,7318,9261,0
1137,2831,4121,8
1138,4216,7471,2
1139,2777,9990,6
1140,6614,2794,9
1141,4413,3279,1
1142,7730,8780,5
1143,3457,6395,1
1144,8336,3149,6
1145,5108,6152,8
1146,2976,6756,2
1147,6750,2075,0
1148,9368,2788,0
1149,6062,2316,0
1150,7795,7223,8
1151,2568,8913,3
1152,9246,9256,5
1153,7658,7463,2
1154,4342,2680,2
1155,5314,6031,0
1156,9021,1710,0
1157,8199,3150,6
1158,8135,5426,1
1159,4273,2321,2
1160,6061,1598,1
1161,8618,5784,3
1162,6765,8064,2
1163,3603,9988,6
1164,6563,10101,2
1165,9314,8896,0
1166,6065,3514,4
1167,8413,6383,1
1168,2776,9751,0
1169,7575,1355,6
1170,6130,1717,8
1171,2768,6157,5
1172,8063,4108,0
1173,5651,2797,2
1174,4497,9627,1
1175,5443,2438,1
1176,8470,1712,6
1177,8278,7581,4
1178,5238,3037,6
1179,6970,7704,1
1180,7167,3512,4
1181,6348,6388,0
1182,5860,4114,1
1183,8420,9258,5
1184,7521,7463,2
1185,8955,2789,2
1186,7175,6865,0
1187,7527,10099,0
1188,9371,4225,6
1189,5789,3275,0
1190,5784,1119,4
1191,3463,9030,7
1192,4897,4116,6
1193,5923,1598,1
1194,2757,1606,6
1195,9442,4824,2
1196,7023,1116,0
1197,9233,3986,1
1198,7168,3991,0
1199,6611,1596,3
1200,3104,2923,1
1201,4628,6991,2
1202,4620,3638,3
1203,3857,1364,1
1204,2845,9631,0
1205,4151,9029,3
1206,3865,4717,1
1207,8196,2191,5
1208,4904,7230,3
1209,5583,3396,0
1210,6207,4951,0
1211,4618,2679,3
1212,4211,5076,4
1213,7096,2673,9
1214,4693,5434,6
1215,7717,3271,9
1216,4482,3398,3
1217,7169,4470,2
1218,4694,5674,5
1219,3239,1964,7
1220,7657,6744,0
1221,1670,7597,4
1222,4078,7232,3
1223,6483,5430,0
1224,8825,5903,2
1225,6477,3034,9
1226,3182,6635,8
1227,3464,9510,4
1228,8685,5185,4
1229,9303,4584,0
1230,6837,9621,6
1231,2766,5678,5
1232,3803,7233,1
1233,2762,3762,1
1234,7100,4350,2
1235,5795,5431,0
1236,3721,2083,7
1237,5802,8546,0
1238,2766,5439,5
1239,2488,4481,2
1240,4966,4236,6
1241,7582,4229,8
1242,2827,2205,4
1243,7237,3871,0
1244,5388,8067,8
1245,2569,9631,0
1246,7457,9739,4
1247,6545,2675,9
1248,8340,4587,4
1249,1602,8196,1
1250,5583,3156,6
1251,2484,2804,4
1252,8415,7341,4
1253,3929,2681,1
1254,5592,6989,3
1255,8067,5546,8
1256,4134,1842,7
1257,8072,7702,8
1258,4968,5194,5
1259,4276,3519,1
1260,4085,9867,1
1261,2833,4840,5
1262,3257,9151,7
1263,4210,4836,0
1264,4004,4957,0
1265,6213,7586,0
1266,7377,5068,1
1267,3731,6155,1
1268,7368,1235,6
1269,4753,1481,7
1270,4080,8190,1
1271,3592,5676,5
1272,8544,3508,6
1273,3947,10107,2
1274,5874,9863,6
1275,8966,7340,3
1276,6966,6027,6
1277,9382,8776,0
1278,2080,6399,6
1279,6409,3394,9
1280,8758,6742,3
1281,5118,10224,1
1282,5936,6868,2
1283,6751,2315,9
1284,2898,3282,3
1285,6954,997,4
1286,4064,1243,1
1287,5252,8786,0
1288,2762,4001,8
1289,2495,7356,2
1290,3249,5797,5
1291,4011,7831,2
1292,4827,3757,6
1293,7596,10218,0
1294,8621,7221,1
1295,7526,9859,4
1296,7250,9381,4
1297,4980,10225,7
1298,2689,2205,4
1299,2979,8193,8
1300,3120,9630,1
1301,4343,2920,2
1302,8621,6982,1
1303,3326,9270,4
1304,5303,1240,4
1305,4003,4717,0
1306,2147,5560,0
1307,2629,5918,5
1308,2971,5079,5
1309,6288,10102,3
1310,6268,1717,6
1311,3788,1244,4
1312,8831,8538,5
1313,5179,6990,3
1314,3173,3042,1
1315,2561,6278,1
1316,6211,6868,2
1317,1671,8316,1
1318,2830,3642,1
1319,2765,4960,2
1320,3115,7474,2
1321,6542,1477,8
1322,9025,3148,4
1323,5579,1719,4
1324,8273,5425,1
1325,2697,5559,5
1326,8056,1234,5
1327,6552,5310,0
1328,3107,4360,3
1329,5869,7707,3
1330,5854,1479,4
1331,2151,7476,3
1332,5099,2558,1
1333,7991,2791,9
1334,1940,5680,5
1335,4422,7112,2
1336,3109,4839,1
1337,2833,4600,2
1338,5659,6390,0
1339,6080,9503,0
1340,8143,8540,6
1341,6405,1717,0
1342,3732,6634,8
1343,3926,1244,4
1344,9096,4226,4
1345,3519,3880,0
1346,5181,7948,2
1347,9438,3147,4
1348,8961,5184,2
1349,1464,7957,5
1350,5168,2678,2
1351,2080,6638,0
1352,4894,2918,3
1353,6550,4831,0
1354,2707,9392,0
1355,7240,5308,1
1356,3523,5557,5
1357,9168,5543,8
1358,7183,10219,4
1359,4217,7711,2
1360,6620,4950,0
1361,3653,2442,3
1362,7935,8181,5
1363,8486,8180,5
1364,3184,7354,2
1365,8955,3028,0
1366,2293,9153,0
1367,4617,2440,3
1368,8613,3867,6
1369,3802,6754,3
1370,7373,3391,4
1371,2836,5798,5
1372,4498,10106,0
1373,5164,1001,6
1374,6958,2674,9
1375,6003,6030,4
1376,9172,7220,5
1377,7450,6865,3
1378,7718,3510,1
1379,2824,1246,4
1380,8540,2071,0
1381,7045,10219,4
1382,3596,7114,2
1383,7712,1354,6
1384,3517,2922,1
1385,4690,4236,6
1386,7378,5308,1
1387,2082,7117,2
1388,6269,2436,6
1389,6901,7585,2
1390,4423,7591,2
1391,4907,8428,3
1392,6616,3273,9
1393,8961,5424,2
1394,2980,8433,8
1395,6068,4472,2
1396,6010,9144,2
1397,7661,8421,0
1398,3724,3041,7
1399,8339,4347,0
1400,7995,4228,0
1401,3378,2203,7
1402,5649,2078,0
1403,3591,4958,5
1404,2224,9033,0
1405,7936,8421,1
1406,6201,2795,5
1407,6336,1358,7
1408,6409,3154,9
1409,7855,3510,6
1410,5387,7828,2
1411,7173,5907,4
1412,2007,4842,4
1413,3946,9389,7
1414,8814,1591,6
1415,6341,3753,3
1416,3188,9031,7
1417,3114,7235,2
1418,3798,5077,1
1419,6477,2795,9
1420,5524,7348,3
1421,7171,5428,3
1422,6204,3753,3
1423,5522,6390,1
1424,7299,1355,0
1425,3602,9509,1
1426,7733,9978,0
1427,1939,5201,6
1428,2689,1965,4
1429,2283,4841,4
1430,4759,4116,0
1431,9100,5663,1
1432,4278,4477,2
1433,6076,8066,3
1434,4143,5435,4
1435,2973,5798,5
1436,5930,4473,0
1437,9167,5303,2
1438,5588,5312,5
1439,4841,9506,1
1440,7797,7942,6
1441,8009,9978,5
1442,4563,8309,3
1443,2363,9512,0
1444,5529,9265,3
1445,2355,6158,3
1446,6340,3274,9
1447,4635,9626,1
1448,4768,7949,3
1449,7856,3989,4
1450,1739,7957,0
1451,6613,2315,9
1452,3593,5916,1
1453,7932,6983,2
1454,9228,2069,0
1455,4697,6871,2
1456,2707,9631,0
1457,6132,2676,0
1458,6150,9862,1
1459,8543,3269,6
1460,2292,8913,4
1461,3728,4957,5
1462,2842,8433,1
1463,5252,8547,0
1464,3327,9749,1
1465,7781,1234,6
1466,7862,6145,1
1467,7794,6505,3
1468,4211,5315,4
1469,5717,1958,6
1470,2149,6758,0
1471,3190,9989,0
1472,2012,6998,2
1473,7443,3750,3
1474,8822,4945,4
1475,5521,6151,0
1476,6343,4472,2
1477,1804,6399,0
1478,7386,8662,6
1479,8485,7701,1
1480,3513,1245,4
1481,9307,6022,2
1482,3037,3761,0
1483,4480,2440,2
1484,5927,3035,6
1485,9370,3746,1
1486,9441,4344,0
1487,6205,4472,8
1488,6690,5549,0
1489,5458,8666,0
1490,3732,6395,1
1491,3322,7593,2
1492,3928,2202,2
1493,7169,4230,4
1494,7722,5427,7
1495,9376,6141,2
1496,4625,5794,0
1497,2017,8914,4
1498,7386,8901,4
1499,3721,1843,7
1500,5048,9625,1
1501,4762,5554,5
1502,4082,8909,0
1503,5737,9863,6
1504,2975,6516,2
1505,7924,3630,6
1506,2152,7956,0
1507,5594,7708,5
1508,6351,7826,0
1509,3052,9990,0
1510,3864,4238,0
1511,3588,3760,6
1512,4346,4357,6
1513,3244,4120,0
1514,7310,5667,4
1515,3532,9150,7
1516,8136,5665,1
1517,5304,1959,6
1518,9095,3986,1
1519,8346,7222,3
1520,9179,10095,5
1521,7163,2074,2
1522,9303,4345,0
1523,7456,9021,4
1524,5864,5791,0
1525,5241,4235,0
1526,2491,5679,5
1527,1943,6878,3
1528,2550,1726,0
1529,6823,3872,0
1530,4837,8069,2
1531,7455,8781,4
1532,6822,3153,9
1533,2086,9034,4
1534,2693,3882,1
1535,7034,5668,0
1536,4428,9747,1
1537,6347,6149,4
1538,3180,5917,3
1539,9377,6381,2
1540,7937,8660,5
1541,6903,8064,8
1542,8749,2909,5
1543,2701,7236,2
1544,3307,1604,7
1545,5041,6990,2
1546,6478,3513,9
1547,2414,2445,5
1548,7999,6145,2
1549,6825,4351,0
1550,7113,9620,0
1551,9450,8417,6
1552,8612,3149,6
1553,5716,1239,4
1554,3168,1126,4
1555,4828,4236,6
1556,4201,1243,7
1557,4625,5554,6
1558,8273,5665,2
1559,3792,2681,1
1560,3449,3281,7
1561,5451,5552,5
1562,4413,3518,3
1563,3866,4957,5
1564,4064,1483,7
1565,8070,6743,3
1566,4552,3997,0
1567,4287,8070,0
1568,4908,8907,8
1569,3387,6036,2
1570,4206,3159,7
1571,8488,8898,5
1572,9382,8537,6
1573,4755,2679,3
1574,6631,9741,5
1575,7170,4709,1
1576,4631,7950,2
1577,6955,1476,6
1578,4421,6632,8
1579,4911,10105,7
1580,6218,9503,6
1581,5455,7468,8
1582,5933,5671,0
1583,7232,2194,1
1584,3659,4598,0
1585,2485,3283,6
1586,6834,8184,3
1587,2844,9391,0
1588,3328,10229,0
1589,5868,7228,2
1590,8760,7460,3
1591,7439,2313,9
1592,7790,4828,1
1593,5381,5193,5
1594,4702,9027,8
1595,9027,4345,4
1596,8550,6143,3
1597,7729,8062,6
1598,8895,6502,2
1599,7232,1954,2
1600,5992,1478,1
1601,5167,1959,6
1602,2156,9393,5
1603,8551,6622,0
1604,5797,6390,4
1605,7588,6864,0
1606,2348,3284,5
1607,5378,3755,0
1608,5174,4834,5
1609,2553,2684,0
1610,5107,5912,0
1611,6492,9263,5
1612,7239,4829,1
1613,8677,1831,0
1614,2756,1366,4
1615,7036,6147,4
1616,7649,3630,1
1617,8128,2311,5
1618,6632,9981,0
1619,6824,4111,3
1620,9438,3386,4
1621,4839,8548,3
1622,6959,3153,9
1623,2903,5199,5
1624,3800,6035,1
1625,4008,6873,2
1626,8129,2791,5
1627,3448,3041,7
1628,8064,4587,3
1629,8063,3869,0
1630,3308,2084,7
1631,3042,5678,5
1632,3394,8911,7
1633,6494,9742,2
1634,8196,1952,5
1635,8472,2191,2
1636,5117,9985,1
1637,4771,9147,3
1638,5997,3634,0
1639,7318,9021,5
1640,6201,2556,6
1641,4960,1840,1
1642,5036,4834,5
1643,2282,4601,6
1644,4834,6631,1
1645,4686,2320,3
1646,5440,1240,4
1647,2692,3403,0
1648,6629,8783,0
1649,3049,8552,1
1650,7928,5067,7
1651,2840,7475,2
1652,6557,7705,3
1653,5582,2917,8
1654,5176,5792,6
1655,7027,2793,9
1656,5114,8547,6
1657,7526,9619,4
1658,6415,5789,0
1659,3455,5677,3
1660,5371,1120,4
1661,6623,6148,0
1662,2620,2085,4
1663,3255,8432,1
1664,8276,6623,1
1665,4220,8909,6
1666,4071,4358,0
1667,3667,8191,1
1668,9304,4824,1
1669,8965,6861,2
1670,7316,8063,8
1671,7509,2672,9
1672,4496,9387,3
1673,5527,8786,0
1674,2700,6756,2
1675,8818,3268,0
1676,6627,7825,1
1677,6416,6268,4
1678,8265,2311,5
1679,4426,8789,1
1680,8752,4107,4
1681,5871,8665,0
1682,4073,5076,4
1683,5375,2558,1
1684,9370,3506,4
1685,7648,3151,9
1686,4693,5194,5
1687,4148,7591,2
1688,4202,1483,7
1689,3798,5316,5
1690,5806,10223,0
1691,5590,6270,0
1692,2825,1486,0
1693,3737,8311,8
1694,7099,4111,0
1695,3730,5436,5
1696,7789,4588,1
1697,8348,7941,3
1698,3802,6993,2
1699,6279,6269,4
1700,8333,1712,5
1701,3658,4359,0
1702,8545,4227,0
1703,3174,3521,2
1704,4080,7951,3
1705,3926,1483,7
1706,8279,7821,3
1707,2155,9153,5
1708,7583,4708,7
1709,6336,1597,1
1710,2973,5558,5
1711,2637,9272,0
1712,5243,5193,5
1713,6820,2434,9
1714,2963,1725,1
1715,3046,7355,2
1716,7720,4468,7
1717,4218,8190,3
1718,3039,4719,2
1719,5654,4234,0
1720,8746,1951,0
1721,7921,2192,0
1722,3032,1845,7
1723,8409,4946,4
1724,6416,6029,4
1725,3238,1245,3
1726,9381,8058,6
1727,3879,10227,6
1728,8269,3748,6
1729,7589,7104,2
1730,3513,1484,7
1731,4290,9508,1
1732,8479,5305,7
1733,6145,7946,3
1734,6904,8543,1
1735,6821,2674,9
1736,6070,5431,0
1737,3935,5077,0
1738,5937,7347,3
1739,5998,4113,1
1740,8201,4108,6
1741,3943,8430,1
1742,3464,9270,1
1743,6700,9861,6
1744,7727,7343,8
1745,6069,5191,5
1746,3258,9630,4
1747,5389,8547,0
1748,8484,7461,4
1749,5862,4593,0
1750,5099,2319,4
1751,2493,6398,2
1752,5593,7229,2
1753,8266,2551,5
1754,5735,9384,0
1755,6965,5309,3
1756,4082,8670,0
1757,7179,8542,4
1758,8335,2670,5
1759,6008,8425,0
1760,6491,8544,8
1761,3111,5797,8
1762,5392,9744,1
1763,9020,1231,5
1764,3379,2922,1
1765,7925,3869,0
1766,5650,2557,8
1767,3114,6995,2
1768,6696,8184,2
1769,5584,3635,0
1770,9241,7100,5
1771,2908,7115,2
1772,4007,6154,6
1773,5376,3276,4
1774,2622,2804,4
1775,3378,2443,1
1776,4769,8428,3
1777,8820,3747,6
1778,8195,1712,5
1779,1807,7597,0
1780,3533,9629,4
1781,5379,4474,4
1782,8131,3749,6
1783,5997,3874,2
1784,5733,8186,8
1785,7939,9618,5
1786,5990,999,1
1787,3186,8312,3
1788,6897,5908,6
1789,4757,3158,1
1790,3116,7714,3
1791,6975,9381,0
1792,5324,10104,3
1793,4083,9388,1
1794,8475,3628,6
1795,7252,10099,4
1796,8889,3867,4
1797,2492,6158,1
1798,5874,9623,6
1799,6004,6748,2
1800,6137,4832,0
1801,5579,1479,4
1802,2772,7834,2
1803,2913,9511,0
1804,4755,2439,3
1805,5587,4833,5
1806,7596,9979,0
1807,4614,1242,7
1808,6270,2675,6
1809,8207,6504,2
1810,4081,8430,3
1811,5318,7469,2
1812,6065,3275,9
1813,4972,6631,1
1814,8613,3628,0
1815,8271,4707,4
1816,9378,6860,2
1817,2420,4841,0
1818,3326,9510,4
1819,5715,1000,4
1820,8968,8298,5
1821,6556,6987,2
1822,9372,4464,4
1823,4687,2799,2
1824,6144,7467,3
1825,8280,8300,3
1826,6616,3513,2
1827,5589,5791,6
1828,6819,1955,0
1829,3256,8672,7
1830,7730,8541,6
1831,6355,9502,2
1832,5461,9624,1
1833,2902,4720,3
1834,7645,2193,1
1835,7510,2912,9
1836,5806,9983,6
1837,3733,6874,2
1838,6488,7346,2
1839,9025,3387,4
1840,4966,4475,5
1841,7382,6985,3
1842,2219,7117,2
1843,5110,6870,8
1844,3113,6755,2
1845,6890,3033,9
1846,7447,5427,1
1847,2830,3402,2
1848,3170,1844,7
1849,7931,6265,3
1850,5180,7469,2
1851,7103,5548,3
1852,9374,5423,3
1853,5647,1120,4
1854,3387,6276,1
1855,6335,1118,1
1856,8746,1711,0
1857,6760,6148,0
1858,9174,8178,4
1859,7379,6026,4
1860,7995,4468,3
1861,2349,3763,0
1862,5786,1838,2
1863,3928,1962,1
1864,7381,6506,4
1865,4832,5673,5
1866,4492,7710,2
1867,4290,9268,3
1868,3518,3401,1
1869,7030,3751,0
1870,8059,2192,0
1871,6140,6029,4
1872,7452,7583,3
1873,5316,6750,3
1874,5171,3636,4
1875,3656,3640,5
1876,2775,9032,1
1877,5649,2317,0
1878,5737,10103,6
1879,4416,4716,5
1880,4618,2919,2
1881,6976,9860,0
1882,6287,9862,2
1883,6685,3633,2
1884,2360,8554,4
1885,8340,4826,4
1886,7041,8303,4
1887,3601,9030,1
1888,2079,6159,0
1889,3172,2563,3
1890,6627,8064,0
1891,2776,9511,4
1892,2564,7475,3
1893,7595,9739,4
1894,3862,3280,7
1895,7321,10219,4
1896,5450,5312,5
1897,4768,7710,2
1898,7387,9141,0
1899,8896,6981,2
1900,4419,5674,4
1901,2824,1007,4
1902,3250,6516,1
1903,4560,7111,2
1904,3669,8910,1
1905,5444,2677,1
1906,5236,2079,4
1907,7723,5666,8
1908,3043,6157,3
1909,5109,6391,8
1910,5251,8307,0
1911,4826,3517,8
1912,5867,6988,2
1913,3651,1244,4
1914,3653,2203,7
1915,7787,3630,8
1916,6828,5549,0
1917,3242,3162,7
1918,5928,3754,1
1919,6349,7107,2
1920,7106,6985,1
1921,7310,5907,4
1922,5728,6270,4
1923,5393,10224,1
1924,5868,7467,3
1925,7918,994,5
1926,7798,8181,5
1927,9090,1590,6
1928,2558,4840,2
1929,4072,4837,0
1930,4356,8429,0
1931,1808,7837,5
1932,7654,5786,8
1933,5512,2557,1
1934,4833,6392,0
1935,2970,4360,2
1936,8411,5425,8
1937,5043,7709,2
1938,2765,5199,5
1939,3451,4000,0
1940,7163,1835,1
1941,2902,4959,3
1942,8886,2908,6
1943,5996,3155,9
1944,4898,4595,6
1945,7923,3150,6
1946,4970,6152,3
1947,7180,9021,6
1948,4758,3637,3
1949,6214,7826,0
1950,5028,1481,1
1951,5939,8066,3
1952,1941,5920,0
1953,6766,8543,1
1954,5652,3276,6
1955,9171,6741,2
1956,7307,4709,8
1957,2352,4961,4
1958,5873,9144,2
1959,8264,1592,5
1960,4067,2681,3
1961,5785,1359,4
1962,4270,1123,7
1963,6078,8784,0
1964,5526,8307,6
1965,2771,7595,2
1966,3727,4478,0
1967,5459,8906,3
1968,6907,9741,6
1969,5317,7229,3
1970,7585,5427,7
1971,4556,5674,0
1972,5513,2797,0
1973,4486,5315,0
1974,7655,6026,1
1975,8887,3148,0
1976,3805,8191,0
1977,7027,2554,9
1978,4208,4118,0
1979,4135,2321,3
1980,6542,1237,1
1981,5727,6030,4
1982,6078,8545,4
1983,7578,2792,9
1984,6898,6147,6
1985,6066,3754,2
1986,6000,5072,5
1987,5109,6631,1
1988,3383,4359,1
1989,8206,6264,3
1990,6617,3992,2
1991,5033,3397,4
1992,6275,4592,3
1993,3878,9988,1
1994,3036,3282,2
1995,4489,6273,4
1996,8897,7221,2
1997,5944,10222,5
1998,1873,6279,0
1999,7242,6027,4
2000,2835,5558,6
2001,9317,10094,5
2002,6216,8784,2
2003,4766,7231,3
2004,2432,9632,0
2005,6837,9382,0
2006,4554,4716,5
2007,6060,1358,1
2008,2702,7475,8
2009,5374,2079,0
2010,9030,5543,3
2011,2834,5079,5
2012,2431,9153,6
2013,9034,6981,2
2014,6889,2554,9
2015,4901,5793,6
2016,6423,8903,8
2017,6143,7227,8
2018,8210,7701,8
2019,3671,9629,7
2020,5042,7469,2
2021,3447,2323,1
2022,3799,5556,5
2023,5303,1480,4
2024,3031,1126,4
2025,4838,8308,3
2026,8202,4587,0
2027,3377,1964,7
2028,3465,9749,1
2029,7507,1954,1
2030,4965,3756,0
2031,4277,4237,0
2032,6957,1955,0
2033,6698,8903,0
2034,8617,5544,8
2035,2014,7716,3
2036,7926,4348,1
2037,8678,2071,0
2038,5186,9865,1
2039,8265,2072,5
2040,6489,8065,0
2041,6830,6507,3
2042,2350,4242,2
2043,4014,9029,8
2044,7782,1713,0
2045,7802,9858,0
2046,6219,10221,5
2047,8954,2309,4
2048,5173,4355,0
2049,5249,7349,2
2050,9452,8896,0
2051,4074,5555,0
2052,3250,6276,5
2053,4084,9628,7
2054,4348,5076,4
2055,6412,4591,8
2056,6623,6388,0
2057,6562,9382,6
2058,6281,7227,3
2059,6833,7944,8
2060,3393,8671,7
2061,4066,2441,3
2062,4547,2081,1
2063,7451,7344,2
2064,8679,2550,0
2065,5306,2678,1
2066,8690,7101,8
2067,7726,6864,0
2068,2910,8313,8
2069,4633,9147,2
2070,7031,4470,1
2071,6081,9743,2
2072,3585,2802,1
2073,4428,9507,3
2074,3451,4239,0
2075,4752,1242,8
2076,9169,5783,1
2077,2909,7594,2
2078,8693,8539,5
2079,3178,5198,3
2080,4151,8789,6
2081,3584,2322,1
2082,7444,4230,1
2083,3462,8551,7
2084,5994,2436,4
2085,5941,9024,1
2086,3104,3162,1
2087,3672,10108,6
2088,7850,1354,6
2089,9378,7100,5
2090,2287,6757,2
2091,4274,2800,2
2092,5733,8426,5
2093,3395,9390,4
2094,4284,6872,8
2095,6215,8545,1
2096,4630,7710,3
2097,7734,10218,0
2098,5315,6511,1
2099,7041,8543,4
2100,7380,6266,0
2101,1533,8077,0
2102,2632,7116,2
2103,1880,9154,5
2104,4136,2800,1
2105,7447,5667,4
2106,3240,2204,7
2107,4420,6393,4
2108,5185,9386,2
2109,8008,9738,5
2110,5454,6750,3
2111,4358,9148,2
2112,1532,7598,5
2113,5306,2438,4
2114,6897,5668,6
2115,7579,3271,9
2116,2557,4361,2
2117,8203,5066,1
2118,7441,3032,9
2119,3806,8431,1
2120,5173,4594,5
2121,5448,4354,4
2122,6346,5670,6
2123,7857,4229,1
2124,3527,6994,3
2125,7025,1835,2
2126,4553,4237,6
2127,4900,5314,6
2128,8070,6983,3
2129,3048,8313,8
2130,2569,9392,5
2131,2216,5919,6
2132,2279,3404,5
2133,5999,4353,1
2134,6277,5550,5
2135,9447,6980,2
2136,5182,8427,0
2137,6141,6269,4
2138,3936,5316,4
2139,3598,7832,2
2140,9094,3267,4
2141,6905,9022,6
2142,3650,1005,4
2143,3925,1004,4
2144,2486,3762,1
2145,2290,7955,1
2146,5244,5433,5
2147,4825,3038,3
2148,5322,9385,1
2149,6485,6148,4
2150,3311,3281,1
2151,6682,2195,9
2152,2770,7116,2
2153,3859,1843,7
2154,6337,2076,6
2155,6681,1716,6
2156,4281,5914,4
2157,3380,3401,1
2158,7727,7583,1
2159,3238,1485,7
2160,4006,5915,5
2161,4429,9986,0
2162,7665,10098,0
2163,5929,3994,1
2164,6546,2914,9
2165,2900,4001,1
2166,6209,5909,4
2167,5599,9864,1
2168,5648,1599,4
2169,3186,8552,7
2170,6836,8902,0
2171,4842,9985,1
2172,6968,6746,2
2173,5938,7827,3
2174,9377,6620,2
2175,2705,8912,1
2176,4142,5196,4
2177,2424,6518,2
2178,8620,6503,4
2179,7647,2672,9
2180,3318,6156,3
2181,9101,6142,2
2182,3800,6275,1
2183,8541,2310,0
2184,4208,3878,3
2185,4427,9028,8
2186,2774,8793,7
2187,9170,6501,2
2188,2015,7956,1
2189,5718,2198,0
2190,7797,7702,4
2191,6149,9623,0
2192,2008,5081,0
2193,4222,9627,1
2194,6562,9622,2
2195,4010,7592,2
2196,8625,8659,5
2197,4273,2560,3
2198,4545,1122,7
2199,6010,8904,0
2200,3584,2083,7
2201,8411,5665,2
2202,7176,7105,2
2203,2211,3763,4
2204,5519,5432,5
2205,4212,5555,0
2206,9098,5184,3
2207,3445,1844,7
2208,9092,2549,0
2209,7319,9500,4
2210,2357,7356,2
2211,3867,5196,5
2212,7785,3151,9
2213,7040,8063,7
2214,2284,5560,0
2215,5382,5432,5
2216,4205,2920,1
2217,7514,4589,7
2218,7869,9020,5
2219,8752,4346,4
2220,2281,4362,3
2221,2767,5918,4
2222,8960,4945,3
2223,8614,4107,0
2224,8407,3988,6
2225,4007,6394,1
2226,7866,8061,5
2227,3739,9509,8
2228,7442,3511,6
2229,7439,2074,8
2230,7511,3631,1
2231,4560,7351,3
2232,8891,4825,3
2233,3929,2441,2
2234,3932,3639,3
2235,7367,996,6
2236,3045,6875,3
2237,5662,7348,2
2238,2639,9751,0
2239,4146,6873,2
2240,4069,3399,1
2241,6756,4231,3
2242,4017,10227,6
2243,6426,10101,2
2244,2427,7476,3
2245,6423,9143,8
2246,4417,5195,4
2247,3393,8432,1
2248,5521,5911,0
2249,2490,5200,5
2250,7919,1234,6
2251,4073,5316,4
2252,4959,1361,8
2253,5383,5911,0
2254,5047,9386,3
2255,3375,1245,1
2256,4152,9508,1
2257,9237,5663,1
2258,6974,9142,6
2259,4206,3399,1
2260,7582,4469,7
2261,9162,3147,4
2262,3382,3880,0
2263,4754,1960,1
2264,2708,10110,5
2265,7861,5905,7
2266,8073,8181,5
2267,6488,7586,2
2268,8609,1951,0
2269,5668,9744,3
2270,4756,2919,2
2271,2347,3044,5
2272,8209,7462,4
2273,6967,6267,0
2274,7111,8902,6
2275,5518,4713,6
2276,6356,9982,5
2277,8686,5424,1
2278,3598,8072,6
2279,5041,6751,2
2280,6218,9742,8
2281,9094,3507,0
2282,8685,4945,4
2283,8824,5424,1
2284,5656,5192,5
2285,6406,2196,6
2286,6621,5429,0
2287,8205,5785,2
2288,7858,4468,1
2289,5796,5910,4
2290,8896,6741,2
2291,4339,1243,7
2292,5460,9145,8
2293,7040,7824,1
2294,7230,1236,6
2295,6138,5071,0
2296,4557,6153,4
2297,7303,3032,9
2298,7788,4349,7
2299,7453,7823,3
2300,4284,7112,2
2301,3597,7593,2
2302,6692,6507,0
2303,3185,8073,2
2304,3936,5556,0
2305,6699,9382,6
2306,4619,3158,1
2307,6081,9982,5
2308,9510,4704,8
2309,4836,7590,2
2310,2895,1845,1
2311,4411,2560,1
2312,6975,9621,6
2313,7786,3390,6
2314,4696,6632,0
2315,8341,5066,1
2316,3720,1364,1
2317,4219,8669,0
2318,5789,3036,6
2319,5593,7468,8
2320,6563,9861,2
2321,4143,5675,0
2322,7859,5187,7
2323,5509,1360,4
2324,2213,4721,4
2325,2899,3761,1
2326,7384,7943,3
2327,2212,4242,2
2328,6826,5070,8
2329,4551,3518,1
2330,8487,8419,0
2331,2687,1247,4
2332,2285,5799,6
2333,6072,6149,4
2334,7795,6984,2
2335,8481,6024,0
2336,7934,7702,4
2337,8078,10097,5
2338,8266,2790,5
2339,2981,8912,7
2340,4353,7232,3
2341,7108,7464,8
2342,5795,5671,2
2343,3861,3040,7
2344,7382,7224,2
2345,6695,7465,3
2346,2967,3402,2
2347,3734,7353,2
2348,5320,8427,6
2349,7715,2552,9
2350,4635,9866,2
2351,5116,9266,3
2352,8825,6143,2
2353,9032,6022,2
2354,3529,7713,2
2355,9226,1111,5
2356,2212,4003,4
2357,8136,5905,1
2358,7098,3632,0
2359,5309,3875,0
2360,4071,4118,0
2361,5310,4115,0
2362,5045,8667,2
2363,2910,8074,3
2364,5727,5791,0
2365,6347,5909,0
2366,4498,9866,2
2367,5181,7709,2
2368,6487,7107,2
2369,5655,4713,6
2370,8610,2670,6
2371,3452,4718,1
2372,5731,7468,2
2373,3602,9749,1
2374,9367,2308,6
2375,3939,6514,3
2376,7574,1115,6
2377,7860,5666,1
2378,7104,6027,0
2379,9030,5304,3
2380,7446,5188,7
2381,9090,1830,0
2382,7871,9978,5
2383,6618,4471,0
2384,2362,9273,0
2385,3794,3640,3
2386,9369,3267,4
2387,7996,4707,8
2388,9315,9376,5
2389,6770,10220,0
2390,7859,4947,1
2391,3121,10109,0
2392,8348,8180,5
2393,6356,9742,2
2394,4291,9987,1
2395,7511,3391,9
2396,4559,6872,1
2397,2772,8074,3
2398,2349,4002,1
2399,4292,10226,2
2400,8899,8179,5
2401,7026,2314,9
2402,7044,9740,6
2403,5441,1719,4
2404,6964,4830,0
2405,8964,6621,2
2406,5668,9983,6
2407,5936,7108,2
2408,8818,3028,0
2409,3391,7953,2
2410,8264,1832,5
2411,9383,9016,0
2412,9299,2668,0
2413,4496,9148,2
2414,3944,8670,6
2415,7044,9501,6
2416,4139,3758,3
2417,9439,3626,2
2418,1875,6998,3
2419,5934,6150,4
2420,8416,7821,8
2421,6079,9024,1
2422,6337,1837,6
2423,9306,5782,1
2424,6688,4830,4
2425,9175,8418,5
2426,4963,3277,0
2427,4410,2081,8
2428,4891,1720,7
2429,8267,3030,6
2430,6964,5069,0
2431,3466,10228,0
2432,3738,8790,6
2433,2495,7116,3
2434,7792,6025,7
2435,4418,5435,0
2436,2629,5679,0
2437,7584,5187,7
2438,7300,1834,1
2439,6493,9502,2
2440,3587,3281,7
2441,6891,3273,9
2442,7109,8183,1
2443,7032,4710,1
2444,4970,5912,6
2445,5528,9025,8
2446,6072,6389,4
2447,6137,4592,3
2448,4486,5075,0
2449,8415,7102,3
2450,8197,2671,5
2451,3522,5078,5
2452,7028,3033,9
2453,4822,1601,7
2454,5324,9864,0
2455,4340,1482,7
2456,6424,9383,2
2457,9298,2428,6
2458,9511,5183,0
2459,2904,5438,5
2460,3530,8431,1
2461,9314,9136,6
2462,6767,8783,0
2463,4424,8070,8
2464,5736,9624,2
2465,9105,8058,5
2466,7311,6146,4
2467,3099,1006,4
2468,5039,6032,0
2469,7246,7943,1
2470,5385,6630,3
2471,2622,3043,4
2472,6216,9024,6
2473,4485,4836,6
2474,6068,4712,6
2475,4890,1241,7
2476,6973,8663,0
2477,3590,4718,1
2478,8130,3270,6
2479,9091,2309,0
2480,4357,8669,0
2481,4141,4956,4
2482,3736,8072,0
2483,7720,4708,1
2484,3931,3400,1
2485,6273,4113,1
2486,6762,6866,3
2487,8127,2072,6
2488,7389,10099,0
2489,3309,2323,7
2490,4773,10105,1
2491,6976,10100,4
2492,5595,8187,3
2493,3719,1124,4
2494,3868,5676,5
2495,3531,8671,7
2496,6560,8664,8
2497,7317,8542,4
2498,8681,3268,5
2499,4974,7829,3
2500,5449,4833,5
2501,5724,4833,5
2502,7249,9141,0
2503,4831,5434,6
2504,4204,2201,3
2505,6482,4951,0
2506,2915,9990,5
2507,4283,6633,3
2508,7517,6026,4
2509,4634,9387,3
2510,5457,7948,2
2511,1810,8795,0
2512,6768,9262,0
2513,5117,9745,8
2514,4901,6032,5
2515,2422,5559,6
2516,7102,5308,1
2517,9367,2548,6
2518,5310,4355,4
2519,4421,6872,8
2520,3869,6155,1
2521,3241,2683,8
2522,5034,3876,0
2523,4765,6751,1
2524,7097,2913,9
2525,6903,8303,3
2526,3118,8911,7
2527,1737,6998,3
2528,4837,7829,2
2529,7443,3990,8
2530,6069,4952,0
2531,4829,4715,3
2532,2758,2085,4
2533,4005,5436,4
2534,3245,4360,3
2535,4555,5195,0
2536,8332,1233,5
2537,5114,8787,0
2538,2280,3643,0
2539,2087,9513,5
2540,8682,3987,0
2541,9107,8538,5
2542,5178,6511,2
2543,6061,1837,8
2544,5995,2916,0
2545,4767,7470,3
2546,2623,3283,0
2547,8688,6143,1
2548,9176,8897,5
2549,6889,2314,9
2550,3185,7833,3
2551,4342,2440,1
2552,5038,5793,6
2553,2560,5559,5
2554,8546,4466,3
2555,6212,7347,3
2556,4973,7350,0
2557,5048,9865,1
2558,6276,5071,6
2559,9167,5064,8
2560,4967,4954,5
2561,8553,7341,4
2562,3927,1723,7
2563,5591,6749,2
2564,3052,9750,8
2565,7993,3749,1
2566,7101,4829,8
2567,3791,2442,2
2568,4905,7709,2
2569,2632,6876,8
2570,8280,8540,6
2571,3665,7233,2
2572,6825,4590,4
2573,5803,8785,2
2574,4615,1721,7
2575,3515,1963,7
2576,3870,6634,3
2577,3792,2921,1
2578,6758,5429,0
2579,3997,2082,1
2580,8472,2430,8
2581,4564,9028,3
2582,4481,2919,8
2583,2763,4241,1
2584,4488,6033,0
2585,8540,1831,0
2586,7177,7584,1
2587,3534,10108,0
2588,5804,9264,6
2589,4772,9387,3
2590,7506,1474,2
2591,3594,6395,4
2592,4360,10106,0
2593,7312,6625,0
2594,3796,4358,6
2595,2901,4241,2
2596,7505,1235,6
2597,4154,10227,6
2598,1803,5681,5
2599,8549,5664,2
2600,4820,1122,8
2601,2214,4961,4
2602,4012,8550,0
2603,9302,4105,1
2604,6342,3993,3
2605,8344,6503,3
2606,7583,4948,7
2607,9023,2429,0
2608,4204,2441,3
2609,8555,8299,5
2610,5049,10105,1
2611,2501,9751,0
2612,4495,8908,8
2613,4066,2202,2
2614,5653,3755,1
2615,5993,2197,0
2616,6966,5788,0
2617,3795,4119,0
2618,8409,4706,4
2619,4353,6992,2
2620,5726,5312,0
2621,7034,5428,3
2622,5239,3516,4
2623,6279,6508,2
2624,8678,2310,0
2625,6003,6269,4
2626,5103,4235,0
2627,7183,9980,0
2628,3247,5318,5
2629,8339,4108,6
2630,4548,2320,2
2631,3997,2321,3
2632,6895,4950,8
2633,3586,3041,7
2634,2418,3882,1
2635,5098,1840,1
2636,5940,8545,4
2637,3998,2561,3
2638,3458,7114,2
2639,6143,6988,2
2640,4753,1721,7
2641,6071,5670,0
2642,6817,1237,0
2643,3875,8790,6
2644,7445,4709,1
2645,6753,3033,9
2646,6900,6866,2
2647,6628,8544,2
2648,9108,9256,5
2649,4013,8790,6
2650,2914,9750,0
2651,5308,3396,4
2652,7644,1474,2
2653,2688,1726,0
2654,8003,7582,8
2655,6287,9622,2
2656,3656,3400,1
2657,7661,8661,5
2658,2841,7954,3
2659,5440,1000,1
2660,2638,9512,0
2661,5027,1001,1
2662,5866,6509,0
2663,2839,7235,2
2664,3308,1844,7
2665,7654,5547,1
2666,3105,3402,2
2667,8815,1831,0
2668,3939,6753,3
2669,2757,1845,4
2670,3310,2563,3
2671,8419,8779,5
2672,6621,5669,6
2673,4409,1602,7
2674,5511,2078,2
2675,7988,1354,6
2676,3450,3760,0
2677,3521,4598,0
2678,6200,2077,6
2679,2213,4482,6
2680,5517,4474,0
2681,8074,8660,5
2682,5585,4114,0
2683,5932,5431,0
2684,2489,4721,6
2685,4977,8787,1
2686,9451,8657,0
2687,4359,9388,0
2688,8619,6023,8
2689,6344,4951,0
2690,6971,7944,8
2691,7383,7464,2
2692,4897,4356,6
2693,6217,9263,2
2694,6701,10101,0
2695,2416,3164,0
2696,7589,7343,2
2697,1738,7477,4
2698,1742,8915,4
2699,6957,2194,1
2700,8471,1951,6
2701,2500,9272,5
2702,4286,7831,2
2703,6484,5669,6
2704,9230,2548,6
2705,3797,4837,5
2706,6615,3034,9
2707,5801,8066,3
2708,5591,6510,8
2709,7855,3270,6
2710,4410,2320,1
2711,6555,6508,0
2712,2215,5440,5
2713,7662,8900,0
2714,4773,9866,2
2715,4212,5795,4
2716,8556,8778,2
2717,7519,6984,2
2718,5870,8186,2
2719,5529,9505,1
2720,8958,3986,4
2721,6822,3393,1
2722,6266,998,1
2723,7320,9740,4
2724,4352,6513,0
2725,4015,9748,7
2726,9179,9855,5
2727,6682,2435,7
2728,9306,5543,2
2729,9032,6262,2
2730,7374,3870,0
2731,3860,2322,8
2732,8477,4586,4
2733,8406,3509,6
2734,8681,3508,6
2735,1806,6878,3
2736,6422,8664,2
2737,7585,5667,1
2738,9166,4824,1
2739,6491,8783,0
2740,4765,6512,0
2741,3040,4959,2
2742,6622,5908,0
2743,7302,2553,9
2744,5180,7230,3
2745,3187,8792,7
2746,8000,6624,3
2747,5246,6391,2
2748,7110,8423,4
2749,7921,2432,9
2750,4077,6753,2
2751,5582,2677,3
2752,5046,8907,8
2753,6202,3035,9
2754,3662,6035,7
2755,7172,5668,0
2756,4351,6273,0
2757,7715,2312,9
2758,7456,9260,4
2759,4283,6393,0
2760,8204,5306,7
2761,3583,1604,7
2762,4476,1003,7
2763,4065,1722,7
2764,5170,3397,4
2765,7035,5907,0
2766,5875,10103,5
2767,4899,5074,5
2768,6908,10220,4
2769,9308,6501,2
2770,6890,2794,9
2771,3319,6396,8
2772,5731,7707,2
2773,3999,3040,7
2774,3941,7472,5
2775,2701,6996,2
2776,2018,9154,5
2777,6060,1119,1
2778,2698,5798,5
2779,7663,9380,2
2780,4566,9507,3
2781,4003,4477,6
2782,4148,7831,2
2783,7645,1953,4
2784,6761,6387,0
2785,8546,4706,4
2786,3524,6036,1
2787,6686,4112,0
2788,6558,7945,1
2789,4133,1602,7
2790,4220,9148,3
2791,8057,1473,6
2792,6557,7466,2
2793,9366,2069,0
2794,7033,4949,0
2795,3581,1125,4
2796,6484,5909,0
2797,7037,6866,2
2798,6351,7586,3
2799,8963,6142,3
2800,6215,8305,3
2801,9305,5303,8
2802,2144,4602,0
2803,3592,5437,5
2804,5935,6629,3
2805,3582,1364,1
2806,3995,1363,7
2807,4833,6152,0
2808,6474,1836,3
2809,6492,9023,8
2810,8890,4585,0
2811,2289,7476,2
2812,8691,7341,1
2813,9233,3746,1
2814,5178,6750,2
2815,8420,9497,5
2816,5304,1719,0
2817,7162,1356,2
2818,2555,3643,8
2819,7093,1475,1
2820,3659,4838,1
2821,5460,9385,1
2822,8547,4946,4
2823,3100,1485,1
2824,4963,3038,0
2825,4221,9388,0
2826,3188,9271,1
2827,4969,5433,5
2828,8828,7340,3
2829,9176,8657,5
2830,8894,6262,2
2831,8753,4825,4
2832,7451,7104,2
2833,3788,1004,4
2834,4825,2799,2
2835,5530,9984,6
2836,4075,6034,5
2837,6694,7226,2
2838,4621,3877,0
2839,2363,9752,5
2840,7923,2911,9
2841,7377,4829,1
2842,4762,5314,6
2843,5662,7588,2
2844,5667,9504,1
2845,4549,2799,2
2846,9436,2428,5
2847,5729,6749,2
2848,8831,8299,5
2849,3179,5677,5
2850,4690,3997,0
2851,7731,9260,5
2852,6277,5790,0
2853,5311,4594,0
2854,4201,1003,7
2855,6829,6028,0
2856,3516,2442,1
2857,5799,7108,2
2858,7592,8541,6
2859,5386,7349,8
2860,3945,8909,0
2861,3803,7472,3
2862,9444,5782,1
2863,4479,2201,1
2864,4701,8548,3
2865,7375,4350,1
2866,6403,998,8
2867,4772,9626,1
2868,3312,3760,0
2869,8403,2311,6
2870,6425,9862,8
2871,4015,9508,7
2872,3725,3520,3
2873,2419,4362,2
2874,3875,8550,8
2875,5461,9864,3
2876,6139,5550,0
2877,3046,7594,2
2878,4685,2080,1
2879,8272,4946,4
2880,8624,8179,5
2881,3314,4240,0
2882,3657,3879,6
2883,8684,4466,4
2884,4695,6153,0
2885,3174,3282,1
2886,3789,1484,7
2887,2628,5199,4
2888,9161,2668,0
2889,3049,8792,7
2890,4068,2920,7
2891,6204,3993,1
2892,4699,7830,3
2893,6146,8425,1
2894,8000,6384,1
2895,7866,7822,4
2896,2558,5080,5
2897,7988,1593,0
2898,4076,6514,8
2899,3528,7473,3
2900,2983,9630,1
2901,7865,7343,8
2902,7579,3031,9
2903,5721,3395,0
2904,6630,9262,6
2905,3940,6993,2
2906,7031,4231,3
2907,4550,3039,2
2908,8744,992,5
2909,7719,3989,7
2910,2983,9870,0
2911,8349,8420,6
2912,3515,2203,7
2913,8756,6023,8
2914,8542,3029,6
2915,6886,1117,4
2916,4694,5913,5
2917,4958,1121,7
2918,7800,9140,5
2919,3177,4719,1
2920,4407,1123,7
2921,6424,9622,2
2922,9371,3985,8
2923,7594,9499,4
2924,7178,8063,1
2925,5451,5792,6
2926,2286,6278,6
2927,5107,5673,5
2928,5526,8067,3
2929,7039,7584,1
2930,4834,6871,2
2931,5787,2317,4
2932,3807,9149,2
2933,7731,9020,5
2934,7996,4947,7
2935,5798,6629,3
2936,3663,6275,0
2937,5250,8068,2
2938,6074,7108,2
2939,5594,7947,2
2940,5169,2918,3
2941,4769,8189,2
2942,3325,8791,7
2943,2832,4361,2
2944,3320,6875,1
2945,4967,4715,8
2946,5040,6511,1
2947,5866,6270,4
2948,4004,5196,4
2949,3729,5197,5
2950,4832,5913,6
2951,5314,5792,6
2952,3666,7712,3
2953,5387,7588,5
2954,8479,5066,4
2955,4566,9746,1
2956,9106,8298,5
2957,2226,9752,5
2958,2981,9151,1
2959,6355,9263,2
2960,9244,8537,5
2961,7029,3512,1
2962,7388,9620,4
2963,4219,8430,0
2964,3587,3520,1
2965,6905,9262,0
2966,3524,5796,5
2967,7181,9500,6
2968,4561,7830,2
2969,3806,8670,6
2970,2421,5320,5
2971,7250,9620,4
2972,6891,3512,1
2973,8968,8059,5
2974,4493,7950,2
2975,4355,7711,2
2976,1740,8196,7
2977,8337,3628,6
2978,4843,10225,1
2979,3041,5198,8
2980,7309,5428,1
2981,7927,4588,8
2982,2631,6637,3
2983,6749,1596,6
2984,6894,4710,4
2985,2008,5321,6
2986,8211,8420,3
2987,6544,2196,9
2988,6353,8544,1
2989,7514,4828,8
2990,8480,5545,1
2991,2294,9393,0
2992,3112,6276,0
2993,4962,2559,1
2994,5805,9743,6
2995,7934,7462,1
2996,5104,4475,0
2997,4972,6871,2
2998,6269,2196,5
2999,8004,8061,5
3000,4014,9269,3
3001,2696,4840,3
3002,3106,3641,1
3003,7733,9739,4
3004,8075,8899,5
3005,7449,6146,4
3006,7170,4949,4
3007,8826,6382,2
3008,6625,7346,2
3009,6002,5551,0
3010,5242,4474,0
3011,4835,7111,3
3012,4631,8189,2
3013,9297,1949,0
3014,5317,6990,3
3015,2010,6039,0
3016,7300,1595,1
3017,9247,9735,5
3018,6150,10102,5
3019,7167,3751,0
3020,2083,7596,3
3021,2223,8794,4
3022,8143,8779,5
3023,7928,5306,1
3024,5033,3637,0
3025,2901,4480,2
3026,8203,4827,4
3027,6765,8304,3
3028,3590,4478,0
3029,7241,5787,4
3030,5457,8187,3
3031,5932,5191,5
3032,5598,9624,1
3033,2761,3522,1
3034,4287,8310,0
3035,6357,10221,5
3036,4633,8908,1
3037,4969,5673,5
3038,3050,9271,1
3039,7932,6744,3
3040,3662,5796,5
3041,3809,9628,7
3042,8406,3748,6
3043,9309,6980,2
3044,4133,1363,7
3045,4898,4835,5
3046,7024,1356,6
3047,2623,3523,0
3048,6958,2434,9
3049,5237,2558,1
3050,4344,3399,1
3051,4000,3519,1
3052,5454,6989,2
3053,3793,3160,7
3054,6008,8186,2
3055,2554,3403,0
3056,4495,8669,4
3057,8343,5785,2
3058,1805,6639,5
3059,2697,5319,4
3060,2156,9632,5
3061,3599,8551,1
3062,3254,8192,3
3063,3877,9509,7
3064,8066,5306,1
3065,8680,3029,6
3066,5580,1958,6
3067,5716,1479,4
3068,7852,2073,4
3069,8200,3868,6
3070,8129,3030,6
3071,1876,7477,0
3072,6764,7585,2
3073,4894,3158,1
3074,2497,8314,4
3075,7114,10100,4
3076,4975,8068,3
3077,5391,9265,3
3078,5031,2678,2
3079,7374,3631,6
3080,4689,3757,0
3081,2970,4600,2
3082,5452,6031,0
3083,2145,5081,0
3084,2763,4480,2
3085,6956,1715,2
3086,9027,4106,4
3087,7522,7943,3
3088,3720,1603,7
3089,5516,3995,6
3090,3514,1724,7
3091,5034,4116,6
3092,2755,1127,4
3093,3383,4599,1
3094,5175,5313,5
3095,5311,4834,5
3096,5313,5313,5
3097,8549,5904,3
3098,4358,8908,3
3099,1809,8316,1
3100,7648,3391,6
3101,6963,4590,4
3102,4424,7830,2
3103,7929,5546,4
3104,2496,7835,3
3105,6413,5071,6
3106,5247,6870,3
3107,7245,7464,2
3108,5235,1600,1
3109,3526,6754,1
3110,5725,5072,5
3111,9374,5183,1
3112,9108,9017,5
3113,5307,3157,0
3114,6683,2914,9
3115,4483,3877,3
3116,5447,3875,6
3117,5793,4713,6
3118,1668,6879,5
3119,2982,9391,1
3120,6699,9142,6
3121,6146,8185,3
3122,3321,7354,2
3123,3722,2322,1
3124,4355,7950,2
3125,2424,6278,8
3126,4827,3996,0
3127,5177,6032,0
3128,3458,6874,1
3129,2904,5678,5
3130,8413,6623,2
3131,5527,8546,6
3132,7867,8301,3
3133,4697,7111,3
3134,4699,7590,2
3135,6761,6627,3
3136,4623,4835,5
3137,2694,4361,3
3138,5384,6391,8
3139,7651,4588,7
3140,3252,7234,2
3141,4692,4955,5
3142,4414,3758,3
3143,5588,5552,5
3144,7853,2552,9
3145,3651,1484,7
3146,4338,1003,7
3147,7716,2792,9
3148,8615,4586,1
3149,6769,9741,6
3150,6280,6748,2
3151,7320,9979,0
3152,6344,4711,0
3153,4150,8310,1
3154,8556,8539,5
3155,6838,9861,0
3156,2417,3643,0
3157,7438,1834,8
3158,6274,4352,1
3159,4209,4597,5
3160,3658,4119,6
3161,4627,6512,0
3162,3805,7952,3
3163,6473,1357,1
3164,2968,3642,1
3165,5596,8666,3
3166,3311,3042,1
3167,6132,2436,0
3168,7525,9140,5
3169,7112,9381,6
3170,3322,7833,3
3171,7097,3152,9
3172,8883,1711,0
3173,8135,5186,7
3174,8897,7460,3
3175,7593,9020,4
3176,4075,5795,5
3177,6767,9022,6
3178,4976,8548,3
3179,3796,4598,0
3180,5942,9264,3
3181,4976,8308,3
3182,6757,4710,4
3183,6140,5790,0
3184,9164,3866,1
3185,9310,7220,5
3186,5185,9625,1
3187,5242,4714,5
3188,5664,8306,5
3189,3101,1725,7
3190,6543,1956,6
3191,3741,9988,1
3192,5447,4115,0
3193,9375,5662,1
3194,6473,1118,1
3195,8684,4706,1
3196,4622,4596,0
3197,6067,4233,1
3198,3660,5077,5
3199,3790,1963,1
3200,6479,3753,3
3201,9234,4465,0
3202,6829,6267,6
3203,9165,4345,2
3204,3100,1246,4
3205,9245,8777,6
3206,2565,7955,3
3207,3178,4959,1
3208,7235,3152,9
3209,2627,4960,8
3210,8886,2669,6
3211,9097,4705,8
3212,3808,9389,1
3213,4202,1722,7
3214,5720,3156,6
3215,6548,3633,8
3216,4965,3996,6
3217,3522,4838,5
3218,6420,7706,0
3219,7102,5069,4
3220,8140,7342,3
3221,6899,6626,1
3222,5730,6989,2
3223,8748,2669,6
3224,8064,4348,3
3225,6955,1236,0
3226,7937,8900,5
3227,4973,7110,3
3228,2417,3403,6
3229,8208,7222,0
3230,7444,4469,7
3231,7112,9141,6
3232,6144,7706,0
3233,4494,8429,0
3234,7105,6506,4
3235,4144,5914,4
3236,2769,6637,2
3237,6553,5789,0
3238,3520,4119,0
3239,2695,4600,3
3240,7370,2193,9
3241,6632,10220,0
3242,7508,2433,9
3243,3386,5557,5
3244,8610,2430,0
3245,7863,6864,2
3246,6064,2796,0
3247,6079,9264,1
3248,7659,7703,4
3249,5586,4593,0
3250,4416,4476,8
3251,8138,6384,1
3252,3529,7952,8
3253,4980,9985,1
3254,3396,9629,4
3255,5106,5433,5
3256,3873,7832,2
3257,1463,7718,5
3258,4616,1961,1
3259,6013,10102,2
3260,6486,6627,0
3261,6831,6986,2
3262,8969,8538,5
3263,3448,2802,1
3264,3859,2082,1
3265,8815,2070,4
3266,3870,6394,1
3267,7249,8901,0
3268,5514,3276,0
3269,7664,9859,4
3270,3315,4719,8
3271,7442,3271,9
3272,6354,8784,2
3273,5655,4473,0
3274,8751,3867,0
3275,6836,9142,6
3276,6412,4352,1
3277,4137,3040,7
3278,7306,3990,4
3279,6543,1716,3
3280,3246,4599,1
3281,6757,4950,0
3282,2906,6397,3
3283,6413,4831,0
3284,1673,9035,4
3285,8552,6862,3
3286,2219,6877,2
3287,6611,1357,1
3288,7935,7942,1
3289,8822,4705,0
3290,6214,8065,3
3291,2353,5679,5
3292,4477,1242,7
3293,7379,5787,4
3294,5167,2199,4
3295,2909,7834,3
3296,7508,2193,8
3297,8817,2789,5
3298,7851,1593,1
3299,6618,4232,3
3300,8611,2909,6
3301,5184,9146,3
3302,5168,2438,4
3303,6887,1596,6
3304,3942,7712,3
3305,2625,4241,5
3306,4069,3639,1
3307,7038,7345,2
3308,2905,6157,3
3309,5042,7230,3
3310,5580,2198,0
3311,4492,7471,2
3312,3446,2083,7
3313,7801,9379,2
3314,2075,4243,5
3315,3047,7834,3
3316,7713,1594,8
3317,8623,7700,3
3318,5929,4233,1
3319,3328,9989,0
3320,3388,6515,1
3321,4276,3758,3
3322,5867,6749,2
3323,8133,4467,0
3324,8068,6264,2
3325,4068,3160,7
3326,7182,9740,0
3327,5722,3635,8
3328,7799,8661,5
3329,3654,2682,1
3330,2354,5919,6
3331,7457,9500,4
3332,7313,6865,0
3333,6685,3393,9
3334,7729,8301,6
3335,6832,7465,2
3336,7784,2432,9
3337,9101,6382,2
3338,9034,7220,6
3339,2897,2564,3
3340,4895,3397,0
3341,4288,8789,3
3342,3863,3520,1
3343,7863,6624,3
3344,7108,7704,1
3345,7790,5067,7
3346,9035,7460,5
3347,9442,5063,3
3348,7038,7105,3
3349,8142,8300,5
3350,6760,5908,0
3351,2897,2803,1
3352,8067,5785,1
3353,3799,5796,8
3354,4341,2201,8
3355,2894,1366,4
3356,9159,1710,0
3357,6826,4830,4
3358,4546,1362,7
3359,3734,7113,3
3360,4412,2800,2
3361,7580,3511,6
3362,3313,4000,0
3363,7725,6385,1
3364,8756,5784,3
3365,8137,6144,2
3366,4889,1002,7
3367,7927,4827,1
3368,6208,5670,2
3369,5862,4832,5
3370,9312,8178,4
3371,8688,6383,4
3372,6000,4832,0
3373,5941,8785,0
3374,5790,3515,2
3375,2708,9871,0
3376,8065,5067,1
3377,9172,6980,2
3378,9305,5064,8
3379,1604,8915,4
3380,6750,1836,1
3381,6338,2316,6
3382,7033,5189,0
3383,3807,8910,6
3384,6973,8902,6
3385,9162,2908,4
3386,4771,8907,1
3387,8826,6622,3
3388,8336,2910,5
3389,1945,7597,0
3390,8272,5186,7
3391,5666,9265,3
3392,5597,8905,3
3393,7989,1833,4
3394,3375,1005,4
3395,4554,4955,0
3396,2837,6277,3
3397,7860,5426,1
3398,6004,6509,3
3399,5032,3157,4
3400,7586,5906,4
3401,5648,1838,0
3402,7785,2911,9
3403,3996,1603,7
3404,3938,6035,6
3405,5800,7587,3
3406,7166,3272,4
3407,5319,7948,3
3408,4909,9386,3
3409,3857,1124,4
3410,5247,6630,8
3411,4145,6394,1
3412,7101,4590,2
3413,9033,6741,2
3414,4286,7591,5
3415,2144,4362,5
3416,4840,9267,3
3417,2974,6037,5
3418,8683,4227,4
3419,5035,4355,0
3420,8198,2910,5
3421,7664,9619,4
3422,4760,4356,6
3423,9166,4585,3
3424,8954,2549,0
3425,1874,6758,2
3426,4770,8668,1
3427,4141,4717,0
3428,4352,6752,3
3429,3661,5556,5
3430,3655,2921,1
3431,4705,10225,1
3432,5392,9505,1
3433,7522,8182,6
3434,7594,9260,5
3435,5448,4594,0
3436,7523,8422,4
3437,8473,2670,6
3438,8197,2431,9
3439,5855,1718,2
3440,2836,6037,4
3441,4487,5554,6
3442,2561,6038,5
3443,2423,6038,3
3444,6410,3873,2
3445,2706,9152,6
3446,7517,5787,4
3447,7171,5188,4
3448,5927,3275,0
3449,3945,9149,8
3450,6894,4470,0
3451,2630,6158,1
3452,4905,7470,2
3453,6547,3393,9
3454,6212,7107,2
3455,7919,1473,6
3456,7304,3511,4
3457,6700,9621,6
3458,6485,6388,8
3459,9511,4943,3
3460,3668,8431,2
3461,5663,7827,2
3462,5942,9503,6
3463,8553,7581,4
3464,2691,2924,4
3465,6134,3394,4
3466,6969,7225,2
3467,2217,6398,3
3468,4489,6513,0
3469,3530,8192,0
3470,4078,6993,2
3471,9229,2309,0
3472,8334,2431,5
3473,5931,4712,6
3474,4140,4238,0
3475,6561,9143,6
3476,6135,3634,0
3477,5030,2439,4
3478,6197,1118,7
3479,7780,995,6
3480,5856,2437,4
3481,4282,6154,0
3482,8282,9019,5
3483,2770,7355,2
3484,2483,2325,4
3485,6553,6028,0
3486,7520,7224,2
3487,5097,1600,1
3488,2640,10230,5
3489,7862,6385,3
3490,5525,7828,2
3491,6285,8904,2
3492,6147,8665,0
3493,4138,3519,1
3494,5864,5551,0
3495,3117,8432,1
3496,5871,8426,0
3497,2482,2086,4
3498,8338,3868,6
3499,3730,5676,5
3500,4480,2680,2
3501,5996,3395,4
3502,8682,3747,6
3503,2556,4122,8
3504,6835,8423,1
3505,2619,1846,4
3506,6345,5430,2
3507,4359,9627,1
3508,5992,1718,1
3509,4140,4477,5
3510,4567,10226,1
3511,6693,6986,3
3512,7236,3631,3
3513,5184,8906,8
3514,8622,7461,4
3515,8126,1593,6
3516,5315,6271,1
3517,5520,5672,5
3518,2152,7716,0
3519,6549,4352,3
3520,2081,6878,2
3521,3933,4118,0
3522,4561,7590,2
3523,5110,7110,3
3524,4272,1842,1
3525,8212,8660,2
3526,6972,8183,1
3527,2148,6039,0
3528,9299,2907,0
3529,4826,3278,8
3530,3175,3761,0
3531,8059,2431,9
3532,8757,6502,2
3533,6339,2795,9
3534,6271,3154,9
3535,7450,6625,0
3536,5597,9145,3
3537,6751,2554,9
3538,7181,9261,0
3539,9022,2189,4
3540,8351,9138,5
3541,6011,9623,6
3542,3051,9511,2
3543,2079,5920,0
3544,8207,6743,1
3545,5993,1957,6
3546,5373,1839,0
3547,6419,7227,2
3548,3878,9748,7
3549,8607,1232,5
3550,3317,5437,8
3551,2418,4122,2
3552,4911,9865,1
3553,9165,4106,1
3554,6418,6987,2
3555,5102,3756,0
3556,7577,2313,9
3557,9026,3866,1
3558,3444,1365,1
3559,2284,5320,5
3560,1811,9034,4
3561,7591,8062,0
3562,5313,5552,5
3563,7092,996,0
3564,7802,10098,0
3565,4271,1602,7
3566,9177,9376,5
3567,6906,9501,0
3568,9037,8418,5
3569,7239,5069,4
3570,3591,5197,5
3571,6756,4471,4
3572,8885,2190,4
3573,4754,2200,3
3574,7724,6145,1
3575,8334,2191,5
3576,8819,3508,5
3577,8281,8779,5
3578,5236,2318,4
3579,4841,9746,1
3580,2557,4601,2
3581,3384,5078,1
3582,5943,9983,5
3583,2360,8314,1
3584,4961,2319,4
3585,6341,3514,9
3586,5663,8067,8
3587,7230,996,6
3588,8002,7342,8
3589,2559,5319,4
3590,5165,1241,1
3591,7307,4469,2
3592,5390,8786,0
3593,4701,8788,7
3594,3795,3879,0
3595,2764,4720,5
3596,7242,6266,4
3597,4349,5315,4
3598,5873,9384,3
3599,5523,6869,2
3600,4279,4956,4
3601,9571,1230,5
3602,6961,3871,6
3603,6613,2076,0
3604,5170,3157,0
3605,9240,6860,2
3606,3171,2084,7
3607,2143,4123,5
3608,7858,4708,8
3609,4704,9746,1
3610,8558,9258,5
3611,2831,3881,1
3612,5101,3277,4
3613,9163,3626,1
3614,5030,2199,4
3615,2280,3883,4
3616,3113,6516,2
3617,7920,1713,4
3618,3121,9870,8
3619,8275,6144,3
3620,6614,2555,9
3621,4347,4596,2
3622,3996,1842,7
3623,3048,8073,0
3624,7524,8661,6
3625,6546,3154,9
3626,6129,1478,7
3627,5999,4592,6
3628,6559,8424,3
3629,6064,3035,6
3630,4896,3876,6
3631,8900,8418,5
3632,7925,4109,4
3633,3793,3400,1
3634,8412,5904,2
3635,3247,5078,5
3636,7166,3032,9
3637,2969,3881,1
3638,5320,8187,3
3639,2758,2324,4
3640,7721,4948,3
3641,3858,1603,7
3642,8194,1233,5
3643,9313,8657,6
3644,6693,6747,3
3645,2421,5080,5
3646,6689,5070,1
3647,3456,6156,1
3648,5040,6272,8
3649,9231,3267,4
3650,5991,1239,4
3651,5730,7228,2
3652,4425,8309,3
3653,7234,2913,9
3654,6830,6746,3
3655,7243,6506,4
3656,2759,2564,1
3657,3243,3401,2
3658,3259,10109,0
3659,7871,10217,5
3660,8062,3629,6
3661,2351,4721,0
3662,7791,5546,1
3663,3942,7951,0
3664,7798,8421,6
3665,3109,5079,5
3666,7587,6625,0
3667,9026,3627,2
3668,4959,1600,7
3669,6352,8305,3
3670,8677,1591,5
3671,6415,5550,2
3672,5723,4114,8
3673,3585,2562,0
3674,7313,7105,8
3675,2564,7236,3
3676,2488,4242,2
3677,1874,6519,0
3678,5446,3636,0
3679,5658,5911,0
3680,3727,4239,6
3681,6965,5548,6
3682,4409,1841,1
3683,2694,4121,8
3684,6142,6509,2
3685,5375,2797,3
3686,6483,5190,6
3687,4620,3398,1
3688,6476,2555,1
3689,7241,5548,0
3690,6612,1836,6
3691,5038,5553,5
3692,3189,9510,4
3693,6075,7587,3
3694,4840,9027,2
3695,2826,1725,0
3696,7174,6626,0
3697,7865,7582,1
3698,2423,5799,5
3699,3946,9628,7
3700,6478,3274,9
3701,7856,3749,1
3702,4490,6752,1
3703,4491,6992,2
3704,6610,1117,0
3705,8962,5663,2
3706,4567,9986,0
3707,8128,2551,9
3708,8693,8299,5
3709,7436,1115,6
3710,2149,6518,3
3711,5728,6510,0
3712,4354,7471,2
3713,8885,2429,0
3714,9238,5902,1
3715,7311,6386,4
3716,4689,3518,1
3717,7244,6985,0
3718,2352,5200,5
3719,3034,2324,1
3720,4222,9867,8
3721,6006,7228,2
3722,4345,3878,3
3723,4414,3997,8
3724,5389,8307,3
3725,2621,2325,4
3726,1946,7836,3
3727,4562,8069,2
3728,9375,5902,1
3729,8199,3389,6
3730,8126,1832,6
3731,1742,9154,4
3732,7372,2912,9
3733,2967,3162,3
3734,6276,5310,5
3735,3872,7592,2
3736,9381,8297,6
3737,5666,9025,2
3738,7233,2433,9
3739,3314,4479,1
3740,5531,10223,1
3741,8544,3748,6
3742,7515,5068,7
3743,2913,9271,1
3744,7094,1715,1
3745,3519,3640,6
3746,4493,8189,3
3747,4345,3638,0
3748,5115,9026,3
3749,2294,9632,5
3750,7107,7225,3
3751,6074,6868,2
3752,2489,4960,8
3753,6828,5788,0
3754,8614,4347,4
3755,3655,3161,7
3756,5514,3036,0
3757,8276,6863,2
3758,6129,1238,1
3759,7161,1116,6
3760,4145,6633,3
3761,8893,5783,2
3762,3527,7234,0
3763,6754,3513,2
3764,3725,3759,5
3765,8476,3868,6
3766,8404,2550,5
3767,2761,3283,3
3768,7385,8182,0
3769,4761,4835,5
3770,6551,5070,3
3771,7998,5666,1
3772,8138,6623,1
3773,3525,6275,1
3774,6835,8663,3
3775,6686,3872,0
3776,3665,6994,3
3777,4823,2080,1
3778,8274,5904,2
3779,4144,6154,6
3780,8482,6503,4
3781,7314,7584,8
3782,3938,6274,1
3783,9307,6261,2
3784,9443,5542,2
3785,7576,1834,1
3786,9513,5662,1
3787,9234,4225,3
3788,4553,4476,0
3789,3670,9389,1
3790,7512,3870,8
3791,3664,6754,2
3792,3589,4239,6
3793,6011,9384,6
3794,5246,6151,1
3795,5377,3516,4
3796,3731,5915,1
3797,9170,6262,2
3798,2977,7474,2
3799,3660,5317,5
3800,2567,8434,4
3801,6697,8424,3
3802,7990,2312,5
3803,2775,9272,3
3804,8488,9138,5
3805,4223,10107,1
3806,4423,7351,2
3807,5853,1239,4
3808,2625,4002,8
3809,4147,7112,2
3810,7922,2671,9
3811,7043,9261,0
3812,3307,1365,1
3813,6272,3634,9
3814,5239,3277,4
3815,5243,4954,5
3816,2693,3642,1
3817,6681,1956,0
3818,2976,6995,2
3819,3318,5916,5
3820,8552,7102,1
3821,7246,7704,7
3822,4341,1961,3
3823,4903,6751,1
3824,5443,2198,0
3825,5101,3037,0
3826,7251,9860,0
3827,2760,3043,0
3828,6959,2913,9
3829,9107,8777,5
3830,3863,3759,6
3831,5735,9145,2
3832,6136,4353,1
3833,8828,7101,2
3834,6550,4591,0
3835,9373,4944,2
3836,4628,6752,1
3837,2908,7355,2
3838,3526,6515,1
3839,6893,4231,8
3840,5106,5193,5
3841,5308,3636,0
3842,4154,9987,3
3843,7521,7703,3
3844,2217,6159,0
3845,6421,8185,1
3846,1465,8197,1
3847,5445,3156,0
3848,3251,6995,3
3849,7867,8541,6
3850,5456,7708,2
3851,5386,7109,3
3852,4207,3639,1
3853,5722,3874,1
3854,3397,10109,0
3855,6619,4711,4
3856,4218,7951,3
3857,3392,8192,3
3858,3181,6396,3
3859,4153,9747,7
3860,4822,1840,7
